,education,currentSmoker,cigsPerDay,BPMeds,prevalentStroke,prevalentHyp,diabetes,totChol,sysBP,diaBP,BMI,heartRate,glucose,TenYearCHD,age_in_days
0,4,0,0.0,0.0,No,No,No,195.0,106.0,70.0,26.97,80.0,77.0,No,14235 days
1,2,0,0.0,0.0,No,No,No,250.0,121.0,81.0,28.73,95.0,76.0,No,16790 days
2,1,1,20.0,0.0,No,No,No,245.0,127.5,80.0,25.34,75.0,70.0,No,17520 days
3,3,1,30.0,0.0,No,Yes,No,225.0,150.0,95.0,28.58,65.0,103.0,Yes,22265 days
4,3,1,23.0,0.0,No,No,No,285.0,130.0,84.0,23.1,85.0,85.0,No,16790 days
5,2,0,0.0,0.0,No,Yes,No,228.0,180.0,110.0,30.3,77.0,99.0,No,15695 days
6,1,0,0.0,0.0,No,No,No,205.0,138.0,71.0,33.11,60.0,85.0,Yes,22995 days
7,2,1,20.0,0.0,No,No,No,313.0,100.0,71.0,21.68,79.0,78.0,No,16425 days
8,1,0,0.0,0.0,No,Yes,No,260.0,141.5,89.0,26.36,76.0,79.0,No,18980 days
9,1,1,30.0,0.0,No,Yes,No,225.0,162.0,107.0,23.61,93.0,88.0,No,15695 days
10,1,0,0.0,0.0,No,No,No,254.0,133.0,76.0,22.91,75.0,76.0,No,18250 days
11,2,0,0.0,0.0,No,No,No,247.0,131.0,88.0,27.64,72.0,61.0,No,15695 days
12,1,1,15.0,0.0,No,Yes,No,294.0,142.0,94.0,26.31,98.0,64.0,No,16790 days
13,3,0,0.0,1.0,No,Yes,No,332.0,124.0,88.0,31.31,65.0,84.0,No,14965 days
14,2,1,9.0,0.0,No,No,No,226.0,114.0,64.0,22.35,85.0,81.96365524402907,No,14235 days
15,2,1,20.0,0.0,No,Yes,No,221.0,140.0,90.0,21.35,95.0,70.0,Yes,13870 days
16,3,1,10.0,0.0,No,Yes,No,232.0,138.0,90.0,22.37,64.0,72.0,No,17520 days
17,2,1,20.0,0.0,No,No,No,291.0,112.0,78.0,23.38,80.0,89.0,Yes,16790 days
18,2,1,5.0,0.0,No,No,No,195.0,122.0,84.5,23.24,75.0,78.0,No,13870 days
19,2,0,0.0,0.0,No,No,No,195.0,139.0,88.0,26.88,85.0,65.0,No,14965 days
20,2,1,30.0,0.0,No,No,No,190.0,108.0,70.5,21.59,72.0,85.0,No,15330 days
21,1,0,0.0,0.0,No,No,No,185.0,123.5,77.5,29.89,70.0,81.96365524402907,No,15695 days
22,1,0,0.0,0.0,No,No,No,234.0,148.0,78.0,34.17,70.0,113.0,No,18980 days
23,3,1,20.0,0.0,No,No,No,215.0,132.0,82.0,25.11,71.0,75.0,No,18980 days
24,2,1,30.0,0.0,No,Yes,No,270.0,137.5,90.0,21.96,75.0,83.0,No,16060 days
25,4,1,20.0,0.0,No,No,No,294.0,102.0,68.0,24.18,62.0,66.0,Yes,17155 days
26,1,0,0.0,0.0,No,No,No,260.0,110.0,72.5,26.59,65.0,81.96365524402907,No,21900 days
27,2,1,20.0,0.0,No,Yes,No,225.0,132.0,91.0,26.09,73.0,83.0,No,12775 days
28,3,0,0.0,0.0,No,Yes,No,272.0,182.0,121.0,32.8,85.0,65.0,Yes,22265 days
29,1,0,0.0,0.0,No,No,No,247.0,130.0,88.0,30.36,72.0,74.0,No,21900 days
30,4,1,35.0,0.0,No,No,No,295.0,102.0,68.0,28.15,60.0,63.0,No,13140 days
31,4,1,43.0,0.0,No,No,No,226.0,115.0,85.5,27.57,75.0,75.0,No,15695 days
32,1,0,0.0,0.0,No,Yes,No,209.0,150.0,85.0,20.77,90.0,88.0,Yes,21535 days
33,4,1,5.0,0.0,No,No,No,175.0,134.0,82.5,18.59,72.0,75.0,Yes,22265 days
34,1,1,20.0,0.0,No,Yes,No,214.0,147.0,74.0,24.71,96.0,87.0,No,19710 days
35,2,0,0.0,0.0,No,Yes,No,225.0,124.5,92.5,38.53,95.0,83.0,No,13505 days
36,4,0,0.0,0.0,No,No,No,257.0,153.5,102.0,28.09,72.0,75.0,No,20440 days
37,1,0,0.0,0.0,No,Yes,Yes,178.0,160.0,98.0,40.11,75.0,225.0,No,18980 days
38,1,1,1.0,0.0,No,Yes,No,233.0,153.0,101.0,28.93,60.0,90.0,No,15330 days
39,3,0,0.0,0.0,No,No,No,180.0,111.0,73.0,27.78,71.0,80.0,No,13140 days
40,2,1,10.0,0.0,No,No,No,243.0,116.5,80.0,26.87,68.0,78.0,No,15695 days
41,2,1,1.0,0.0,No,No,No,237.0,122.0,78.0,23.28,75.0,74.0,No,14965 days
42,1,0,0.0,1.0,No,Yes,No,236.69952267303103,148.0,92.0,25.09,70.0,81.96365524402907,Yes,18980 days
43,2,0,0.0,0.0,No,No,No,195.0,132.0,83.5,26.21,75.0,100.0,No,19710 days
44,3,0,0.0,1.0,No,Yes,Yes,311.0,206.0,92.0,21.51,76.0,215.0,Yes,19345 days
45,2,0,0.0,0.0,No,No,No,208.0,96.0,63.0,20.68,65.0,98.0,No,17885 days
46,1,0,0.0,0.0,No,Yes,No,252.0,179.5,114.0,30.47,90.0,87.0,No,23725 days
47,1,1,20.0,0.0,No,No,No,261.0,119.0,77.5,23.59,75.0,74.0,No,16790 days
48,2,1,40.0,0.0,No,No,No,179.0,116.0,69.0,22.15,95.0,75.0,Yes,22995 days
49,3,1,20.0,0.0,No,Yes,No,194.0,139.0,93.0,24.33,80.0,62.0,No,13140 days
50,1,1,3.0,0.0,No,Yes,No,267.0,156.5,92.5,27.1,60.0,79.0,Yes,22995 days
51,4,0,0.0,0.0,No,No,No,216.0,112.0,66.0,23.47,90.0,95.0,No,18615 days
52,2,1,20.0,0.0,No,No,No,237.0,130.0,78.0,19.66,80.0,75.0,No,17155 days
53,1,0,0.0,0.0,No,No,No,240.0,145.0,82.5,28.27,63.0,75.0,No,22630 days
54,2,1,20.0,0.0,No,No,No,209.0,115.0,75.0,22.54,90.0,81.96365524402907,No,14235 days
55,1,1,10.0,0.0,No,No,No,250.0,116.0,71.0,20.35,88.0,94.0,No,16790 days
56,1,1,9.0,0.0,No,No,Yes,266.0,114.0,76.0,17.61,88.0,55.0,No,19710 days
57,1,1,2.0,0.0,No,Yes,No,255.0,143.5,81.0,25.65,75.0,80.0,No,17885 days
58,2,0,0.0,0.0,No,No,No,185.0,115.0,69.0,22.29,65.0,82.0,No,16060 days
59,4,1,20.0,0.0,No,No,No,205.0,158.0,102.0,25.45,75.0,87.0,Yes,14600 days
60,4,1,20.0,0.0,No,No,No,270.0,121.0,79.0,23.58,95.0,93.0,No,20440 days
61,1,0,0.0,0.0,No,Yes,No,254.0,157.0,89.0,24.25,60.0,74.0,No,24455 days
62,1,1,20.0,0.0,No,No,No,220.0,123.5,75.0,19.64,78.0,73.0,No,19345 days
63,1,1,3.0,0.0,No,No,No,235.0,126.5,80.0,24.88,83.0,72.0,No,20805 days
64,1,0,0.0,0.0,No,No,No,220.0,136.0,84.0,26.84,75.0,64.0,Yes,20805 days
65,1,0,0.0,0.0,No,Yes,No,252.0,154.0,87.0,28.6,72.0,45.0,No,22995 days
66,1,0,0.0,0.0,No,Yes,Yes,212.0,190.0,99.0,29.64,100.0,202.0,No,22630 days
67,1,1,20.0,0.0,No,No,No,223.0,107.0,73.0,23.01,65.0,78.0,No,13870 days
68,2,1,20.0,0.0,No,No,No,300.0,112.5,60.0,20.13,76.0,83.0,No,17155 days
69,4,0,0.0,0.0,No,No,No,302.0,110.0,67.5,23.51,63.0,87.0,No,18980 days
70,4,0,0.0,0.0,No,No,No,248.0,164.5,76.0,29.35,70.0,81.96365524402907,No,22995 days
71,3,1,10.0,0.0,No,No,No,175.0,116.0,72.5,28.61,63.0,95.0,No,15330 days
72,4,0,0.0,0.0,No,No,No,200.0,119.0,79.0,33.29,67.0,87.0,No,13505 days
73,1,1,20.0,0.0,No,Yes,No,189.0,150.0,106.0,33.8,85.0,75.0,No,14965 days
74,2,1,10.0,0.0,No,No,No,221.0,110.0,76.0,22.16,64.0,83.0,Yes,16060 days
75,1,0,0.0,0.0,No,Yes,No,258.0,138.5,85.0,34.55,65.0,103.0,Yes,21535 days
76,1,0,0.0,0.0,No,No,No,202.0,155.0,85.0,24.04,83.0,68.0,No,16060 days
77,3,1,20.0,0.0,No,No,No,213.0,115.0,72.5,21.16,80.0,89.0,No,16060 days
78,1,0,0.0,0.0,No,Yes,No,183.0,151.0,101.0,45.8,80.0,63.0,No,16425 days
79,2,1,43.0,0.0,No,Yes,No,274.0,152.0,90.0,30.58,85.0,65.0,No,14965 days
80,1,1,20.0,0.0,No,Yes,No,170.0,179.0,94.0,26.52,90.0,83.0,No,21900 days
81,2,0,0.0,0.0,No,Yes,No,285.0,155.0,110.0,32.51,84.0,70.0,Yes,14235 days
82,2,0,0.0,0.0,No,No,No,210.0,138.0,86.5,22.49,88.0,87.0,No,19345 days
83,1,1,15.0,0.0,No,No,No,170.0,124.0,78.0,26.03,75.0,82.0,No,18980 days
84,1,0,0.0,0.0,No,Yes,No,210.0,182.0,101.0,29.35,70.0,83.0,No,22265 days
85,2,1,15.0,0.0,No,No,No,197.0,113.0,72.5,22.73,70.0,65.0,No,13140 days
86,1,0,0.0,0.0,No,No,No,261.0,138.0,82.0,23.89,65.0,77.0,No,22630 days
87,2,1,1.0,0.0,No,Yes,No,326.0,200.0,104.0,38.46,57.0,78.0,No,22265 days
88,4,1,43.0,0.0,No,No,No,252.0,124.0,86.0,28.56,100.0,70.0,No,14965 days
89,2,0,0.0,0.0,No,No,No,274.0,121.0,61.5,25.42,80.0,76.0,No,14965 days
90,1,1,20.0,0.0,No,No,No,188.0,138.0,89.0,18.23,60.0,75.0,No,19345 days
91,2,1,15.0,0.0,No,No,No,256.0,132.5,80.0,24.8,75.0,97.0,No,14235 days
92,1,0,0.0,0.0,No,No,No,244.0,102.0,71.5,27.38,71.0,77.0,No,18615 days
93,1,0,0.0,0.0,No,Yes,No,311.0,154.0,80.0,28.55,60.0,104.0,No,24090 days
94,4,1,30.0,0.0,No,No,No,243.0,126.0,79.0,28.57,80.0,65.0,Yes,21900 days
95,3,0,0.0,0.0,No,No,No,193.0,123.0,76.5,29.33,60.0,96.0,No,23725 days
96,4,1,20.0,0.0,No,No,Yes,239.0,134.0,80.0,26.64,88.0,126.0,No,22995 days
97,2,0,0.0,0.0,No,No,No,205.0,100.0,60.0,25.80080075811419,60.0,72.0,Yes,14600 days
98,1,0,0.0,0.0,No,Yes,No,296.0,180.0,90.0,23.72,75.0,120.0,No,20440 days
99,1,1,15.0,0.0,No,No,No,269.0,121.0,75.0,22.36,50.0,66.0,No,20440 days
100,2,1,20.0,0.0,No,No,No,220.0,132.5,87.0,27.98,65.0,75.0,No,17155 days
101,3,0,0.0,0.0,No,Yes,No,275.0,141.0,84.0,29.66,75.0,105.0,No,21900 days
102,3,1,9.0,0.0,No,No,No,268.0,110.0,64.0,20.68,63.0,71.0,No,16425 days
103,1,0,0.0,0.0,No,Yes,No,265.0,145.0,77.0,24.23,74.0,64.0,No,17520 days
104,1,1,20.0,0.0,No,No,No,173.0,100.0,63.0,23.25,65.0,99.0,No,15330 days
105,1,0,0.0,0.0,No,No,No,273.0,135.0,82.0,26.76,85.0,56.0,No,22995 days
106,4,0,0.0,0.0,No,No,No,250.0,115.0,79.0,26.93,65.0,79.0,No,15330 days
107,1,1,43.0,0.0,No,Yes,No,290.0,138.0,90.0,27.54,85.0,73.0,Yes,14600 days
108,1,0,0.0,0.0,No,Yes,No,278.0,187.0,88.0,40.52,90.0,84.0,Yes,24090 days
109,1,1,20.0,0.0,No,No,No,197.0,123.0,69.0,29.62,76.0,60.0,No,17885 days
110,1,0,0.0,0.0,No,Yes,No,264.0,139.0,80.0,25.75,75.0,87.0,No,24455 days
111,3,0,0.0,0.0,No,Yes,No,214.0,145.0,92.5,26.09,70.0,81.96365524402907,No,18615 days
112,4,0,0.0,0.0,No,No,No,233.0,138.0,88.5,23.62,86.0,68.0,No,17520 days
113,1,0,0.0,0.0,No,Yes,No,282.0,158.0,105.0,24.37,75.0,71.0,No,23360 days
114,1,0,0.0,0.0,No,Yes,No,265.0,136.0,98.0,42.15,90.0,81.96365524402907,No,14965 days
115,1,0,0.0,0.0,No,Yes,No,257.0,127.0,82.0,32.23,75.0,117.0,Yes,18250 days
116,1,0,0.0,0.0,No,Yes,No,278.0,160.5,96.0,26.4,55.0,75.0,Yes,21900 days
117,2,1,5.0,0.0,No,No,No,185.0,100.0,68.0,18.38,70.0,72.0,No,13505 days
118,4,0,0.0,0.0,No,No,No,210.0,112.0,85.5,21.93,71.0,77.0,No,13140 days
119,3,1,40.0,0.0,No,Yes,No,175.0,157.0,88.0,25.09,88.0,85.0,No,18250 days
120,4,0,0.0,0.0,No,No,No,241.0,105.0,75.0,26.12,68.0,87.0,No,14235 days
121,1,1,3.0,0.0,No,No,No,237.0,112.0,70.0,20.2,75.0,62.0,No,16790 days
122,3,0,0.0,0.0,No,No,No,288.0,109.0,71.0,29.29,80.0,80.0,No,24090 days
123,1,0,0.0,0.0,No,Yes,No,200.0,135.0,97.0,36.81,100.0,97.0,No,16790 days
124,2,0,0.0,0.0,No,Yes,No,183.0,158.0,86.0,24.45,70.0,102.0,No,20075 days
125,2,0,0.0,0.0,No,No,No,223.0,112.5,80.0,29.44,75.0,58.0,No,14965 days
126,2,0,0.0,0.0,No,No,No,244.0,128.0,77.0,25.95,75.0,90.0,No,16060 days
127,4,0,0.0,0.0,No,No,No,235.0,118.0,77.0,25.87,60.0,82.0,No,13870 days
128,1,1,15.0,0.0,No,No,No,210.0,115.0,77.5,25.1,70.0,68.0,No,15695 days
129,2,0,0.0,0.0,No,No,No,213.0,112.0,73.0,24.81,62.0,74.0,No,14965 days
130,1,1,30.0,0.0,No,No,No,244.0,106.0,67.5,21.84,88.0,65.0,No,19345 days
131,4,1,0.0,0.0,No,No,No,222.0,109.5,69.0,25.5,75.0,81.96365524402907,No,15695 days
132,2,1,30.0,0.0,No,No,No,303.0,134.0,89.0,24.07,78.0,75.0,No,21535 days
133,2,1,20.0,0.0,No,No,No,246.0,128.0,64.0,25.54,92.0,92.0,No,20440 days
134,3,1,15.0,0.0,No,No,No,150.0,121.0,84.0,28.69,75.0,88.0,No,18250 days
135,1,1,30.0,0.0,No,No,No,270.0,131.0,81.0,26.4,75.0,83.0,No,16790 days
136,2,0,0.0,0.0,No,No,No,266.0,131.0,81.0,24.03,100.0,94.0,No,15695 days
137,2,0,0.0,0.0,No,No,No,246.0,124.0,70.0,25.63,55.0,78.0,Yes,22265 days
138,3,1,30.0,0.0,No,Yes,No,187.0,154.0,100.0,20.5,66.0,78.0,Yes,14965 days
139,4,1,0.0,0.0,No,No,No,256.0,127.5,81.5,28.21,93.0,85.0,Yes,17885 days
140,1,0,0.0,0.0,No,No,No,286.0,138.0,82.0,24.27,80.0,90.0,Yes,20075 days
141,1,1,40.0,0.0,No,No,No,240.0,100.0,72.5,24.3,70.0,65.0,No,15695 days
142,3,0,0.0,0.0,No,No,No,154.0,117.5,72.5,26.82,80.0,87.0,No,14600 days
143,1,0,0.0,0.0,No,Yes,No,266.0,151.0,95.0,38.39,96.0,109.0,Yes,20805 days
144,1,1,3.0,0.0,No,Yes,No,279.0,136.0,94.0,32.99,50.0,102.0,No,20440 days
145,4,0,0.0,0.0,No,Yes,No,293.0,149.0,100.0,31.61,87.0,76.0,Yes,17520 days
146,1,1,1.0,0.0,No,Yes,No,259.0,141.0,86.0,25.97,70.0,86.0,No,21535 days
147,3,0,0.0,0.0,No,Yes,No,219.0,153.0,98.0,22.02,80.0,92.0,No,17155 days
148,4,0,0.0,0.0,No,No,No,210.0,123.0,81.0,26.49,60.0,75.0,Yes,23360 days
149,1,0,0.0,0.0,No,Yes,No,230.0,180.5,106.5,28.92,72.0,64.0,No,19710 days
150,1,0,0.0,0.0,No,No,No,320.0,130.0,77.0,26.24,70.0,74.0,No,23360 days
151,1,0,0.0,0.0,No,No,No,220.0,142.0,93.0,23.37,80.0,79.0,No,22265 days
152,1,0,0.0,0.0,No,No,No,312.0,136.5,76.0,31.13,71.0,85.0,Yes,22265 days
153,1,0,0.0,0.0,No,Yes,No,214.0,212.0,104.0,25.32,57.0,84.0,Yes,24090 days
154,3,1,3.0,1.0,No,Yes,No,236.69952267303103,125.0,80.0,22.79,98.0,81.96365524402907,No,13870 days
155,1,1,40.0,0.0,No,No,No,209.0,134.0,82.0,28.34,70.0,75.0,No,14235 days
156,2,0,0.0,0.0,No,Yes,No,195.0,153.0,80.5,23.36,60.0,73.0,No,21170 days
157,1,0,0.0,0.0,No,Yes,No,265.0,150.0,77.5,21.83,96.0,107.0,No,17885 days
158,3,0,0.0,1.0,No,Yes,No,254.0,191.0,124.5,28.35,78.0,54.0,No,17885 days
159,3,0,0.0,0.0,No,No,No,165.0,108.0,81.0,24.19,80.0,72.0,No,16790 days
160,3,1,20.0,0.0,No,No,No,159.0,121.5,73.0,20.41,72.0,75.0,No,13140 days
161,4,1,20.0,1.0,No,Yes,No,244.0,139.0,86.0,30.77,60.0,67.0,No,14965 days
162,2,0,0.0,0.0,No,No,No,174.0,118.0,86.5,26.15,110.0,86.0,No,17155 days
163,2,1,1.0,0.0,No,No,No,242.0,102.0,61.0,23.5,70.0,82.0,No,20805 days
164,1,0,0.0,0.0,No,No,No,301.0,117.5,80.0,28.04,60.0,72.0,No,18250 days
165,1,0,0.0,0.0,No,Yes,No,266.0,173.0,89.0,42.0,62.0,75.0,No,22630 days
166,2,0,0.0,0.0,No,No,No,167.0,109.0,78.0,21.19,68.0,71.0,No,14235 days
167,4,1,40.0,0.0,No,No,No,205.0,110.0,78.0,24.43,80.0,75.0,No,13505 days
168,1,1,20.0,0.0,No,No,No,210.0,109.0,77.0,24.12,73.0,79.0,Yes,17520 days
169,2,1,20.0,0.0,No,Yes,No,197.0,144.0,78.0,22.51,72.0,60.0,No,16790 days
170,1,0,0.0,0.0,No,No,No,235.0,129.5,83.0,28.86,65.0,79.0,Yes,18980 days
171,2,0,0.0,0.0,No,No,No,220.0,122.0,80.5,21.66,73.0,77.0,No,13870 days
172,2,1,20.0,0.0,No,No,No,265.0,110.0,74.0,25.26,80.0,88.0,No,18250 days
173,3,1,12.0,0.0,No,No,No,200.0,111.0,64.0,19.24,68.0,60.0,No,14235 days
174,1,1,4.0,0.0,No,No,No,308.0,124.0,76.0,27.23,75.0,68.0,No,20075 days
175,1,1,20.0,0.0,No,Yes,No,245.0,158.0,86.5,26.51,90.0,74.0,No,22630 days
176,3,0,0.0,0.0,No,Yes,No,325.0,182.0,106.0,27.61,80.0,77.0,Yes,21900 days
177,1,1,20.0,0.0,No,No,No,229.0,122.0,83.0,25.45,78.0,61.0,No,22265 days
178,1,1,5.0,0.0,No,No,No,236.0,117.5,71.0,27.27,77.0,74.0,No,14235 days
179,1,1,15.0,0.0,No,No,No,214.0,110.0,67.0,22.54,80.0,75.0,No,15330 days
180,1,0,0.0,0.0,No,No,No,300.0,112.0,60.0,23.67,81.0,75.0,No,13505 days
181,3,1,10.0,0.0,No,No,No,225.0,128.0,82.0,26.79,70.0,85.0,No,15330 days
182,1,1,40.0,0.0,No,No,No,215.0,118.0,76.0,18.99,96.0,97.0,No,13140 days
183,1,1,15.0,0.0,No,No,No,225.0,128.0,77.0,23.95,80.0,78.0,No,19345 days
184,4,0,0.0,0.0,No,No,No,257.0,125.0,67.5,25.95,65.0,69.0,No,24455 days
185,2,0,0.0,0.0,No,Yes,No,216.0,158.0,98.0,24.53,70.0,86.0,No,18980 days
186,4,1,15.0,0.0,No,No,No,224.0,117.0,74.5,16.75,68.0,87.0,No,16425 days
187,1,0,0.0,0.0,No,Yes,No,215.0,138.0,97.0,30.76,68.0,69.0,Yes,20440 days
188,2,1,20.0,0.0,No,No,No,216.0,125.0,86.5,23.25,65.0,57.0,No,15330 days
189,1,0,0.0,0.0,No,No,No,245.0,144.5,83.5,28.96,72.0,65.0,No,20075 days
190,2,1,20.0,0.0,No,Yes,No,253.0,133.0,92.0,28.82,80.0,63.0,Yes,13870 days
191,1,1,30.0,0.0,No,No,No,241.0,109.0,70.0,20.12,62.0,87.0,Yes,20440 days
192,1,0,0.0,0.0,No,No,No,235.0,127.0,81.0,28.63,56.0,90.0,No,22265 days
193,3,1,40.0,0.0,No,No,No,278.0,135.0,84.0,23.79,75.0,79.0,Yes,16425 days
194,3,0,0.0,0.0,No,No,No,464.0,128.0,87.0,22.9,72.0,72.0,Yes,15330 days
195,2,1,9.0,0.0,No,No,No,226.0,106.0,71.0,22.89,85.0,57.0,No,17885 days
196,1,1,10.0,0.0,No,No,No,308.0,117.0,76.0,30.85,65.0,54.0,Yes,17520 days
197,2,1,9.0,0.0,No,No,No,248.0,157.0,82.5,22.91,89.0,83.0,No,20075 days
198,2,1,5.0,0.0,No,No,No,215.0,170.0,86.0,29.06,75.0,98.0,No,21170 days
199,1,0,0.0,0.0,No,No,No,240.0,137.0,84.0,29.51,82.0,88.0,No,21900 days
200,2,0,0.0,0.0,No,No,No,171.0,111.0,68.0,18.76,90.0,83.0,No,13870 days
201,4,1,30.0,0.0,No,No,No,189.0,110.0,67.5,23.59,60.0,63.0,No,19345 days
202,2,1,15.0,0.0,No,No,No,240.0,94.0,66.5,22.93,70.0,88.0,No,18980 days
203,1,1,40.0,0.0,No,No,No,239.0,119.5,70.0,29.79,70.0,81.96365524402907,No,14965 days
204,4,1,20.0,0.0,No,No,No,186.0,135.0,91.0,21.48,66.0,84.0,No,13505 days
205,2,0,0.0,0.0,No,No,No,227.0,144.0,78.0,23.75,62.0,97.0,Yes,15330 days
206,1,0,0.0,0.0,No,Yes,No,273.0,155.0,86.0,27.53,100.0,91.0,No,23360 days
207,1,1,20.0,0.0,No,No,No,212.0,117.5,72.5,27.3,75.0,75.0,No,20440 days
208,2,0,0.0,0.0,No,No,No,249.0,128.0,68.0,25.81,70.0,87.0,Yes,24455 days
209,2,1,30.0,0.0,No,No,No,185.0,125.0,65.0,20.65,96.0,76.0,No,15695 days
210,4,1,18.0,0.0,No,No,No,176.0,124.0,84.0,20.27,77.0,75.0,No,16425 days
211,1,0,0.0,0.0,No,No,No,239.0,143.0,80.0,25.74,48.0,81.96365524402907,No,22265 days
212,1,0,0.0,0.0,No,Yes,No,285.0,166.0,98.0,26.04,95.0,132.0,No,24090 days
213,4,0,0.0,0.0,No,No,No,163.0,107.0,71.0,23.88,73.0,80.0,No,12410 days
214,3,0,0.0,0.0,No,No,No,254.0,126.5,93.0,26.79,75.0,65.0,No,18980 days
215,1,1,43.0,0.0,No,Yes,No,191.0,139.5,75.0,22.3,77.0,81.96365524402907,No,16425 days
216,3,0,0.0,0.0,No,No,No,263.0,115.0,82.5,25.91,105.0,81.96365524402907,No,15695 days
217,1,1,30.0,0.0,No,No,No,237.0,114.0,85.5,28.57,88.0,92.0,No,17885 days
218,2,0,0.0,0.0,No,No,No,175.0,123.0,72.0,22.37,77.0,74.0,No,20805 days
219,2,0,0.0,0.0,No,No,No,196.0,96.0,70.0,22.72,60.0,68.0,No,17520 days
220,2,1,20.0,0.0,No,No,No,150.0,117.5,77.5,23.71,50.0,74.0,No,13140 days
221,2,1,9.0,0.0,No,No,No,180.0,124.0,66.0,29.29,85.0,68.0,No,13870 days
222,1,0,0.0,0.0,No,No,No,242.0,130.0,70.0,29.17,65.0,84.0,No,21900 days
223,2,0,0.0,0.0,No,No,No,173.0,106.0,82.0,23.05,85.0,83.0,No,14600 days
224,1,0,0.0,0.0,No,No,No,257.0,160.0,85.0,21.95,100.0,84.0,No,15695 days
225,2,0,0.0,0.0,No,No,No,193.0,142.0,89.0,29.56,70.0,78.0,No,19345 days
226,1,1,43.0,0.0,No,No,No,243.0,135.0,92.0,31.3,90.0,65.0,Yes,19710 days
227,3,0,0.0,0.0,No,Yes,No,239.0,177.5,98.0,29.44,82.0,105.0,Yes,20440 days
228,1,0,0.0,0.0,No,No,No,273.0,131.0,93.0,27.61,80.0,94.0,No,18250 days
229,4,0,0.0,0.0,No,Yes,No,220.0,136.5,99.5,27.78,80.0,70.0,No,16790 days
230,1,0,0.0,0.0,No,Yes,No,303.0,128.0,91.0,27.35,60.0,77.0,Yes,19345 days
231,2,0,0.0,0.0,No,No,No,310.0,129.0,70.0,23.29,80.0,70.0,No,21535 days
232,2,0,0.0,0.0,No,No,No,232.0,112.5,79.0,28.62,85.0,100.0,No,17520 days
233,1,0,0.0,0.0,No,No,No,164.0,159.0,90.0,26.73,80.0,63.0,No,17520 days
234,1,1,20.0,0.0,No,No,No,245.0,128.0,74.0,24.85,72.0,75.0,Yes,19710 days
235,1,1,3.0,0.0,No,No,No,135.0,108.0,74.0,22.53,73.0,75.0,No,13140 days
236,4,1,20.0,0.0,No,Yes,No,265.0,155.0,85.0,27.06,88.0,75.0,No,21535 days
237,1,0,0.0,0.0,No,No,No,291.0,124.0,85.0,26.89,75.0,80.0,No,20075 days
238,3,1,1.0,0.0,No,No,No,273.0,122.0,84.0,27.15,75.0,97.0,Yes,20075 days
239,3,1,43.0,0.0,No,No,No,238.0,129.0,88.0,26.32,95.0,60.0,No,14600 days
240,4,0,0.0,0.0,No,No,No,207.0,139.0,88.0,24.04,80.0,73.0,No,23725 days
241,1,1,15.0,0.0,No,Yes,No,219.0,148.0,90.0,29.35,77.0,97.0,Yes,23725 days
242,3,0,0.0,0.0,No,No,No,246.0,134.0,81.0,21.99,85.0,76.0,No,16425 days
243,2,1,20.0,0.0,No,No,No,197.0,124.0,76.0,18.06,90.0,69.0,No,14600 days
244,4,1,30.0,0.0,No,No,No,260.0,130.5,82.0,20.12,65.0,72.0,No,22995 days
245,1,1,30.0,0.0,No,Yes,No,253.0,147.0,85.0,30.62,100.0,75.0,No,16790 days
246,3,0,0.0,0.0,No,Yes,No,189.0,133.0,83.0,22.82,87.0,81.96365524402907,Yes,22265 days
247,2,1,20.0,0.0,No,No,Yes,236.69952267303103,114.0,65.0,21.19,61.0,81.96365524402907,Yes,14600 days
248,2,1,5.0,0.0,No,No,No,342.0,107.5,73.0,21.97,54.0,74.0,No,20075 days
249,1,1,20.0,0.0,No,No,Yes,180.0,200.0,122.5,44.27,88.0,150.0,No,21900 days
250,1,1,20.0,0.0,No,No,No,268.0,117.0,83.0,33.61,72.0,81.96365524402907,No,13870 days
251,3,0,0.0,0.0,No,Yes,No,287.0,144.0,84.0,21.81,69.0,68.0,No,21170 days
252,1,0,0.0,0.0,No,No,No,182.0,109.0,70.0,20.59,72.0,66.0,No,14235 days
253,1,0,0.0,0.0,No,No,No,224.0,124.0,74.0,21.9,55.0,75.0,No,22265 days
254,4,1,15.0,0.0,No,No,No,238.0,125.0,80.0,19.36,60.0,66.0,No,18615 days
255,1,0,0.0,1.0,Yes,Yes,No,252.0,189.0,110.0,28.77,54.0,70.0,No,21900 days
256,4,0,0.0,0.0,No,Yes,No,212.0,168.0,98.0,29.77,72.0,75.0,No,13140 days
257,1,1,30.0,0.0,No,No,No,300.0,139.0,90.0,30.96,73.0,107.0,No,14235 days
258,1,0,0.0,0.0,No,No,No,165.0,108.0,72.5,24.85,82.0,87.0,No,15330 days
259,1,0,0.0,0.0,No,Yes,No,352.0,197.5,105.0,36.29,75.0,95.0,Yes,21900 days
260,3,0,0.0,0.0,No,Yes,Yes,240.0,146.0,89.0,24.59,64.0,73.0,No,18980 days
261,1,1,20.0,0.0,No,No,No,284.0,137.0,91.0,27.33,73.0,61.0,No,17155 days
262,1,0,0.0,0.0,No,No,No,219.0,150.0,81.0,25.43,69.0,93.0,No,16790 days
263,1,0,0.0,0.0,No,Yes,No,217.0,147.0,87.0,29.73,77.0,81.96365524402907,No,23360 days
264,1,0,0.0,0.0,No,Yes,No,176.0,134.0,97.0,38.14,68.0,94.0,No,20805 days
265,2,0,0.0,0.0,No,No,No,203.0,107.5,72.5,22.32,75.0,83.0,No,16425 days
266,1,1,9.0,0.0,No,Yes,No,265.0,156.5,86.0,24.15,75.0,76.0,Yes,16425 days
267,1,0,0.0,0.0,No,Yes,No,219.0,140.0,93.0,27.78,75.0,70.0,No,20075 days
268,2,0,0.0,0.0,No,No,No,245.0,134.0,98.0,24.26,85.0,78.0,No,14965 days
269,2,0,0.0,0.0,No,No,No,312.0,125.0,85.0,27.07,88.0,94.0,No,18250 days
270,1,0,0.0,0.0,No,Yes,No,273.0,139.0,98.0,29.06,110.0,73.0,Yes,19710 days
271,2,1,1.0,0.0,No,Yes,No,254.0,174.0,84.5,24.22,90.0,76.0,No,20805 days
272,4,0,0.0,0.0,No,No,No,273.0,129.0,83.0,25.49,63.0,70.0,No,22630 days
273,4,0,0.0,0.0,No,No,No,213.0,100.0,70.0,20.06,68.0,81.96365524402907,No,15695 days
274,1,0,0.0,0.0,No,No,No,254.0,136.0,87.0,31.24,88.0,80.0,No,16790 days
275,2,1,20.0,0.0,No,No,No,262.0,127.5,86.0,24.11,87.0,73.0,No,19345 days
276,1,0,0.0,0.0,No,No,No,215.0,129.0,80.0,29.29,70.0,87.0,No,18980 days
277,1,0,0.0,0.0,No,Yes,No,302.0,147.0,92.0,25.23,80.0,87.0,Yes,24455 days
278,2,0,0.0,0.0,No,No,No,185.0,127.5,91.0,23.78,67.0,59.0,No,15330 days
279,3,0,0.0,0.0,No,No,No,129.0,109.0,69.0,22.36,75.0,81.96365524402907,No,16425 days
280,2,0,0.0,0.0,No,No,No,284.0,132.0,78.0,21.94,68.0,94.0,Yes,18615 days
281,3,0,0.0,0.0,No,No,No,325.0,123.0,79.0,25.82,63.0,85.0,No,21900 days
282,2,0,0.0,0.0,No,No,No,208.0,122.5,72.5,22.0,65.0,81.96365524402907,No,12775 days
283,4,0,0.0,0.0,No,No,No,260.0,100.0,74.5,20.51,96.0,66.0,No,14235 days
284,1,0,0.0,0.0,No,Yes,Yes,164.0,142.0,85.0,30.28,70.0,120.0,Yes,24820 days
285,2,0,0.0,0.0,No,No,No,270.0,98.0,64.0,22.02,67.0,75.0,No,19710 days
286,2,0,0.0,0.0,No,No,No,186.0,105.0,57.0,21.1,85.0,68.0,No,13870 days
287,2,0,0.0,0.0,No,No,No,258.0,105.0,69.0,24.1,52.0,79.0,No,14235 days
288,2,1,5.0,0.0,No,No,No,228.0,111.0,68.0,23.86,88.0,68.0,No,13140 days
289,4,1,30.0,0.0,No,No,No,155.0,126.0,72.0,25.14,50.0,70.0,No,13140 days
290,3,0,0.0,0.0,No,No,No,270.0,131.5,76.0,22.19,68.0,113.0,No,16060 days
291,4,0,0.0,0.0,No,No,No,323.0,116.0,72.0,26.22,69.0,99.0,No,17520 days
292,4,1,20.0,0.0,No,No,No,242.0,125.0,76.0,22.16,70.0,87.0,No,19710 days
293,4,1,30.0,0.0,No,No,No,203.0,131.0,85.0,23.47,94.0,70.0,No,16425 days
294,1,1,25.0,0.0,No,Yes,Yes,258.0,195.0,90.0,25.80080075811419,86.0,81.96365524402907,Yes,17155 days
295,2,1,40.0,0.0,No,No,No,310.0,117.5,80.0,26.74,80.0,78.0,No,14965 days
296,3,0,0.0,0.0,No,No,No,245.0,124.0,69.0,21.52,85.0,81.96365524402907,No,18615 days
297,3,1,10.0,0.0,No,No,No,206.0,101.0,63.0,21.5,75.0,66.0,No,12410 days
298,2,0,0.0,0.0,No,No,No,173.0,130.0,80.0,28.39,65.0,61.0,No,14965 days
299,2,0,0.0,1.0,No,Yes,No,283.0,130.0,80.0,35.2,75.0,83.0,No,22630 days
300,1,0,0.0,0.0,No,No,No,319.0,121.0,86.0,29.77,72.0,77.0,No,13870 days
301,3,0,0.0,0.0,No,No,No,230.0,129.0,84.5,24.73,78.0,81.96365524402907,No,17520 days
302,1,0,0.0,0.0,No,No,No,220.0,117.5,84.0,26.2,90.0,81.96365524402907,No,20075 days
303,1,0,0.0,0.0,No,No,No,282.0,158.5,81.0,30.24,54.0,70.0,No,20075 days
304,2,1,20.0,0.0,No,No,No,188.0,97.0,65.0,21.17,68.0,60.0,No,16790 days
305,4,1,20.0,0.0,No,Yes,No,304.0,118.0,90.0,32.63,71.0,80.0,Yes,13140 days
306,4,0,0.0,0.0,No,No,No,268.0,109.0,70.0,23.74,75.0,78.0,No,18980 days
307,1,1,20.0,0.0,No,No,No,221.0,101.0,61.0,23.94,75.0,79.0,No,17885 days
308,3,1,20.0,0.0,No,No,No,269.0,97.0,64.0,23.09,82.0,67.0,No,14235 days
309,2,0,0.0,0.0,No,No,No,288.0,137.5,77.5,22.19,68.0,81.96365524402907,No,19710 days
310,3,0,0.0,0.0,No,No,No,250.0,114.0,77.0,24.16,80.0,93.0,No,17155 days
311,1,1,20.0,0.0,No,Yes,Yes,194.0,151.5,88.0,21.61,75.0,105.0,Yes,22630 days
312,1,1,20.0,0.0,No,No,No,258.0,110.0,65.0,19.97,65.0,85.0,No,14235 days
313,1,1,5.0,0.0,No,No,No,272.0,140.0,94.0,27.87,61.0,79.0,No,16425 days
314,2,0,0.0,0.0,No,No,No,242.0,113.0,85.0,25.54,85.0,104.0,No,14235 days
315,1,1,30.0,0.0,No,No,No,219.0,107.0,69.0,21.4,66.0,81.96365524402907,No,16790 days
316,1,1,20.0,0.0,No,No,No,260.0,168.0,98.0,21.05,85.0,73.0,No,22995 days
317,2,0,0.0,0.0,No,Yes,No,270.0,157.0,101.0,33.11,75.0,75.0,No,14965 days
318,3,1,15.0,0.0,No,No,No,340.0,125.0,78.0,26.41,56.0,90.0,No,16060 days
319,4,1,20.0,0.0,No,No,No,223.0,115.0,72.0,22.71,76.0,63.0,No,13505 days
320,1,1,20.0,0.0,No,No,No,197.0,118.0,81.0,17.44,70.0,75.0,No,16060 days
321,2,1,40.0,0.0,No,Yes,No,240.0,148.0,85.0,29.69,65.0,68.0,No,17885 days
322,2,1,20.0,0.0,No,No,No,240.0,131.0,82.0,24.22,66.0,80.0,No,19345 days
323,3,1,4.0,0.0,No,No,No,220.0,112.0,74.0,31.23,88.0,66.0,No,18615 days
324,3,0,0.0,0.0,No,No,No,200.0,133.0,78.0,26.72,55.0,71.0,No,15695 days
325,3,0,0.0,0.0,No,No,No,328.0,127.0,70.0,22.36,75.0,63.0,Yes,21900 days
326,2,1,20.0,0.0,No,No,No,222.0,97.5,57.5,23.22,73.0,64.0,No,14235 days
327,1,1,60.0,0.0,No,No,No,246.0,125.0,79.0,29.64,70.0,85.0,No,20440 days
328,1,0,0.0,0.0,No,Yes,No,246.0,189.0,111.0,19.88,90.0,85.0,Yes,21535 days
329,1,0,0.0,0.0,No,No,No,280.0,123.0,77.0,27.96,65.0,81.96365524402907,No,20440 days
330,1,1,1.0,0.0,No,No,No,186.0,120.0,72.0,24.33,80.0,86.0,No,15695 days
331,1,1,1.0,0.0,No,No,No,197.0,101.0,67.0,21.35,88.0,100.0,No,17520 days
332,1,0,0.0,0.0,No,No,No,311.0,110.0,78.5,29.04,71.0,77.0,No,22265 days
333,2,0,0.0,1.0,No,Yes,No,368.0,204.0,94.0,25.2,100.0,81.0,No,20075 days
334,1,1,20.0,0.0,No,Yes,No,220.0,145.0,99.0,26.5,73.0,90.0,No,14235 days
335,3,1,30.0,0.0,No,No,No,218.0,126.0,87.0,22.5,75.0,73.0,No,15330 days
336,1,1,30.0,0.0,No,No,No,241.0,126.5,78.5,29.91,85.0,70.0,Yes,18615 days
337,1,0,0.0,0.0,No,No,No,219.0,143.5,89.0,28.47,73.0,96.0,No,19710 days
338,2,0,0.0,0.0,No,Yes,No,225.0,157.5,80.5,24.36,79.0,81.96365524402907,No,18980 days
339,1,0,0.0,0.0,No,Yes,No,312.0,160.0,82.0,27.59,140.0,94.0,No,23360 days
340,1,0,0.0,0.0,No,Yes,No,200.0,158.0,101.0,23.06,85.0,77.0,Yes,21170 days
341,1,1,20.0,0.0,No,No,No,237.0,105.0,75.0,23.85,70.0,87.0,No,15330 days
342,4,1,15.0,0.0,No,No,No,207.0,111.0,60.0,18.48,60.0,76.0,No,14965 days
343,4,1,25.0,0.0,No,No,No,245.0,126.0,88.5,23.16,92.0,81.96365524402907,Yes,15695 days
344,1,1,20.0,0.0,No,No,No,238.0,136.0,66.0,20.2,60.0,92.0,Yes,22995 days
345,2,0,0.0,0.0,No,No,No,259.0,138.0,88.0,25.11,65.0,81.96365524402907,No,16790 days
346,2,0,0.0,1.0,No,Yes,No,250.0,144.0,98.0,28.78,90.0,78.0,No,19345 days
347,1,1,20.0,0.0,No,No,No,238.0,128.0,86.0,26.09,80.0,72.0,No,14965 days
348,2,1,10.0,0.0,No,No,No,276.0,130.0,86.0,27.09,75.0,56.0,No,19345 days
349,1,0,0.0,0.0,No,No,No,339.0,110.0,69.0,26.89,75.0,73.0,No,21535 days
350,3,0,0.0,0.0,No,Yes,No,231.0,157.5,104.5,22.86,75.0,92.0,No,16425 days
351,2,1,5.0,0.0,No,No,No,187.0,110.0,67.0,19.26,78.0,85.0,No,17885 days
352,1,1,30.0,0.0,No,No,No,198.0,106.0,71.0,21.51,85.0,84.0,No,14965 days
353,1,1,30.0,0.0,No,No,No,196.0,121.0,83.0,25.38,90.0,68.0,No,14235 days
354,2,1,40.0,0.0,No,No,No,225.0,137.0,89.5,25.77,70.0,91.0,No,18250 days
355,2,1,5.0,0.0,No,No,No,177.0,114.0,72.5,24.77,87.0,81.96365524402907,No,21170 days
356,1,0,0.0,0.0,No,Yes,No,202.0,140.5,90.0,25.82,85.0,74.0,No,19345 days
357,2,1,3.0,0.0,No,Yes,Yes,231.0,127.5,83.0,21.31,70.0,115.0,No,19710 days
358,3,1,20.0,0.0,No,No,No,210.0,118.0,79.0,21.21,130.0,84.0,No,14600 days
359,1,1,30.0,0.0,No,Yes,No,230.0,171.0,112.0,25.08,95.0,88.0,Yes,18615 days
360,2,1,20.0,0.0,No,No,No,283.0,146.0,95.0,23.27,80.0,64.0,Yes,14600 days
361,3,1,10.0,0.0,No,No,No,203.0,100.0,70.0,22.73,63.0,80.0,No,13870 days
362,4,0,0.0,0.0,No,No,No,200.0,118.0,78.0,24.53,63.0,98.0,No,17520 days
363,1,1,15.0,0.0,No,No,No,244.0,98.0,57.0,24.01,84.0,95.0,Yes,16790 days
364,2,1,15.0,0.0,No,No,No,212.0,106.0,66.0,26.46,85.0,117.0,No,21535 days
365,2,0,0.0,0.0,No,No,No,218.0,130.0,89.0,22.7,77.0,88.0,No,13505 days
366,3,1,35.0,0.0,No,No,No,185.0,133.0,80.0,21.86,63.0,58.0,No,14600 days
367,1,0,0.0,0.0,No,No,No,282.0,114.0,67.0,28.04,58.0,79.0,Yes,21535 days
368,1,1,30.0,0.0,No,No,No,198.0,128.0,85.0,29.0,75.0,77.0,No,16790 days
369,1,0,0.0,0.0,No,Yes,No,248.0,215.0,105.0,22.91,90.0,97.0,Yes,24455 days
370,2,0,0.0,0.0,No,No,No,290.0,122.0,85.0,24.06,87.0,70.0,No,14600 days
371,4,0,0.0,0.0,No,Yes,No,239.0,159.0,102.0,32.35,75.0,71.0,Yes,20075 days
372,1,0,0.0,0.0,No,No,No,245.0,145.0,89.0,25.02,90.0,80.0,No,18980 days
373,2,1,20.0,0.0,No,No,No,200.0,95.0,55.0,23.68,60.0,83.0,No,15330 days
374,4,0,0.0,1.0,No,Yes,No,201.0,156.0,93.0,27.91,80.0,70.0,No,19710 days
375,3,1,3.0,0.0,No,No,No,290.0,155.0,82.5,29.5,85.0,113.0,Yes,21170 days
376,2,1,20.0,0.0,No,No,No,285.0,116.0,87.0,23.85,65.0,55.0,Yes,16425 days
377,1,0,0.0,0.0,No,No,No,203.0,122.0,74.0,15.54,96.0,79.0,No,24455 days
378,2,1,10.0,0.0,No,No,No,250.0,109.0,73.0,24.68,72.0,66.0,No,24820 days
379,3,0,0.0,0.0,No,Yes,No,290.0,170.0,98.0,26.98,80.0,84.0,No,22265 days
380,4,0,0.0,0.0,No,No,No,258.0,123.0,89.0,31.35,85.0,84.0,No,20075 days
381,2,0,0.0,0.0,No,Yes,No,246.0,125.0,80.0,29.02,100.0,98.0,No,15330 days
382,1,0,0.0,0.0,No,Yes,No,174.0,165.0,93.0,27.45,108.0,81.96365524402907,No,19345 days
383,1,1,30.0,0.0,No,Yes,No,220.0,135.0,85.0,27.17,70.0,81.0,No,14235 days
384,1,1,35.0,0.0,No,No,No,195.0,122.5,66.5,19.98,60.0,72.0,No,14600 days
385,2,0,0.0,0.0,No,No,No,235.0,120.0,80.0,27.23,62.0,87.0,No,14235 days
386,2,0,0.0,0.0,No,Yes,No,223.0,178.0,88.5,27.18,85.0,91.0,No,22995 days
387,3,0,0.0,0.0,No,Yes,No,308.0,124.0,87.0,31.82,75.0,84.0,No,20075 days
388,2,0,0.0,0.0,No,No,No,167.0,127.5,86.5,28.28,72.0,82.0,No,14235 days
389,2,1,20.0,0.0,No,No,No,185.0,111.0,67.0,23.87,70.0,87.0,No,14235 days
390,1,1,20.0,0.0,No,No,No,240.0,146.5,83.0,25.62,83.0,140.0,No,18615 days
391,1,0,0.0,0.0,No,No,No,245.0,117.0,76.0,26.64,65.0,76.0,Yes,19710 days
392,3,0,0.0,0.0,No,No,No,310.0,124.0,74.0,25.94,70.0,73.0,No,17520 days
393,1,1,20.0,0.0,No,No,No,300.0,134.0,86.5,24.76,90.0,81.0,No,18615 days
394,2,0,0.0,0.0,No,Yes,No,256.0,149.0,96.0,29.75,90.0,80.0,Yes,23725 days
395,2,0,0.0,0.0,No,Yes,No,270.0,165.0,98.0,21.66,62.0,92.0,Yes,23725 days
396,3,0,0.0,0.0,No,No,No,202.0,136.5,79.0,24.35,73.0,60.0,No,14235 days
397,2,1,3.0,0.0,No,No,No,155.0,122.5,77.5,21.34,65.0,78.0,No,17155 days
398,1,1,43.0,0.0,No,No,No,207.0,132.5,66.0,26.84,65.0,76.0,Yes,21535 days
399,1,0,0.0,0.0,No,Yes,No,276.0,159.0,82.0,31.42,90.0,65.0,No,24090 days
400,4,1,25.0,0.0,No,No,No,255.0,138.0,80.0,23.44,67.0,79.0,No,20440 days
401,3,0,0.0,0.0,No,No,No,215.0,113.0,68.0,25.13,65.0,87.0,No,14965 days
402,2,0,0.0,0.0,No,No,No,277.0,113.5,75.0,29.73,63.0,90.0,No,14965 days
403,1,0,0.0,0.0,No,No,No,179.0,116.0,67.0,18.58,73.0,68.0,No,14965 days
404,4,1,20.0,0.0,No,No,No,226.0,119.0,75.0,25.34,70.0,66.0,No,16425 days
405,1,1,20.0,0.0,No,No,No,245.0,138.0,84.0,27.45,67.0,76.0,No,13505 days
406,3,0,0.0,0.0,No,Yes,No,240.0,141.0,91.0,29.25,78.0,65.0,No,15695 days
407,2,0,0.0,0.0,No,Yes,No,184.0,188.0,123.0,34.36,90.0,81.96365524402907,No,16790 days
408,2,0,0.0,0.0,No,No,No,218.0,137.0,86.0,25.52,60.0,88.0,No,14965 days
409,1,1,10.0,0.0,No,Yes,No,229.0,177.5,120.0,39.88,104.0,78.0,No,16060 days
410,3,0,0.0,0.0,No,No,No,174.0,131.0,86.0,26.23,75.0,64.0,No,13140 days
411,3,0,0.0,0.0,No,Yes,No,285.0,156.0,100.0,23.02,80.0,85.0,No,21900 days
412,4,1,20.0,0.0,No,No,No,212.0,122.5,75.5,23.51,67.0,103.0,No,16790 days
413,1,0,0.0,0.0,No,No,No,175.0,135.0,81.0,26.38,71.0,81.96365524402907,No,16060 days
414,2,1,3.0,0.0,No,Yes,No,323.0,197.0,118.0,27.51,80.0,112.0,No,20075 days
415,1,1,15.0,0.0,No,No,No,206.0,130.0,80.0,21.93,72.0,82.0,No,22265 days
416,1,1,20.0,0.0,No,No,No,246.0,111.0,72.0,21.79,75.0,118.0,No,16425 days
417,2,0,0.0,0.0,No,Yes,No,304.0,148.0,106.0,22.98,98.0,72.0,No,16425 days
418,3,1,30.0,0.0,No,No,No,243.0,128.0,84.0,27.47,80.0,81.96365524402907,No,13505 days
419,1,1,25.0,0.0,No,No,No,235.0,119.0,82.0,24.25,77.0,79.0,No,18980 days
420,2,0,0.0,0.0,No,No,No,232.0,90.0,60.0,19.2,60.0,82.0,No,16790 days
421,1,0,0.0,0.0,No,No,Yes,190.0,122.0,81.0,36.12,70.0,143.0,No,16060 days
422,2,1,15.0,0.0,No,No,No,177.0,112.5,70.0,20.62,86.0,83.0,No,15330 days
423,3,0,0.0,0.0,No,Yes,No,188.0,160.0,120.0,35.58,88.0,85.0,No,21170 days
424,2,1,15.0,0.0,No,No,No,176.0,110.0,80.0,24.03,100.0,113.0,No,13870 days
425,3,1,10.0,0.0,No,No,No,234.0,98.0,68.0,18.8,79.0,81.96365524402907,Yes,18615 days
426,1,0,0.0,0.0,No,No,No,268.0,135.0,74.0,30.18,76.0,83.0,No,23360 days
427,3,1,14.0,0.0,No,No,No,252.0,120.0,74.0,21.14,68.0,81.96365524402907,No,19345 days
428,1,0,0.0,0.0,No,No,No,242.0,134.0,86.0,27.49,65.0,81.96365524402907,No,21535 days
429,4,0,0.0,0.0,No,No,No,236.69952267303103,152.5,97.5,28.35,65.0,73.0,No,23725 days
430,2,0,0.0,0.0,No,No,No,195.0,109.5,72.0,22.36,70.0,85.0,No,14600 days
431,1,0,0.0,0.0,No,No,No,197.0,96.0,64.0,18.59,60.0,77.0,No,20805 days
432,1,1,10.0,0.0,No,Yes,No,268.0,117.5,80.0,36.11,72.0,67.0,No,17520 days
433,2,0,0.0,0.0,No,Yes,No,226.0,180.0,99.0,45.79,110.0,81.96365524402907,No,16425 days
434,4,1,30.0,0.0,No,No,No,212.0,120.0,80.0,24.01,65.0,57.0,No,14600 days
435,2,1,40.0,0.0,No,Yes,No,220.0,165.0,105.0,31.07,75.0,114.0,No,15695 days
436,1,0,0.0,0.0,No,Yes,No,224.0,170.0,102.0,29.18,72.0,81.96365524402907,No,19710 days
437,1,1,30.0,0.0,No,No,No,240.0,141.0,89.0,25.01,95.0,76.0,No,16425 days
438,2,1,20.0,0.0,No,No,No,226.0,124.0,76.0,25.84,75.0,70.0,No,13140 days
439,1,0,0.0,0.0,No,No,No,237.0,113.0,80.0,27.61,90.0,71.0,No,22995 days
440,3,1,15.0,0.0,No,No,No,199.0,116.0,81.0,21.61,75.0,93.0,No,12045 days
441,1,0,0.0,0.0,No,Yes,No,206.0,140.0,87.0,27.72,60.0,85.0,No,20440 days
442,4,1,20.0,0.0,No,No,No,265.0,107.0,68.0,21.08,90.0,95.0,No,15695 days
443,1,0,0.0,0.0,No,No,Yes,260.0,95.5,59.0,25.94,90.0,160.0,No,21900 days
444,3,0,0.0,0.0,No,No,No,243.0,146.0,91.0,26.72,80.0,104.0,No,16060 days
445,4,1,10.0,0.0,No,No,No,258.0,130.0,70.0,24.35,67.0,78.0,No,22265 days
446,1,0,0.0,0.0,No,Yes,No,182.0,209.0,133.0,30.77,65.0,75.0,No,22265 days
447,4,1,45.0,0.0,No,No,No,209.0,112.5,65.0,27.48,75.0,78.0,No,16790 days
448,4,1,10.0,0.0,No,No,No,168.0,113.0,69.5,23.68,58.0,81.96365524402907,Yes,13870 days
449,3,1,10.0,0.0,No,No,No,266.0,115.0,75.0,31.16,75.0,90.0,No,17520 days
450,3,0,0.0,0.0,No,No,No,210.0,112.0,76.0,20.53,71.0,65.0,No,20075 days
451,2,1,8.0,0.0,No,No,Yes,292.0,132.0,82.0,22.54,80.0,110.0,No,18250 days
452,4,0,0.0,0.0,No,No,No,190.0,107.5,80.0,25.13,72.0,75.0,No,16790 days
453,1,0,0.0,0.0,No,No,No,234.0,127.5,83.5,27.65,85.0,89.0,No,17155 days
454,1,0,0.0,0.0,No,No,No,173.0,136.5,77.5,26.62,66.0,72.0,No,16060 days
455,3,1,15.0,0.0,No,No,No,198.0,112.0,68.0,22.17,70.0,81.96365524402907,No,16060 days
456,2,1,20.0,0.0,No,No,No,208.0,119.0,82.0,25.25,73.0,81.96365524402907,No,14965 days
457,1,0,0.0,0.0,No,No,No,227.0,129.0,81.0,26.57,55.0,74.0,No,20075 days
458,2,1,10.0,1.0,No,Yes,No,186.0,150.0,85.0,22.53,62.0,93.0,No,17155 days
459,4,1,9.0,0.0,No,No,No,195.0,109.0,71.0,21.1,73.0,65.0,No,17520 days
460,2,1,15.0,0.0,No,No,No,284.0,124.0,83.0,27.9,75.0,71.0,No,14600 days
461,2,1,15.0,0.0,No,No,No,177.0,110.0,70.0,25.71,65.0,84.0,No,12775 days
462,1,0,0.0,0.0,No,No,No,305.0,135.0,89.0,25.04,62.0,117.0,No,17885 days
463,2,1,30.0,0.0,No,Yes,No,195.0,146.0,104.0,29.6,75.0,80.0,No,13870 days
464,1,0,0.0,0.0,No,Yes,No,227.0,152.0,99.0,29.46,78.0,115.0,No,18250 days
465,2,1,40.0,0.0,No,Yes,No,245.0,154.0,95.5,30.02,92.0,87.0,No,13870 days
466,3,1,15.0,0.0,No,No,No,250.0,125.0,74.0,21.08,80.0,72.0,No,20805 days
467,1,1,50.0,0.0,No,No,No,306.0,127.0,82.5,31.22,72.0,81.96365524402907,No,19345 days
468,2,1,10.0,0.0,No,No,No,152.0,110.0,64.0,25.71,75.0,83.0,No,16060 days
469,1,0,0.0,0.0,No,Yes,No,222.0,162.5,92.5,23.45,78.0,80.0,No,17155 days
470,1,0,0.0,0.0,No,No,No,243.0,134.0,86.0,25.94,81.0,66.0,No,20440 days
471,1,0,0.0,1.0,No,Yes,Yes,270.0,177.5,95.0,28.15,62.0,123.0,Yes,22265 days
472,4,1,1.0,0.0,No,No,No,300.0,122.0,84.0,27.26,96.0,68.0,No,13870 days
473,1,0,0.0,0.0,No,No,No,252.0,107.0,66.0,25.11,60.0,72.0,No,20440 days
474,2,1,20.0,0.0,No,No,No,235.0,150.0,96.5,27.22,94.0,78.0,No,16790 days
475,3,1,15.0,0.0,Yes,No,No,161.0,116.0,74.5,19.82,80.0,90.0,No,19345 days
476,1,0,0.0,0.0,No,No,No,168.0,127.0,74.0,27.38,63.0,85.0,No,17885 days
477,3,1,15.0,0.0,No,No,No,247.0,125.0,80.0,21.51,60.0,80.0,No,16790 days
478,2,1,20.0,0.0,No,No,No,250.0,138.0,90.0,19.56,96.0,74.0,No,13505 days
479,1,0,0.0,0.0,No,Yes,No,219.0,145.0,100.0,26.26,78.0,108.0,No,18250 days
480,4,1,9.0,0.0,No,Yes,No,320.0,145.0,85.0,24.03,75.0,98.0,No,18615 days
481,1,0,0.0,0.0,No,Yes,No,253.0,295.0,135.0,38.82,92.0,70.0,Yes,23360 days
482,2,1,20.0,0.0,No,Yes,No,319.0,158.0,90.0,29.15,89.0,100.0,Yes,16060 days
483,2,0,0.0,0.0,No,No,No,176.0,125.0,80.0,26.75,72.0,65.0,No,13505 days
484,1,0,0.0,0.0,No,No,No,239.0,126.0,81.0,29.35,95.0,70.0,No,22630 days
485,2,1,40.0,0.0,No,No,No,230.0,145.0,90.0,25.72,75.0,85.0,Yes,19710 days
486,2,0,0.0,0.0,No,No,No,190.0,120.0,80.0,27.16,70.0,85.0,No,14235 days
487,3,1,5.0,0.0,No,No,No,196.0,134.0,86.0,26.2,71.0,81.96365524402907,No,17155 days
488,1,1,5.0,0.0,No,Yes,No,181.0,150.0,101.0,23.74,95.0,86.0,No,16060 days
489,2,0,0.0,0.0,No,No,No,220.0,98.0,64.5,21.14,80.0,79.0,No,18615 days
490,2,1,5.0,0.0,No,No,No,220.0,108.5,80.0,20.18,94.0,81.96365524402907,No,14965 days
491,4,0,0.0,0.0,No,No,No,207.0,130.0,72.0,26.76,68.0,81.0,No,22995 days
492,3,1,10.0,0.0,No,No,No,269.0,134.0,78.0,26.8,105.0,104.0,No,16790 days
493,4,1,43.0,0.0,No,Yes,No,258.0,135.0,93.0,31.69,75.0,57.0,No,14600 days
494,3,1,20.0,0.0,No,No,No,340.0,134.0,89.5,21.91,50.0,72.0,Yes,20440 days
495,1,1,20.0,0.0,No,No,No,277.0,114.0,81.0,27.51,62.0,76.0,No,16060 days
496,2,1,13.0,0.0,No,No,No,245.0,137.0,76.0,22.26,83.0,73.0,No,18615 days
497,3,1,30.0,0.0,No,Yes,No,233.0,151.0,95.0,29.17,78.0,95.0,No,16425 days
498,4,0,0.0,0.0,No,No,No,258.0,111.0,68.5,24.04,60.0,70.0,No,20440 days
499,4,0,0.0,0.0,No,No,No,215.0,113.0,71.0,26.69,77.0,81.96365524402907,No,21900 days
500,3,1,10.0,0.0,No,No,No,210.0,103.0,71.0,24.4,73.0,68.0,Yes,14600 days
501,1,0,0.0,0.0,No,No,No,248.0,155.0,93.0,23.09,75.0,70.0,No,18980 days
502,1,0,0.0,0.0,No,No,No,251.0,132.0,82.0,28.87,70.0,82.0,No,23360 days
503,4,1,25.0,0.0,No,Yes,No,210.0,145.5,87.0,24.67,72.0,89.0,No,13870 days
504,3,0,0.0,0.0,No,Yes,No,258.0,144.0,88.0,24.19,100.0,83.0,No,18250 days
505,3,1,11.0,0.0,No,No,No,201.0,108.0,71.0,20.47,76.0,75.0,No,14965 days
506,4,0,0.0,0.0,No,Yes,No,303.0,160.5,98.5,25.84,81.0,100.0,No,20805 days
507,3,1,5.0,0.0,No,No,No,248.0,139.0,81.0,31.16,68.0,95.0,No,18615 days
508,1,0,0.0,0.0,No,No,No,296.0,134.5,89.0,24.91,63.0,76.0,No,18250 days
509,3,1,20.0,0.0,No,No,No,218.0,115.5,62.0,23.48,65.0,77.0,No,16790 days
510,2,0,0.0,0.0,No,No,No,235.0,132.0,84.0,30.1,80.0,63.0,No,19345 days
511,1,0,0.0,0.0,No,Yes,No,255.0,132.5,81.0,26.77,82.0,81.96365524402907,No,19710 days
512,2,0,0.0,0.0,No,Yes,No,240.0,155.0,84.0,29.93,92.0,91.0,Yes,23725 days
513,1,0,0.0,0.0,No,No,No,234.0,137.5,89.5,24.25,58.0,72.0,No,21170 days
514,1,1,20.0,0.0,No,No,No,278.0,133.0,84.0,22.67,85.0,96.0,No,20440 days
515,1,1,20.0,0.0,No,No,No,269.0,135.0,95.0,26.55,75.0,92.0,No,16790 days
516,1,0,0.0,0.0,No,No,No,203.0,130.0,78.0,28.66,72.0,70.0,No,23360 days
517,2,1,20.0,0.0,No,Yes,No,243.0,155.0,100.0,24.89,80.0,63.0,No,15695 days
518,2,1,20.0,0.0,No,No,No,231.0,122.0,72.5,22.78,72.0,93.0,No,12775 days
519,2,1,30.0,0.0,No,No,No,216.0,107.0,73.0,31.46,100.0,81.96365524402907,No,16790 days
520,3,0,0.0,0.0,No,No,No,271.0,117.5,65.0,19.77,70.0,89.0,Yes,21535 days
521,4,0,0.0,0.0,No,No,No,261.0,129.0,80.0,23.06,85.0,90.0,No,18250 days
522,4,1,40.0,0.0,No,Yes,No,203.0,148.0,96.0,30.84,70.0,95.0,Yes,22630 days
523,3,1,9.0,0.0,No,No,No,210.0,132.0,84.5,27.08,110.0,84.0,Yes,19345 days
524,1,1,25.0,0.0,No,Yes,No,206.0,173.0,117.0,29.63,75.0,77.0,Yes,18980 days
525,2,0,0.0,0.0,No,No,No,301.0,119.0,80.0,24.79,58.0,73.0,No,20805 days
526,3,1,1.0,0.0,No,No,No,241.0,130.0,82.0,34.84,62.0,93.0,No,16790 days
527,1,1,15.0,0.0,No,No,No,215.0,122.5,76.0,27.17,58.0,61.0,No,17885 days
528,3,1,25.0,0.0,No,No,No,261.0,105.0,74.0,20.57,85.0,75.0,No,17155 days
529,3,0,0.0,0.0,No,No,No,266.0,120.0,73.0,24.33,63.0,69.0,No,23725 days
530,2,0,0.0,0.0,No,No,No,237.0,125.0,83.0,24.56,73.0,61.0,No,14965 days
531,1,0,0.0,0.0,No,Yes,No,217.0,189.0,121.0,37.41,85.0,100.0,No,22265 days
532,1,1,4.0,0.0,No,No,No,176.0,113.0,75.0,22.29,80.0,55.0,No,14965 days
533,2,0,0.0,0.0,No,No,No,370.0,123.0,83.0,24.64,63.0,74.0,Yes,19345 days
534,1,0,0.0,0.0,No,Yes,No,182.0,145.0,102.0,30.92,72.0,70.0,No,13140 days
535,1,0,0.0,0.0,No,No,No,245.0,105.0,59.5,30.55,85.0,77.0,No,15695 days
536,3,1,20.0,0.0,No,No,No,292.0,130.0,85.0,28.07,91.0,81.0,No,13505 days
537,2,0,0.0,0.0,No,Yes,No,246.0,171.0,101.0,23.88,75.0,78.0,No,22630 days
538,2,0,0.0,0.0,No,No,No,193.0,114.0,79.0,16.59,75.0,64.0,No,23360 days
539,3,1,20.0,0.0,No,No,No,247.0,125.0,83.0,22.55,85.0,80.0,No,14600 days
540,2,1,20.0,0.0,No,No,No,229.0,118.5,76.5,21.42,76.0,81.96365524402907,No,17885 days
541,3,0,0.0,1.0,No,Yes,No,300.0,131.0,88.0,26.85,70.0,73.0,Yes,17885 days
542,2,0,0.0,0.0,No,No,No,213.0,115.0,72.5,19.98,80.0,107.0,No,16790 days
543,2,1,18.0,0.0,No,Yes,No,439.0,145.0,74.0,22.42,100.0,90.0,Yes,17155 days
544,3,0,0.0,0.0,No,No,No,171.0,110.0,71.0,21.8,82.0,78.0,No,13870 days
545,1,1,5.0,0.0,No,Yes,No,227.0,132.0,92.0,26.47,63.0,74.0,No,14235 days
546,2,1,35.0,0.0,No,No,No,207.0,117.0,65.0,24.42,60.0,100.0,No,15695 days
547,1,0,0.0,0.0,No,No,No,145.0,112.0,83.0,22.36,90.0,70.0,No,15695 days
548,3,1,30.0,0.0,No,No,No,210.0,121.5,78.0,26.29,88.0,77.0,No,18250 days
549,1,0,0.0,0.0,No,Yes,No,245.0,144.0,96.5,32.58,75.0,77.0,No,17520 days
550,1,0,0.0,0.0,No,No,No,258.0,114.0,80.0,26.6,80.0,68.0,No,16425 days
551,1,1,20.0,0.0,No,Yes,No,233.0,128.0,94.0,36.62,80.0,95.0,Yes,20075 days
552,1,1,5.0,0.0,No,Yes,No,243.0,149.0,77.0,22.73,86.0,81.96365524402907,No,22265 days
553,1,0,0.0,0.0,No,Yes,No,240.0,174.5,103.0,29.82,81.0,74.0,Yes,19345 days
554,1,1,20.0,0.0,No,Yes,No,213.0,140.0,82.0,22.18,64.0,72.0,No,18250 days
555,2,0,0.0,0.0,No,No,No,242.0,110.0,75.0,16.69,58.0,68.0,No,14600 days
556,2,0,0.0,0.0,No,No,No,214.0,129.0,76.0,26.39,80.0,75.0,No,18250 days
557,2,0,0.0,0.0,No,Yes,No,241.0,130.0,85.0,25.79,68.0,78.0,No,20440 days
558,3,1,10.0,0.0,No,No,No,250.0,136.5,83.5,21.33,70.0,95.0,Yes,16060 days
559,4,1,20.0,0.0,No,No,No,240.0,120.0,79.0,23.09,75.0,80.0,No,13505 days
560,3,0,0.0,0.0,No,No,No,188.0,122.5,75.0,24.56,89.0,68.0,No,15330 days
561,1,0,0.0,0.0,No,No,No,275.0,113.5,75.5,19.63,66.0,78.0,No,19710 days
562,2,0,0.0,0.0,No,Yes,No,252.0,128.0,93.0,30.36,105.0,63.0,No,14235 days
563,2,0,0.0,0.0,No,No,No,227.0,117.5,77.5,30.24,85.0,81.96365524402907,No,13870 days
564,4,0,0.0,0.0,No,No,No,253.0,116.0,72.0,21.96,60.0,88.0,No,15330 days
565,1,0,0.0,0.0,No,No,No,278.0,125.0,80.0,26.27,64.0,78.0,No,20075 days
566,4,0,0.0,0.0,No,No,No,232.0,165.0,77.0,29.23,69.0,57.0,Yes,21900 days
567,2,1,15.0,0.0,No,Yes,No,236.69952267303103,188.0,108.5,20.49,90.0,81.96365524402907,No,24090 days
568,2,0,0.0,0.0,No,No,No,189.0,108.0,66.0,20.81,78.0,88.0,No,12410 days
569,3,1,15.0,0.0,No,No,No,242.0,135.0,89.0,23.29,70.0,77.0,No,16060 days
570,3,1,3.0,0.0,No,No,No,247.0,121.0,82.0,29.07,72.0,69.0,No,17885 days
571,1,0,0.0,0.0,No,Yes,No,230.0,133.0,91.0,25.74,72.0,70.0,No,18250 days
572,2,0,0.0,0.0,No,No,No,223.0,120.0,74.0,20.27,80.0,76.0,No,17155 days
573,4,0,0.0,0.0,No,Yes,No,263.0,150.0,96.5,24.85,72.0,75.0,Yes,22995 days
574,3,1,30.0,0.0,No,Yes,No,277.0,148.0,100.0,24.12,85.0,72.0,No,14235 days
575,1,1,43.0,0.0,No,No,No,215.0,122.0,76.0,26.84,85.0,74.0,No,15695 days
576,2,0,0.0,0.0,No,Yes,No,320.0,182.0,98.0,30.28,88.0,81.96365524402907,Yes,21535 days
577,2,1,30.0,0.0,No,No,No,236.69952267303103,115.0,79.0,28.41,85.0,81.96365524402907,No,13505 days
578,2,1,10.0,0.0,No,No,No,210.0,121.5,82.5,23.27,78.0,89.0,No,14965 days
579,1,0,0.0,0.0,No,No,No,300.0,163.0,78.0,28.83,53.0,95.0,Yes,21535 days
580,1,0,0.0,0.0,No,Yes,No,287.0,139.0,92.0,37.48,75.0,74.0,Yes,18615 days
581,1,1,3.0,0.0,No,No,No,234.0,117.0,80.0,26.97,78.0,67.0,No,22630 days
582,2,1,18.0,0.0,No,Yes,No,176.0,146.0,94.0,27.42,80.0,85.0,No,18615 days
583,4,1,5.0,0.0,No,No,No,240.0,125.0,74.0,22.89,87.0,76.0,No,16790 days
584,1,0,0.0,0.0,No,No,No,300.0,118.5,85.5,25.83,68.0,82.0,No,13505 days
585,1,0,0.0,0.0,No,Yes,Yes,258.0,142.0,87.0,32.53,82.0,145.0,No,21900 days
586,2,1,20.0,0.0,No,No,No,215.0,98.0,65.0,20.87,68.0,76.0,No,18980 days
587,2,1,30.0,0.0,No,No,No,197.0,116.0,73.0,24.01,80.0,83.0,No,14600 days
588,1,1,3.0,0.0,No,Yes,No,210.0,185.0,114.0,27.01,70.0,83.0,No,18980 days
589,1,0,0.0,0.0,No,No,No,220.0,126.0,82.0,23.87,79.0,90.0,No,16425 days
590,2,1,20.0,1.0,No,Yes,No,294.0,220.0,118.0,24.22,90.0,59.0,No,21900 days
591,1,1,5.0,0.0,No,No,No,210.0,116.0,75.5,23.54,67.0,81.96365524402907,No,14965 days
592,4,1,15.0,0.0,No,No,No,232.0,115.0,72.5,30.22,90.0,105.0,Yes,14235 days
593,1,1,5.0,0.0,No,No,No,220.0,123.0,88.0,32.49,94.0,79.0,Yes,16790 days
594,3,1,1.0,0.0,No,No,No,205.0,125.0,73.5,20.68,83.0,99.0,No,14600 days
595,1,0,0.0,0.0,No,No,No,198.0,119.0,82.0,28.04,75.0,66.0,No,16060 days
596,2,0,0.0,0.0,No,No,No,208.0,121.5,74.0,27.05,53.0,90.0,No,13870 days
597,3,0,0.0,0.0,No,Yes,No,276.0,144.0,78.0,26.98,60.0,88.0,No,21900 days
598,3,1,15.0,0.0,No,No,No,216.0,120.0,70.0,21.93,88.0,88.0,No,15330 days
599,2,0,0.0,0.0,No,Yes,No,254.0,123.0,90.0,24.44,66.0,72.0,No,16060 days
600,2,1,15.0,0.0,No,No,No,246.0,113.0,75.0,21.66,68.0,68.0,No,17155 days
601,1,0,0.0,0.0,No,No,No,330.0,103.0,73.0,24.5,85.0,67.0,No,20075 days
602,1,1,15.0,0.0,No,No,No,170.0,132.0,91.0,27.61,78.0,57.0,Yes,17520 days
603,1,1,20.0,0.0,No,Yes,No,245.0,140.0,73.0,30.74,90.0,91.0,Yes,22265 days
604,1,1,23.0,0.0,No,Yes,No,286.0,164.0,88.0,19.53,85.0,126.0,Yes,22630 days
605,2,1,9.0,0.0,No,Yes,No,250.0,145.0,79.0,25.16,73.0,86.0,No,23360 days
606,3,1,20.0,0.0,No,No,No,270.0,120.5,78.0,22.54,83.0,83.0,Yes,16790 days
607,1,0,0.0,0.0,No,Yes,No,287.0,145.0,91.0,23.81,68.0,83.0,No,19710 days
608,1,1,35.0,0.0,No,No,No,218.0,116.0,86.0,17.81,85.0,69.0,No,15330 days
609,1,1,30.0,0.0,No,No,No,236.69952267303103,122.5,80.0,18.86,105.0,81.96365524402907,No,14965 days
610,2,1,15.0,0.0,No,Yes,No,222.0,155.0,92.5,28.35,67.0,68.0,Yes,20075 days
611,2,0,0.0,0.0,No,No,No,170.0,98.5,69.5,19.64,71.0,77.0,No,12775 days
612,2,0,0.0,0.0,No,No,No,197.0,107.0,61.0,23.65,80.0,80.0,No,14600 days
613,2,1,20.0,0.0,No,No,No,157.0,108.0,70.0,20.56,60.0,82.0,No,16060 days
614,2,1,20.0,0.0,No,No,No,244.0,127.5,72.5,24.29,67.0,118.0,No,18980 days
615,4,0,0.0,0.0,No,No,No,252.0,120.5,75.0,24.3,78.0,77.0,No,22995 days
616,2,0,0.0,0.0,No,No,No,203.0,117.5,77.5,27.29,88.0,60.0,No,14235 days
617,3,1,3.0,0.0,No,Yes,No,398.0,161.0,96.0,23.63,77.0,83.0,No,18615 days
618,2,0,0.0,0.0,No,Yes,No,207.0,148.0,98.0,25.63,80.0,93.0,No,21535 days
619,1,1,20.0,0.0,No,No,No,264.0,139.5,89.0,29.38,70.0,76.0,Yes,18615 days
620,1,0,0.0,0.0,No,No,No,214.0,127.5,80.0,22.11,69.0,84.0,Yes,24455 days
621,2,1,20.0,0.0,No,No,No,272.0,127.5,87.5,22.35,80.0,72.0,No,17155 days
622,4,0,0.0,0.0,No,No,No,293.0,116.0,80.0,26.81,80.0,87.0,Yes,23360 days
623,3,1,3.0,0.0,No,No,No,200.0,105.0,68.0,23.3,65.0,68.0,No,18250 days
624,3,1,20.0,0.0,No,Yes,No,269.0,180.0,101.0,24.42,72.0,84.0,Yes,22995 days
625,2,0,0.0,0.0,No,No,No,250.0,123.0,92.5,29.23,90.0,71.0,No,14235 days
626,1,1,10.0,0.0,No,No,No,219.0,115.0,71.0,24.58,65.0,93.0,No,13870 days
627,1,1,30.0,0.0,No,No,No,187.0,96.0,67.0,24.23,72.0,84.0,No,15330 days
628,2,1,5.0,0.0,No,No,No,243.0,130.5,85.5,19.53,85.0,79.0,No,13870 days
629,2,1,20.0,0.0,No,No,No,190.0,117.0,75.0,21.48,67.0,67.0,No,18980 days
630,4,1,3.0,0.0,No,Yes,No,267.0,168.5,108.0,26.67,108.0,83.0,No,21900 days
631,2,1,5.0,0.0,No,No,No,218.0,129.5,93.0,27.8,58.0,83.0,No,14965 days
632,2,1,20.0,0.0,No,No,No,195.0,148.0,108.0,18.21,76.0,69.0,No,14965 days
633,1,1,5.0,0.0,No,No,No,266.0,134.5,78.5,30.78,79.0,84.0,No,20440 days
634,2,1,20.0,0.0,No,No,No,229.0,117.5,67.5,23.47,78.0,80.0,No,13870 days
635,2,0,0.0,0.0,No,Yes,No,264.0,176.0,99.0,23.62,65.0,65.0,No,22995 days
636,4,1,7.0,0.0,No,No,No,273.0,111.0,73.0,19.27,60.0,89.0,No,15330 days
637,2,0,0.0,0.0,No,No,No,162.0,109.0,71.0,20.99,66.0,85.0,No,14600 days
638,1,0,0.0,0.0,No,No,No,250.0,125.0,80.0,26.98,67.0,108.0,No,18615 days
639,2,1,3.0,0.0,No,No,No,314.0,141.0,93.0,25.23,105.0,94.0,No,21900 days
640,2,1,30.0,0.0,No,No,No,219.0,131.0,85.5,31.96,77.0,74.0,No,14600 days
641,2,1,25.0,0.0,No,No,No,250.0,119.0,77.0,29.04,63.0,80.0,No,12410 days
642,2,0,0.0,0.0,No,No,No,230.0,123.5,81.0,27.91,95.0,65.0,No,14600 days
643,4,0,0.0,0.0,No,Yes,No,195.0,163.5,103.0,26.89,56.0,80.0,No,19710 days
644,4,0,0.0,0.0,No,No,No,194.0,117.0,90.0,27.08,73.0,87.0,No,13140 days
645,1,1,3.0,0.0,No,No,No,273.0,116.0,86.0,28.73,75.0,81.96365524402907,No,14235 days
646,2,0,0.0,0.0,Yes,No,No,224.0,127.5,81.0,20.39,80.0,90.0,No,13870 days
647,4,0,0.0,0.0,No,No,No,166.0,128.5,83.0,26.81,58.0,108.0,No,13505 days
648,1,1,20.0,0.0,No,No,No,160.0,128.5,74.5,20.56,60.0,83.0,No,14235 days
649,1,0,0.0,0.0,No,Yes,No,238.0,134.0,84.0,27.49,80.0,66.0,No,21900 days
650,3,1,20.0,0.0,No,No,No,281.0,134.0,81.0,22.54,58.0,74.0,No,21170 days
651,1,1,18.0,0.0,No,No,No,292.0,111.0,70.0,23.17,72.0,74.0,No,20440 days
652,1,1,30.0,0.0,No,No,No,203.0,128.5,82.0,18.99,55.0,84.0,No,18250 days
653,1,1,10.0,0.0,No,Yes,No,250.0,148.0,91.0,27.6,88.0,103.0,No,20805 days
654,1,1,5.0,0.0,No,No,No,240.0,107.0,68.5,23.47,65.0,83.0,No,14965 days
655,3,1,20.0,0.0,No,No,No,193.0,129.0,73.0,19.11,76.0,80.0,No,14600 days
656,1,1,20.0,0.0,No,No,No,243.0,130.0,86.5,29.86,85.0,74.0,Yes,18615 days
657,4,1,30.0,0.0,No,No,No,292.0,121.0,75.0,21.73,84.0,82.0,No,15695 days
658,1,0,0.0,0.0,No,No,No,200.0,112.0,76.0,26.03,75.0,62.0,No,13140 days
659,1,0,0.0,0.0,No,No,No,295.0,127.0,78.0,22.89,67.0,73.0,No,23360 days
660,4,1,43.0,1.0,No,Yes,No,255.0,126.5,92.5,25.35,90.0,74.0,No,18250 days
661,1,0,0.0,0.0,No,No,No,197.0,126.0,86.0,24.16,75.0,81.96365524402907,No,18615 days
662,2,0,0.0,0.0,No,Yes,No,285.0,138.0,91.0,25.94,83.0,84.0,No,17885 days
663,2,1,20.0,0.0,No,Yes,No,206.0,167.0,89.5,25.83,72.0,75.0,Yes,21535 days
664,1,0,0.0,0.0,No,Yes,No,300.0,205.5,104.5,32.19,94.0,117.0,No,22630 days
665,4,1,1.0,1.0,No,Yes,No,289.0,150.0,92.0,25.68,85.0,84.0,No,20440 days
666,1,0,0.0,0.0,No,No,No,287.0,136.0,92.0,26.24,65.0,71.0,No,20805 days
667,1,1,20.0,0.0,No,No,No,253.0,118.5,73.0,26.25,69.0,70.0,No,17520 days
668,1,1,15.0,0.0,No,No,No,199.0,112.0,68.5,23.88,85.0,67.0,No,13870 days
669,1,0,0.0,0.0,No,Yes,No,262.0,145.0,81.0,23.1,75.0,83.0,No,17885 days
670,2,0,0.0,0.0,No,No,No,355.0,138.0,79.0,28.38,75.0,108.0,No,23725 days
671,1,1,20.0,0.0,No,No,No,223.0,115.0,70.0,24.58,72.0,81.0,No,15330 days
672,4,1,30.0,0.0,No,No,No,307.0,110.0,78.0,28.57,68.0,69.0,No,16425 days
673,1,1,20.0,0.0,No,No,No,236.69952267303103,126.0,77.0,30.08,78.0,81.96365524402907,No,21170 days
674,1,1,15.0,0.0,No,No,No,220.0,119.5,85.5,31.39,70.0,85.0,No,13870 days
675,3,0,0.0,0.0,No,Yes,No,156.0,141.5,95.0,39.6,80.0,81.96365524402907,No,19345 days
676,2,0,0.0,0.0,No,No,No,240.0,119.0,80.0,31.67,60.0,79.0,No,17520 days
677,4,1,30.0,0.0,No,No,No,234.0,167.5,95.0,27.73,71.0,66.0,No,21170 days
678,1,1,3.0,0.0,No,No,No,239.0,130.0,78.0,28.36,60.0,99.0,No,21900 days
679,2,0,0.0,0.0,No,No,No,165.0,110.0,75.5,26.13,86.0,81.96365524402907,No,13140 days
680,1,0,0.0,0.0,No,No,No,225.0,136.5,85.5,20.56,60.0,90.0,No,20075 days
681,1,0,0.0,0.0,No,Yes,No,267.0,148.0,92.5,26.58,75.0,98.0,Yes,19710 days
682,4,1,5.0,0.0,No,Yes,No,227.0,166.0,102.0,29.32,58.0,85.0,No,16425 days
683,1,0,0.0,0.0,No,Yes,No,300.0,144.0,80.0,25.81,75.0,102.0,No,23360 days
684,3,1,1.0,0.0,No,No,No,248.0,137.0,79.0,21.6,85.0,74.0,No,17885 days
685,2,0,0.0,0.0,No,Yes,No,215.0,152.5,82.0,25.92,100.0,75.0,No,16425 days
686,2,0,0.0,0.0,No,No,No,215.0,127.0,81.0,24.87,76.0,76.0,No,17520 days
687,3,1,20.0,0.0,No,No,No,156.0,119.0,83.0,22.02,68.0,78.0,No,16425 days
688,2,0,0.0,0.0,No,No,No,289.0,125.0,74.0,18.64,66.0,69.0,No,20805 days
689,1,1,18.0,0.0,No,Yes,No,219.0,172.5,75.0,29.29,75.87898089171975,91.0,Yes,23360 days
690,2,1,15.0,0.0,No,Yes,No,236.0,183.0,107.0,25.45,86.0,81.96365524402907,No,21900 days
691,1,1,20.0,0.0,No,No,No,329.0,126.0,84.0,21.45,65.0,65.0,No,18250 days
692,2,0,0.0,0.0,No,Yes,No,270.0,145.0,95.0,23.17,77.0,120.0,No,21170 days
693,4,1,30.0,0.0,No,Yes,No,267.0,146.0,93.5,27.47,87.0,89.0,No,14600 days
694,4,1,20.0,0.0,No,No,No,199.0,117.0,78.5,18.18,90.0,73.0,No,13870 days
695,2,1,5.0,0.0,No,No,No,272.0,132.5,91.0,23.09,70.0,78.0,Yes,19710 days
696,2,0,0.0,0.0,No,No,No,195.0,105.0,70.0,26.97,80.0,64.0,No,14235 days
697,1,1,20.0,0.0,No,No,No,203.0,117.0,68.0,21.5,110.0,85.0,No,16790 days
698,3,1,10.0,0.0,No,No,No,212.0,186.0,102.0,23.06,80.0,60.0,No,21900 days
699,1,0,0.0,1.0,No,Yes,No,190.0,183.0,93.0,28.96,90.0,77.0,No,22630 days
700,1,0,0.0,0.0,No,No,No,222.0,118.0,73.0,24.48,75.0,90.0,No,21900 days
701,1,0,0.0,0.0,No,No,No,206.0,110.0,67.5,25.88,62.0,80.0,No,14600 days
702,1,1,1.0,0.0,No,No,No,262.0,136.0,86.0,23.28,75.0,69.0,No,19710 days
703,3,0,0.0,0.0,No,No,No,294.0,109.0,72.5,28.59,82.0,77.0,No,17155 days
704,1,1,20.0,0.0,No,No,No,251.0,135.0,85.5,21.24,88.0,103.0,No,21170 days
705,3,0,0.0,0.0,No,No,No,231.0,107.5,57.5,25.80080075811419,81.0,81.96365524402907,No,16425 days
706,1,0,0.0,0.0,No,Yes,No,160.0,140.5,84.0,26.28,76.0,122.0,No,18615 days
707,1,1,30.0,0.0,No,No,No,143.0,114.0,79.0,26.59,69.0,72.0,Yes,17155 days
708,2,1,30.0,0.0,No,No,No,245.0,148.0,84.0,23.74,60.0,73.0,No,12775 days
709,1,1,40.0,0.0,No,No,No,200.0,120.0,80.0,31.44,68.0,74.0,No,16060 days
710,4,1,25.0,0.0,No,No,No,215.0,134.0,80.0,29.98,67.0,75.0,No,18250 days
711,1,1,43.0,0.0,No,Yes,No,185.0,134.0,90.5,27.77,87.0,103.0,No,20805 days
712,2,1,20.0,0.0,No,No,No,212.0,107.5,67.5,27.43,87.0,77.0,No,14235 days
713,2,1,20.0,0.0,No,No,No,255.0,126.0,78.0,25.48,80.0,76.0,No,14965 days
714,4,0,0.0,0.0,No,No,No,230.0,119.0,87.0,29.23,75.0,81.96365524402907,No,17155 days
715,1,0,0.0,0.0,No,No,No,211.0,127.5,80.0,27.05,72.0,68.0,Yes,16425 days
716,2,1,20.0,0.0,No,Yes,No,212.0,141.0,99.0,25.94,60.0,70.0,No,17885 days
717,2,1,1.0,0.0,No,No,No,200.0,124.0,84.0,20.67,80.0,75.0,No,13870 days
718,1,0,0.0,0.0,No,No,No,278.0,141.0,79.0,26.45,70.0,94.0,No,21535 days
719,4,1,5.0,0.0,No,No,No,190.0,121.0,79.0,25.59,90.0,84.0,No,13870 days
720,2,1,20.0,0.0,No,No,No,240.0,120.0,80.0,24.79,81.0,75.0,No,14235 days
721,1,1,60.0,0.0,No,Yes,No,298.0,153.5,105.0,25.05,70.0,84.0,No,21535 days
722,1,0,0.0,0.0,No,No,No,271.0,134.0,79.0,24.95,106.0,90.0,No,23360 days
723,2,0,0.0,1.0,No,Yes,No,283.0,152.0,99.0,31.63,62.0,73.0,No,18615 days
724,1,0,0.0,0.0,No,Yes,No,241.0,163.5,93.0,31.68,80.0,67.0,No,20805 days
725,3,0,0.0,0.0,No,No,No,251.0,135.0,87.0,31.6,75.0,80.0,No,14600 days
726,4,1,20.0,0.0,No,No,No,292.0,130.0,77.5,24.75,72.0,72.0,No,22630 days
727,3,0,0.0,0.0,No,No,No,245.0,103.0,68.0,21.8,60.0,63.0,No,19345 days
728,1,1,20.0,0.0,No,No,No,168.0,117.0,74.0,21.51,67.0,77.0,No,13505 days
729,3,0,0.0,0.0,No,No,No,197.0,107.0,73.0,19.78,63.0,76.0,No,17520 days
730,3,0,0.0,0.0,No,No,No,152.0,122.0,78.0,18.92,65.0,80.0,No,14600 days
731,1,0,0.0,0.0,No,Yes,No,225.0,155.0,92.5,23.84,72.0,63.0,No,18615 days
732,1,1,5.0,0.0,No,No,No,296.0,117.0,73.0,24.59,70.0,78.0,No,17520 days
733,1,1,8.0,0.0,No,No,No,211.0,120.0,75.0,18.7,52.0,61.0,No,23360 days
734,1,1,30.0,0.0,No,No,No,334.0,131.0,74.0,28.82,80.0,77.0,Yes,16060 days
735,1,0,0.0,0.0,No,Yes,No,241.0,144.0,84.0,30.93,80.0,66.0,No,23360 days
736,2,1,20.0,0.0,No,Yes,No,196.0,147.5,92.5,22.72,75.0,71.0,No,14965 days
737,4,0,0.0,0.0,No,No,No,222.0,113.0,71.5,30.5,78.0,80.0,No,17520 days
738,4,0,0.0,1.0,No,Yes,No,215.0,183.0,114.5,29.25,85.0,90.0,Yes,17885 days
739,2,1,20.0,0.0,No,No,No,188.0,120.0,74.0,26.48,65.0,80.0,No,14235 days
740,1,1,6.0,0.0,No,Yes,No,290.0,178.0,91.0,28.87,110.0,80.0,No,22265 days
741,1,0,0.0,0.0,No,No,No,229.0,128.0,76.0,32.49,68.0,75.0,No,21170 days
742,2,0,0.0,0.0,No,Yes,No,196.0,126.0,80.0,22.32,104.0,74.0,No,18980 days
743,4,1,3.0,0.0,No,No,No,249.0,132.0,78.0,23.1,70.0,137.0,No,17520 days
744,3,1,15.0,0.0,No,No,No,210.0,127.0,76.5,21.67,83.0,72.0,No,16425 days
745,1,0,0.0,0.0,No,Yes,No,232.0,175.0,94.0,29.84,95.0,67.0,Yes,24090 days
746,2,1,20.0,0.0,No,Yes,No,205.0,160.0,108.0,22.92,83.0,76.0,No,16060 days
747,1,0,0.0,0.0,No,No,No,245.0,119.0,82.0,28.56,70.0,89.0,No,21900 days
748,2,0,0.0,0.0,No,Yes,No,249.0,142.5,90.0,26.14,59.0,82.0,No,15330 days
749,1,0,0.0,0.0,No,No,No,160.0,100.0,73.0,22.56,64.0,93.0,No,15330 days
750,1,0,0.0,1.0,No,Yes,No,251.0,192.0,102.0,44.09,55.0,62.0,No,24455 days
751,2,0,0.0,0.0,No,No,No,207.0,127.0,75.0,22.26,70.0,77.0,No,22995 days
752,2,0,0.0,0.0,No,No,No,214.0,110.0,62.5,23.8,77.0,95.0,Yes,22630 days
753,2,0,0.0,0.0,No,No,No,296.0,129.0,85.0,25.86,56.0,106.0,Yes,18250 days
754,1,0,0.0,0.0,No,No,No,250.0,117.5,75.0,25.88,75.0,91.0,No,22995 days
755,3,0,0.0,0.0,No,No,No,222.0,121.0,78.5,24.58,78.0,81.96365524402907,No,16425 days
756,2,1,10.0,0.0,No,No,No,193.0,134.5,83.0,22.28,85.0,127.0,No,14965 days
757,3,1,9.0,0.0,No,No,No,226.0,114.0,83.0,24.16,80.0,81.96365524402907,No,16060 days
758,1,1,9.0,0.0,No,No,No,278.0,131.0,87.0,33.38,63.0,74.0,Yes,19345 days
759,2,0,0.0,0.0,No,Yes,No,254.0,160.0,92.0,25.61,60.0,80.0,No,19345 days
760,2,1,9.0,0.0,No,No,No,196.0,127.0,80.0,24.6,74.0,81.96365524402907,No,13870 days
761,3,1,10.0,0.0,No,No,No,192.0,96.5,71.0,26.03,61.0,68.0,No,15330 days
762,4,1,9.0,0.0,No,No,No,184.0,107.0,66.5,16.87,65.0,70.0,No,17155 days
763,1,0,0.0,0.0,Yes,Yes,Yes,267.0,157.0,94.0,33.32,92.0,205.0,Yes,21170 days
764,3,0,0.0,0.0,No,No,No,162.0,125.0,89.0,27.98,85.0,83.0,No,16425 days
765,4,1,9.0,0.0,No,No,No,296.0,119.0,90.0,23.55,75.0,69.0,Yes,18250 days
766,1,1,20.0,0.0,No,Yes,No,220.0,180.0,108.0,23.59,82.0,90.0,No,20075 days
767,1,1,15.0,0.0,No,Yes,No,204.0,185.0,100.0,22.69,75.0,114.0,Yes,24455 days
768,1,1,1.0,0.0,No,No,No,280.0,147.0,94.0,28.3,63.0,85.0,No,20440 days
769,3,0,0.0,0.0,No,No,No,145.0,105.0,73.0,23.44,58.0,80.0,No,13505 days
770,2,1,20.0,0.0,No,No,No,180.0,123.0,69.0,22.7,72.0,70.0,No,13870 days
771,4,0,0.0,0.0,No,Yes,No,210.0,148.0,85.5,24.01,76.0,88.0,Yes,22995 days
772,2,1,15.0,0.0,No,No,No,246.0,141.0,102.0,26.17,85.0,67.0,No,14600 days
773,2,0,0.0,0.0,No,No,No,262.0,133.0,83.0,22.19,76.0,92.0,Yes,16425 days
774,2,0,0.0,0.0,No,No,No,193.0,118.0,84.0,24.9,70.0,82.0,No,19710 days
775,1,0,0.0,0.0,No,Yes,No,218.0,160.0,100.0,20.5,88.0,71.0,No,24455 days
776,3,0,0.0,0.0,No,No,No,152.0,114.0,66.5,24.56,70.0,71.0,No,14235 days
777,3,0,0.0,0.0,No,No,No,239.0,123.0,70.0,20.2,65.0,81.96365524402907,No,14965 days
778,1,1,10.0,0.0,No,No,No,210.0,120.0,85.0,24.39,68.0,81.96365524402907,No,12410 days
779,1,1,20.0,0.0,No,No,No,220.0,120.0,75.0,19.32,78.0,81.96365524402907,No,14600 days
780,3,1,20.0,0.0,No,No,No,253.0,118.0,82.0,19.7,100.0,70.0,No,16790 days
781,3,1,40.0,0.0,No,No,No,175.0,112.0,62.5,21.03,73.0,69.0,Yes,12775 days
782,4,0,0.0,0.0,No,Yes,No,202.0,138.0,96.0,27.97,68.0,85.0,No,17520 days
783,3,1,20.0,0.0,No,Yes,No,177.0,150.0,101.0,28.96,75.0,60.0,No,17155 days
784,2,1,15.0,0.0,No,No,No,199.0,137.0,81.0,21.85,70.0,72.0,Yes,15695 days
785,1,1,1.0,0.0,No,No,No,211.0,118.5,82.5,24.83,76.0,80.0,No,18980 days
786,3,0,0.0,1.0,No,Yes,No,258.0,126.0,82.0,27.18,72.0,70.0,No,16425 days
787,3,1,25.0,0.0,No,No,No,256.0,121.5,74.0,23.59,70.0,115.0,Yes,15330 days
788,1,0,0.0,0.0,No,No,No,207.0,133.0,76.0,23.42,62.0,85.0,No,20440 days
789,1,0,0.0,0.0,No,Yes,No,260.0,159.5,91.0,27.01,68.0,66.0,No,22995 days
790,3,0,0.0,0.0,No,No,No,272.0,118.5,69.0,18.98,70.0,75.0,No,18980 days
791,1,1,20.0,0.0,No,Yes,No,208.0,164.0,107.0,20.63,63.0,70.0,Yes,16790 days
792,4,1,40.0,0.0,No,No,No,222.0,118.5,82.0,28.47,88.0,87.0,No,17885 days
793,1,0,0.0,0.0,No,No,No,219.0,129.0,90.0,33.47,88.0,73.0,No,16060 days
794,2,0,0.0,0.0,No,No,No,228.0,130.0,92.0,24.86,85.0,76.0,No,15330 days
795,2,1,2.0,1.0,No,Yes,No,230.0,177.0,110.0,28.91,90.0,113.0,No,23360 days
796,2,1,15.0,0.0,No,Yes,No,167.0,156.0,104.0,15.96,72.0,45.0,Yes,21535 days
797,4,0,0.0,0.0,No,Yes,No,240.0,195.0,118.0,23.82,80.0,73.0,No,21535 days
798,2,0,0.0,0.0,No,No,No,175.0,116.0,78.5,25.82,94.0,67.0,No,19710 days
799,3,1,40.0,0.0,No,No,No,280.0,117.0,80.0,26.56,75.0,60.0,No,20805 days
800,1,1,20.0,0.0,No,No,No,242.0,127.0,79.0,19.64,70.0,74.0,No,19345 days
801,2,1,20.0,0.0,No,No,No,231.0,150.0,90.0,23.09,83.0,72.0,No,12775 days
802,1,0,0.0,0.0,No,Yes,No,238.0,162.0,87.5,26.95,100.0,93.0,No,16790 days
803,2,0,0.0,0.0,No,No,No,314.0,124.0,86.5,26.79,70.0,66.0,No,14600 days
804,2,0,0.0,0.0,No,Yes,No,219.0,132.0,91.0,27.93,75.0,80.0,Yes,17155 days
805,3,1,3.0,0.0,No,No,No,219.0,130.0,82.0,24.35,60.0,65.0,No,17885 days
806,3,0,0.0,0.0,No,No,No,326.0,120.0,70.0,24.69,63.0,68.0,No,21170 days
807,1,1,20.0,0.0,No,Yes,No,255.0,142.0,93.0,22.17,75.0,118.0,No,19710 days
808,2,1,10.0,0.0,No,No,No,191.0,125.0,72.5,23.81,75.0,85.0,No,17155 days
809,1,1,5.0,0.0,No,Yes,No,239.0,164.0,94.5,25.01,92.0,89.0,No,21900 days
810,4,0,0.0,0.0,No,No,No,292.0,112.5,82.5,25.04,67.0,82.0,No,19345 days
811,1,0,0.0,0.0,No,No,No,233.0,108.0,66.0,25.16,75.0,72.0,No,24090 days
812,2,0,0.0,0.0,No,No,No,254.0,95.0,57.0,24.55,61.0,81.96365524402907,No,12775 days
813,2,0,0.0,0.0,No,Yes,No,237.0,153.5,85.0,28.45,51.0,81.96365524402907,No,21535 days
814,4,0,0.0,0.0,No,Yes,No,237.0,142.0,82.0,27.5,53.0,87.0,No,13140 days
815,1,1,15.0,0.0,No,No,No,231.0,135.0,79.0,28.46,73.0,67.0,No,13505 days
816,2,1,5.0,0.0,No,No,No,260.0,111.0,70.0,24.24,75.0,87.0,No,17885 days
817,2,1,20.0,0.0,No,No,No,225.0,128.0,82.0,26.79,82.0,85.0,No,16060 days
818,4,0,0.0,0.0,No,No,No,210.0,124.0,79.0,25.26,85.0,91.0,No,14965 days
819,4,1,20.0,0.0,No,No,No,276.0,127.5,85.0,25.09,85.0,74.0,No,15695 days
820,2,0,0.0,0.0,No,No,No,205.0,129.0,86.0,27.27,60.0,76.0,No,13505 days
821,1,0,0.0,0.0,No,Yes,No,305.0,168.0,82.0,26.45,72.0,78.0,No,20075 days
822,2,1,30.0,0.0,No,No,No,236.69952267303103,153.0,60.0,27.47,60.0,81.96365524402907,No,22630 days
823,1,1,15.0,0.0,No,No,No,178.0,102.5,65.0,20.87,75.0,94.0,No,13140 days
824,2,1,10.0,0.0,No,No,No,217.0,110.0,78.5,32.26,110.0,84.0,No,13505 days
825,2,1,20.0,0.0,No,No,No,328.0,134.0,87.0,22.34,92.0,99.0,No,17155 days
826,3,0,0.0,0.0,No,No,No,232.0,127.5,85.0,25.09,75.0,79.0,No,18250 days
827,1,1,10.0,0.0,No,No,No,261.0,122.0,70.0,26.37,96.0,60.0,No,24820 days
828,2,1,30.0,0.0,No,No,No,217.0,126.0,85.0,28.49,65.0,68.0,No,16060 days
829,4,0,0.0,0.0,No,No,No,240.0,133.5,82.5,40.58,70.0,81.96365524402907,No,19345 days
830,1,0,0.0,0.0,No,No,No,197.0,105.0,84.0,25.75,70.0,67.0,No,15330 days
831,2,0,0.0,0.0,No,Yes,No,173.0,147.0,90.0,24.06,63.0,85.0,No,18250 days
832,1,1,40.0,0.0,No,Yes,No,265.0,167.5,104.5,26.59,102.0,81.96365524402907,No,12775 days
833,1,0,0.0,0.0,No,Yes,Yes,248.0,200.0,140.0,43.3,107.0,130.0,Yes,19345 days
834,1,0,0.0,0.0,No,Yes,No,236.69952267303103,153.5,89.5,26.08,71.0,113.0,No,21535 days
835,2,1,20.0,0.0,No,No,No,205.0,127.0,75.0,20.55,80.0,65.0,Yes,20805 days
836,2,1,6.0,0.0,No,No,No,234.0,128.0,91.0,25.59,80.0,93.0,No,17155 days
837,4,1,30.0,0.0,No,Yes,No,240.0,137.0,96.5,23.38,75.0,118.0,No,17885 days
838,3,0,0.0,0.0,No,No,No,266.0,138.0,83.0,30.64,95.0,100.0,Yes,21170 days
839,1,0,0.0,0.0,No,No,No,244.0,133.0,80.0,25.01,75.0,70.0,No,20075 days
840,1,0,0.0,0.0,No,No,No,241.0,120.0,73.0,23.76,60.0,88.0,Yes,21535 days
841,1,0,0.0,0.0,No,No,No,207.0,122.0,82.0,24.15,77.0,74.0,No,20075 days
842,3,0,0.0,0.0,No,No,No,214.0,121.5,78.0,26.11,90.0,82.0,No,15695 days
843,2,0,0.0,0.0,No,No,No,225.0,116.0,79.0,29.21,60.0,70.0,No,16790 days
844,2,0,0.0,0.0,No,Yes,No,214.0,132.0,84.0,26.77,65.0,102.0,Yes,15695 days
845,2,0,0.0,0.0,No,No,No,304.0,131.5,78.5,21.02,68.0,112.0,No,16790 days
846,1,1,30.0,0.0,No,No,No,238.0,118.0,66.0,26.91,90.0,82.0,No,17885 days
847,1,0,0.0,0.0,No,No,No,241.0,118.5,80.5,32.36,95.0,75.0,No,15330 days
848,2,0,0.0,0.0,No,No,No,255.0,114.0,70.5,24.79,83.0,107.0,No,22265 days
849,2,0,0.0,0.0,No,No,No,212.0,102.0,69.0,33.36,55.0,71.0,No,13140 days
850,2,1,40.0,0.0,No,No,No,207.0,131.0,82.0,24.25,73.0,83.0,No,14235 days
851,1,0,0.0,0.0,No,No,No,222.0,119.0,85.0,30.46,77.0,80.0,No,17520 days
852,4,0,0.0,0.0,No,No,No,220.0,107.0,76.5,22.45,66.0,78.0,No,14235 days
853,2,1,3.0,0.0,No,No,No,240.0,122.5,67.5,25.4,88.0,81.0,No,21535 days
854,3,0,0.0,0.0,No,No,No,231.0,131.0,80.0,21.14,70.0,85.0,No,17520 days
855,1,0,0.0,0.0,No,No,No,268.0,114.0,83.0,31.16,75.0,76.0,No,16060 days
856,2,1,30.0,0.0,No,No,No,256.0,111.0,62.0,21.67,74.0,74.0,No,15330 days
857,1,0,0.0,0.0,No,No,No,195.0,118.0,86.0,23.09,70.0,75.0,No,16060 days
858,1,0,0.0,0.0,No,Yes,No,247.0,146.0,88.0,27.26,69.0,63.0,No,18980 days
859,1,1,9.0,0.0,No,No,No,166.0,141.0,81.0,19.42,67.0,101.0,No,21900 days
860,2,0,0.0,0.0,No,No,No,248.0,107.0,73.0,20.64,90.0,80.0,No,12775 days
861,2,1,30.0,0.0,No,No,No,165.0,128.0,83.0,24.71,69.0,60.0,No,14600 days
862,2,1,15.0,0.0,No,Yes,No,283.0,163.0,85.0,21.17,72.0,68.0,No,23360 days
863,2,1,10.0,0.0,No,Yes,No,261.0,136.0,99.0,21.02,85.0,94.0,No,19345 days
864,2,0,0.0,1.0,No,Yes,No,264.0,244.0,124.0,19.61,76.0,120.0,Yes,21535 days
865,1,0,0.0,0.0,No,No,No,273.0,134.0,92.0,32.17,75.0,67.0,No,20075 days
866,2,1,30.0,0.0,No,No,No,234.0,113.0,77.0,20.68,72.0,67.0,No,21170 days
867,2,1,30.0,0.0,No,No,No,197.0,113.5,74.0,21.03,90.0,81.0,Yes,20440 days
868,2,1,30.0,0.0,No,No,No,202.0,104.0,76.0,19.93,70.0,62.0,Yes,14600 days
869,1,0,0.0,0.0,No,No,No,163.0,135.0,82.0,25.75,65.0,77.0,No,15330 days
870,2,0,0.0,0.0,No,No,No,247.0,131.0,79.0,22.12,78.0,83.0,No,17520 days
871,2,1,3.0,0.0,No,No,No,236.69952267303103,120.0,80.0,29.25,78.0,75.0,No,21170 days
872,3,1,15.0,0.0,No,No,No,215.0,129.5,85.5,24.24,75.0,81.96365524402907,No,13870 days
873,1,0,0.0,0.0,No,No,No,251.0,127.5,75.0,26.46,60.0,74.0,No,23725 days
874,3,0,0.0,0.0,No,No,No,205.0,122.0,73.0,22.73,70.0,85.0,No,18980 days
875,2,1,30.0,0.0,No,No,No,225.0,128.0,86.5,25.13,74.0,100.0,No,14235 days
876,1,0,0.0,0.0,No,No,No,250.0,127.5,83.5,30.61,72.0,73.0,No,20075 days
877,1,0,0.0,0.0,No,Yes,No,255.0,153.0,75.0,23.39,60.0,74.0,Yes,23360 days
878,1,1,20.0,0.0,No,Yes,No,239.0,168.0,102.0,30.38,82.0,68.0,Yes,18615 days
879,4,0,0.0,0.0,No,No,No,264.0,127.5,81.0,25.16,76.0,70.0,No,17885 days
880,4,1,5.0,0.0,No,Yes,No,232.0,134.0,91.0,25.13,54.0,75.0,No,19345 days
881,1,0,0.0,0.0,No,No,No,232.0,113.5,73.0,28.78,75.0,77.0,No,17155 days
882,4,1,20.0,0.0,No,Yes,No,225.0,156.0,98.0,30.93,80.0,100.0,Yes,18980 days
883,1,0,0.0,0.0,No,Yes,No,174.0,166.0,89.0,31.44,83.0,81.96365524402907,Yes,22630 days
884,1,1,20.0,0.0,No,No,No,221.0,112.0,69.0,24.07,80.0,79.0,No,18250 days
885,1,1,9.0,0.0,No,Yes,No,242.0,164.0,85.5,18.84,76.0,106.0,No,21170 days
886,1,0,0.0,0.0,No,Yes,No,194.0,176.0,97.0,33.19,68.0,89.0,Yes,23360 days
887,3,0,0.0,0.0,No,No,No,238.0,121.0,80.0,28.95,70.0,67.0,No,13505 days
888,1,1,10.0,0.0,No,Yes,No,206.0,141.0,83.0,27.98,63.0,69.0,No,20805 days
889,4,0,0.0,0.0,No,No,No,273.0,123.0,73.5,22.3,75.0,84.0,Yes,23360 days
890,1,0,0.0,1.0,No,Yes,No,290.0,152.5,90.0,23.63,80.0,76.0,No,24090 days
891,2,0,0.0,0.0,No,No,No,290.0,108.0,72.0,22.91,55.0,84.0,No,12775 days
892,1,1,15.0,0.0,No,No,No,180.0,111.0,61.0,21.51,66.0,75.0,No,13870 days
893,1,1,20.0,0.0,No,No,No,233.0,126.0,85.0,22.89,80.0,87.0,No,14235 days
894,1,1,20.0,0.0,No,Yes,No,199.0,141.0,92.0,43.69,80.0,60.0,Yes,15330 days
895,1,1,20.0,0.0,No,No,No,255.0,130.0,82.5,28.56,82.0,94.0,No,16425 days
896,1,0,0.0,0.0,No,No,No,249.0,139.0,79.5,23.28,94.0,81.96365524402907,No,21535 days
897,3,1,20.0,0.0,No,No,No,200.0,108.0,77.0,18.55,70.0,87.0,No,20805 days
898,2,1,6.0,0.0,No,Yes,No,244.0,168.0,102.0,26.39,76.0,105.0,Yes,22630 days
899,1,1,20.0,0.0,No,Yes,No,255.0,146.0,89.0,27.47,75.0,73.0,Yes,21170 days
900,3,0,0.0,0.0,No,No,No,257.0,128.0,77.0,24.94,68.0,88.0,No,18615 days
901,2,1,11.0,0.0,No,No,No,176.0,134.5,87.0,31.76,80.0,93.0,No,21535 days
902,1,1,1.0,0.0,No,No,No,217.0,124.5,82.0,22.36,87.0,68.0,No,16060 days
903,1,0,0.0,0.0,No,Yes,Yes,282.0,213.0,94.5,28.58,71.0,78.0,No,21900 days
904,3,0,0.0,0.0,No,No,No,318.0,115.0,81.0,25.84,95.0,76.0,No,19710 days
905,2,1,20.0,0.0,No,Yes,No,309.0,148.0,109.0,30.85,95.0,81.96365524402907,No,13870 days
906,1,0,0.0,0.0,No,No,No,220.0,127.0,76.0,24.27,75.0,74.0,No,19345 days
907,4,1,20.0,0.0,No,No,No,201.0,129.0,92.0,24.54,88.0,63.0,No,15695 days
908,2,1,40.0,0.0,No,No,No,206.0,126.0,82.0,24.35,95.0,97.0,No,23360 days
909,1,0,0.0,0.0,No,Yes,No,259.0,167.5,91.5,29.53,108.0,85.0,No,22265 days
910,1,0,0.0,0.0,No,No,No,224.0,108.0,66.0,28.57,90.0,97.0,No,14235 days
911,3,1,5.0,0.0,No,No,No,154.0,125.0,75.0,23.1,110.0,75.0,No,12775 days
912,4,0,0.0,0.0,No,Yes,No,273.0,153.0,94.0,25.27,80.0,76.0,No,24090 days
913,2,0,0.0,0.0,No,No,No,303.0,117.0,71.0,22.01,108.0,85.0,No,19345 days
914,1,1,20.0,0.0,No,Yes,No,229.0,152.0,103.0,32.73,85.0,72.0,No,14600 days
915,1,1,40.0,0.0,No,No,No,253.0,118.0,74.0,26.42,75.0,64.0,Yes,16790 days
916,4,1,25.0,0.0,No,Yes,No,236.0,154.0,93.0,24.49,94.0,76.0,Yes,17155 days
917,1,0,0.0,0.0,No,Yes,No,205.0,140.0,80.0,32.52,58.0,81.96365524402907,No,23360 days
918,1,0,0.0,0.0,No,Yes,No,152.0,120.0,90.0,23.03,77.0,93.0,No,17885 days
919,1,1,10.0,0.0,No,No,No,194.0,111.0,67.5,21.34,73.0,47.0,No,15330 days
920,1,1,15.0,0.0,No,No,No,353.0,116.0,82.0,22.66,85.0,71.0,No,21900 days
921,4,0,0.0,0.0,No,No,No,298.0,115.0,80.0,31.11,75.0,77.0,No,20440 days
922,1,0,0.0,0.0,No,No,No,224.0,131.0,92.0,26.13,68.0,81.96365524402907,No,17520 days
923,1,1,30.0,0.0,No,Yes,No,253.0,159.0,115.0,32.66,110.0,74.0,No,14235 days
924,1,0,0.0,0.0,No,Yes,No,318.0,206.0,98.0,27.23,84.0,87.0,No,22630 days
925,3,1,20.0,0.0,No,No,No,196.0,123.0,71.0,20.56,80.0,76.0,No,16425 days
926,1,1,20.0,0.0,No,Yes,No,360.0,157.0,99.0,28.74,95.0,73.0,No,22265 days
927,1,1,25.0,0.0,No,Yes,No,230.0,142.0,74.0,23.65,72.0,82.0,No,20075 days
928,4,1,5.0,0.0,No,No,No,243.0,106.0,70.5,23.72,60.0,80.0,No,21170 days
929,1,1,5.0,0.0,No,No,No,247.0,139.0,88.0,23.71,60.0,53.0,Yes,19345 days
930,2,1,20.0,0.0,No,No,No,229.0,111.0,70.0,20.24,80.0,70.0,No,13505 days
931,2,1,20.0,0.0,No,Yes,No,280.0,151.0,96.0,25.35,78.0,94.0,No,13140 days
932,2,0,0.0,0.0,No,Yes,No,335.0,199.0,83.0,24.61,80.0,90.0,No,21900 days
933,2,0,0.0,0.0,No,Yes,No,219.0,184.0,109.0,22.73,80.0,73.0,Yes,19345 days
934,1,1,20.0,0.0,No,No,No,168.0,129.5,87.0,20.56,65.0,80.0,No,22630 days
935,1,0,0.0,0.0,No,No,No,250.0,127.5,80.0,29.16,92.0,108.0,Yes,21535 days
936,1,1,40.0,0.0,No,Yes,No,262.0,147.0,103.0,25.38,68.0,81.96365524402907,No,16060 days
937,4,0,0.0,0.0,No,Yes,No,260.0,129.0,90.0,25.29,70.0,62.0,No,15695 days
938,2,1,2.0,0.0,No,No,No,232.0,133.0,86.0,20.15,72.0,74.0,No,17155 days
939,3,0,0.0,0.0,No,No,No,240.0,108.0,72.0,17.64,78.0,81.96365524402907,No,14600 days
940,2,0,0.0,0.0,No,Yes,No,284.0,167.5,102.5,31.5,88.0,87.0,No,19345 days
941,1,1,40.0,0.0,No,Yes,No,247.0,160.0,85.0,27.05,75.0,77.0,No,17155 days
942,2,1,30.0,0.0,No,Yes,No,295.0,176.0,99.0,26.27,82.0,81.96365524402907,No,18615 days
943,4,1,9.0,0.0,No,Yes,No,203.0,117.5,92.0,27.75,80.0,115.0,No,17520 days
944,1,1,30.0,0.0,No,No,No,150.0,127.5,75.0,26.6,75.0,112.0,No,17520 days
945,3,0,0.0,0.0,No,No,No,202.0,115.5,68.0,23.33,76.0,73.0,No,15695 days
946,3,1,20.0,0.0,No,No,No,215.0,128.0,85.0,20.89,75.0,90.0,No,17155 days
947,4,0,0.0,0.0,No,No,No,229.0,118.0,77.0,25.32,78.0,103.0,No,15695 days
948,2,1,20.0,0.0,No,Yes,No,285.0,198.0,107.0,24.87,80.0,97.0,Yes,20440 days
949,2,1,20.0,0.0,No,No,No,220.0,117.5,67.5,20.79,63.0,86.0,No,12410 days
950,3,0,0.0,0.0,No,No,No,274.0,127.0,86.0,21.93,90.0,83.0,No,17155 days
951,2,1,15.0,0.0,No,No,No,236.69952267303103,108.0,76.0,19.25,85.0,102.0,No,17885 days
952,1,1,30.0,0.0,No,No,Yes,234.0,114.5,62.5,28.62,75.0,216.0,Yes,24090 days
953,1,1,5.0,0.0,No,No,No,170.0,137.5,77.5,27.35,67.0,70.0,No,14235 days
954,4,0,0.0,0.0,No,Yes,No,268.0,151.0,98.0,20.34,72.0,60.0,No,21170 days
955,1,1,20.0,0.0,No,Yes,No,257.0,158.5,107.0,27.1,66.0,67.0,No,20805 days
956,1,0,0.0,0.0,No,No,No,252.0,118.0,84.0,25.31,98.0,82.0,No,22995 days
957,3,0,0.0,0.0,No,Yes,No,285.0,160.0,97.0,31.31,75.0,65.0,No,19345 days
958,2,0,0.0,0.0,No,No,No,209.0,137.0,82.5,26.69,62.0,84.0,No,13870 days
959,1,1,20.0,0.0,No,Yes,No,262.0,131.5,92.0,28.3,70.0,78.0,No,20805 days
960,2,0,0.0,0.0,No,No,No,261.0,123.5,84.0,20.94,75.0,75.0,No,17885 days
961,2,0,0.0,0.0,No,Yes,No,202.0,140.0,82.0,22.88,75.0,95.0,No,17155 days
962,2,1,1.0,0.0,No,No,No,160.0,98.0,66.0,25.07,68.0,73.0,Yes,13140 days
963,1,1,9.0,0.0,No,No,No,218.0,109.5,67.0,23.48,65.0,71.0,No,15330 days
964,2,1,15.0,0.0,No,No,No,284.0,115.5,65.5,20.39,64.0,78.0,No,14235 days
965,3,1,20.0,0.0,No,No,No,265.0,106.0,79.0,26.48,80.0,163.0,Yes,18980 days
966,4,0,0.0,0.0,No,No,No,239.0,110.0,70.0,23.98,65.0,83.0,No,23360 days
967,1,0,0.0,0.0,No,No,No,210.0,122.0,81.0,22.48,68.0,97.0,No,22265 days
968,1,0,0.0,0.0,No,Yes,No,266.0,137.0,88.0,29.76,80.0,80.0,No,19710 days
969,1,0,0.0,0.0,No,Yes,No,256.0,160.0,109.0,42.53,81.0,79.0,No,22265 days
970,1,1,3.0,0.0,No,Yes,No,199.0,134.0,98.0,27.78,75.0,89.0,Yes,18980 days
971,3,0,0.0,0.0,No,No,No,171.0,125.5,86.0,26.57,75.0,71.0,No,13870 days
972,1,1,30.0,0.0,No,No,No,272.0,133.0,91.0,28.5,72.0,81.96365524402907,No,18615 days
973,1,1,10.0,0.0,No,No,No,205.0,120.5,67.5,22.89,75.0,113.0,No,13505 days
974,3,1,15.0,0.0,No,No,No,225.0,131.0,74.0,24.54,65.0,77.0,Yes,18980 days
975,1,1,20.0,0.0,No,Yes,No,272.0,159.0,109.0,31.27,80.0,68.0,No,18250 days
976,1,1,20.0,1.0,No,Yes,No,269.0,170.0,100.0,29.59,60.0,83.0,Yes,21900 days
977,1,0,0.0,0.0,No,No,No,160.0,124.0,90.0,26.82,50.0,67.0,No,14235 days
978,1,1,20.0,0.0,No,Yes,No,158.0,154.0,100.0,24.07,92.0,70.0,Yes,20805 days
979,1,0,0.0,0.0,No,Yes,No,239.0,132.0,75.0,20.67,86.0,80.0,No,23360 days
980,4,1,10.0,0.0,No,No,No,196.0,115.0,71.0,22.19,105.0,85.0,No,20075 days
981,2,1,2.0,0.0,No,No,No,258.0,111.0,72.0,26.24,70.0,65.0,No,16425 days
982,1,0,0.0,0.0,No,No,No,201.0,110.0,77.0,24.53,65.0,77.0,No,24455 days
983,1,0,0.0,0.0,No,No,No,340.0,149.0,81.0,28.46,110.0,99.0,No,14600 days
984,3,1,5.0,0.0,No,No,No,192.0,135.0,82.5,32.67,67.0,69.0,No,17520 days
985,2,1,10.0,0.0,No,No,No,300.0,127.0,89.0,25.46,75.0,70.0,Yes,19345 days
986,1,1,10.0,0.0,No,No,No,177.0,121.0,67.0,22.02,71.0,77.0,No,18250 days
987,4,0,0.0,0.0,No,No,No,194.0,115.0,82.0,28.23,48.0,76.0,No,17155 days
988,1,0,0.0,0.0,No,No,No,266.0,139.0,88.0,23.61,75.0,78.0,No,15330 days
989,2,0,0.0,0.0,No,Yes,No,287.0,122.0,80.0,26.26,77.0,85.0,No,19345 days
990,2,0,0.0,0.0,No,No,No,247.0,113.0,80.0,28.59,80.0,82.0,No,14235 days
991,2,1,30.0,0.0,No,No,No,199.0,124.0,86.0,23.39,76.0,72.0,No,14235 days
992,1,0,0.0,0.0,No,Yes,No,205.0,139.0,92.0,32.32,70.0,90.0,No,23360 days
993,3,1,1.0,0.0,No,No,No,310.0,118.0,77.5,24.03,90.0,70.0,No,22265 days
994,2,0,0.0,0.0,No,No,No,270.0,122.0,76.0,21.35,77.0,88.0,No,16790 days
995,2,1,9.0,0.0,No,No,No,201.0,122.0,67.0,20.12,68.0,81.96365524402907,No,17155 days
996,1,1,30.0,0.0,No,No,No,199.0,107.5,71.0,26.62,70.0,68.0,No,17885 days
997,3,0,0.0,0.0,No,No,No,255.0,125.0,85.0,22.89,65.0,81.0,No,20075 days
998,1,0,0.0,0.0,No,No,No,372.0,122.0,80.0,21.02,65.0,81.0,No,20805 days
999,2,0,0.0,0.0,No,No,No,159.0,112.0,69.0,26.98,86.0,81.96365524402907,No,13505 days
1000,2,0,0.0,0.0,No,No,No,168.0,102.0,64.0,23.64,60.0,75.0,No,14965 days
1001,3,0,0.0,0.0,No,No,No,216.0,124.0,85.0,29.91,100.0,103.0,No,16790 days
1002,1,0,0.0,0.0,No,Yes,No,191.0,167.0,105.0,23.01,80.0,85.0,No,21900 days
1003,1,0,0.0,0.0,No,Yes,No,263.0,206.0,104.0,26.15,70.0,91.0,No,23360 days
1004,1,0,0.0,0.0,No,No,No,175.0,117.0,67.0,22.36,58.0,70.0,No,15695 days
1005,1,0,0.0,0.0,No,No,No,240.0,145.0,94.0,28.86,60.0,68.0,No,18250 days
1006,4,0,0.0,0.0,No,No,No,220.0,107.0,73.5,23.09,61.0,80.0,No,13870 days
1007,3,0,0.0,0.0,No,No,No,310.0,142.0,94.0,31.1,83.0,65.0,No,20440 days
1008,1,1,20.0,0.0,No,Yes,No,186.0,167.0,96.5,25.09,112.0,113.0,No,19345 days
1009,2,1,1.0,0.0,No,No,No,220.0,142.0,82.5,21.02,56.0,78.0,No,18615 days
1010,1,1,30.0,0.0,No,No,No,232.0,111.5,70.0,28.3,90.0,80.0,No,15330 days
1011,1,1,1.0,0.0,No,No,No,240.0,148.0,81.0,25.67,90.0,78.0,No,21170 days
1012,2,1,20.0,0.0,No,No,No,187.0,133.0,88.0,31.82,75.0,77.0,No,19710 days
1013,2,0,0.0,0.0,No,No,No,213.0,100.0,71.0,23.85,77.0,75.0,No,19345 days
1014,4,0,0.0,0.0,No,No,No,210.0,132.0,86.0,28.92,94.0,74.0,No,21170 days
1015,1,1,5.0,0.0,No,No,No,267.0,139.0,84.0,28.76,75.0,112.0,No,21900 days
1016,3,0,0.0,0.0,No,No,No,332.0,119.5,74.0,28.5,68.0,92.0,No,22630 days
1017,3,0,0.0,0.0,No,No,No,236.0,127.0,83.0,26.53,57.0,86.0,No,21535 days
1018,2,0,0.0,0.0,No,Yes,No,232.0,147.0,71.5,25.45,85.0,74.0,No,19345 days
1019,2,1,10.0,0.0,No,No,No,242.0,100.0,66.0,21.85,75.0,81.96365524402907,No,15330 days
1020,2,0,0.0,0.0,No,No,No,242.0,136.5,95.0,24.43,75.0,88.0,No,12775 days
1021,3,0,0.0,0.0,No,Yes,No,224.0,149.0,90.0,29.94,100.0,85.0,No,18250 days
1022,1,0,0.0,0.0,No,Yes,No,167.0,155.0,74.0,19.42,125.0,81.0,No,13140 days
1023,1,0,0.0,0.0,No,No,No,277.0,133.0,84.0,36.21,62.0,74.0,No,20805 days
1024,4,0,0.0,0.0,No,No,No,227.0,131.5,84.0,25.41,60.0,87.0,No,12410 days
1025,2,0,0.0,0.0,No,No,No,217.0,117.5,77.5,32.4,55.0,83.0,No,16790 days
1026,2,1,5.0,0.0,No,No,No,200.0,131.0,88.0,25.09,81.0,88.0,No,15330 days
1027,4,1,10.0,0.0,No,No,No,271.0,131.0,73.5,30.12,72.0,107.0,Yes,22995 days
1028,3,0,0.0,0.0,No,No,No,217.0,140.0,82.0,20.5,58.0,81.96365524402907,Yes,23725 days
1029,3,0,0.0,0.0,No,No,No,197.0,105.5,67.0,23.14,60.0,69.0,No,16790 days
1030,2,1,20.0,0.0,No,No,Yes,279.0,138.0,86.0,30.63,80.0,144.0,No,16425 days
1031,1,0,0.0,0.0,No,No,No,236.0,126.0,84.0,20.34,71.0,76.0,No,21900 days
1032,4,1,3.0,0.0,No,Yes,No,218.0,145.0,90.0,26.65,76.0,70.0,Yes,16425 days
1033,2,0,0.0,0.0,No,Yes,No,187.0,122.0,83.0,30.4,85.0,75.0,No,16060 days
1034,1,1,20.0,0.0,No,Yes,No,222.0,141.5,91.0,27.06,63.0,73.0,No,14235 days
1035,4,0,0.0,0.0,No,No,No,183.0,111.0,71.0,19.78,66.0,81.0,No,15330 days
1036,3,1,20.0,0.0,No,No,No,264.0,142.0,90.0,31.78,95.0,97.0,No,22630 days
1037,1,0,0.0,0.0,No,No,No,270.0,131.0,88.0,27.13,63.0,55.0,No,17520 days
1038,4,0,0.0,0.0,No,No,No,269.0,112.5,72.5,23.45,60.0,80.0,No,20075 days
1039,2,1,20.0,0.0,No,No,No,207.0,117.0,80.0,20.17,75.0,59.0,No,16425 days
1040,1,1,20.0,0.0,No,Yes,No,192.0,143.0,98.0,29.01,90.0,68.0,No,21170 days
1041,1,1,9.0,1.0,No,Yes,No,285.0,165.0,115.0,24.25,72.0,116.0,No,20440 days
1042,2,0,0.0,0.0,No,Yes,No,250.0,161.5,95.0,27.76,67.0,83.0,No,20075 days
1043,1,1,30.0,0.0,No,No,No,211.0,122.0,66.5,20.19,62.0,57.0,No,20805 days
1044,1,0,0.0,0.0,Yes,Yes,No,290.0,144.0,64.0,21.41,58.0,145.0,Yes,23725 days
1045,1,0,0.0,0.0,No,Yes,No,201.0,164.5,93.5,27.73,78.0,95.0,Yes,22265 days
1046,1,1,0.0,0.0,No,No,No,280.0,120.0,80.0,22.33,90.0,75.0,No,17885 days
1047,2,0,0.0,0.0,No,Yes,No,164.0,141.5,98.0,32.52,72.0,76.0,No,15330 days
1048,1,0,0.0,0.0,No,No,No,220.0,124.0,82.0,24.54,54.0,83.0,No,18250 days
1049,4,1,20.0,0.0,No,No,No,270.0,112.0,77.0,24.77,73.0,85.0,No,15330 days
1050,1,1,9.0,0.0,No,Yes,No,346.0,137.0,97.0,29.11,75.0,82.0,No,16790 days
1051,2,1,20.0,0.0,No,Yes,No,266.0,163.0,105.0,28.04,90.0,79.0,Yes,19345 days
1052,2,0,0.0,0.0,No,No,No,169.0,116.0,62.0,19.44,53.0,87.0,No,16060 days
1053,1,0,0.0,0.0,No,Yes,No,237.0,171.5,105.5,34.25,91.0,104.0,No,19710 days
1054,2,1,60.0,0.0,No,Yes,No,250.0,150.0,97.0,32.0,75.0,65.0,No,21170 days
1055,1,1,9.0,0.0,No,No,No,245.0,126.0,68.0,29.04,70.0,94.0,Yes,24455 days
1056,1,0,0.0,0.0,No,No,No,271.0,132.5,90.0,24.06,94.0,95.0,No,16060 days
1057,2,1,30.0,0.0,No,Yes,No,176.0,146.0,88.0,24.04,78.0,83.0,No,14965 days
1058,4,0,0.0,0.0,No,Yes,No,240.0,177.0,103.5,24.39,86.0,75.0,Yes,18980 days
1059,1,0,0.0,0.0,No,No,No,187.0,105.0,74.0,23.26,80.0,69.0,No,14600 days
1060,2,1,3.0,0.0,No,No,No,252.0,108.5,63.5,25.23,80.0,121.0,No,20075 days
1061,3,1,3.0,0.0,No,No,No,140.0,110.0,60.0,23.38,65.0,82.0,No,14965 days
1062,2,0,0.0,0.0,No,No,No,185.0,102.0,72.0,24.08,63.0,83.0,No,14600 days
1063,4,0,0.0,0.0,No,No,No,169.0,117.5,77.5,28.44,90.0,81.96365524402907,No,13505 days
1064,2,0,0.0,0.0,No,No,No,287.0,141.5,82.0,27.88,84.0,81.96365524402907,No,17520 days
1065,1,0,0.0,0.0,No,No,No,324.0,129.5,92.5,34.99,79.0,103.0,No,14965 days
1066,2,0,0.0,0.0,No,No,No,273.0,132.0,85.0,26.03,70.0,78.0,No,17520 days
1067,1,0,0.0,0.0,No,No,No,245.0,131.0,80.0,32.04,80.0,81.0,No,18980 days
1068,1,1,10.0,0.0,No,Yes,Yes,229.0,146.5,82.0,27.8,60.0,172.0,No,19345 days
1069,1,0,0.0,0.0,No,No,No,200.0,114.0,77.0,28.28,66.0,84.0,No,18980 days
1070,4,1,20.0,0.0,No,No,No,215.0,107.0,75.0,22.14,79.0,105.0,No,16425 days
1071,1,0,0.0,0.0,No,No,No,276.0,124.0,70.0,25.61,76.0,75.0,Yes,23725 days
1072,4,1,9.0,0.0,No,No,No,165.0,139.0,91.0,26.54,83.0,83.0,No,15330 days
1073,1,0,0.0,0.0,No,No,No,181.0,153.0,93.0,29.34,103.0,88.0,No,17520 days
1074,1,1,5.0,0.0,No,No,No,170.0,109.5,69.0,17.38,88.0,66.0,No,16425 days
1075,4,1,3.0,0.0,No,No,No,289.0,131.0,86.5,21.85,76.0,71.0,No,20440 days
1076,2,0,0.0,0.0,No,No,No,190.0,132.0,67.0,23.08,65.0,70.0,Yes,21170 days
1077,3,1,20.0,0.0,No,No,No,225.0,131.0,79.0,25.91,67.0,62.0,No,19710 days
1078,3,0,0.0,1.0,No,Yes,No,273.0,125.0,83.0,24.48,65.0,66.0,No,20440 days
1079,1,0,0.0,1.0,No,Yes,No,263.0,201.0,93.0,30.04,75.0,78.0,Yes,24455 days
1080,1,1,35.0,0.0,No,No,No,290.0,120.5,84.0,25.05,80.0,90.0,No,20075 days
1081,3,0,0.0,0.0,No,Yes,No,273.0,145.0,90.0,23.94,78.0,82.0,No,21535 days
1082,2,1,30.0,0.0,No,No,No,265.0,144.0,86.0,25.57,82.0,68.0,No,17885 days
1083,2,0,0.0,0.0,No,No,No,279.0,127.0,70.0,23.48,92.0,79.0,No,19710 days
1084,2,0,0.0,0.0,No,No,No,232.0,122.5,82.5,27.55,74.0,59.0,Yes,16425 days
1085,1,1,10.0,0.0,No,No,No,346.0,131.0,81.0,22.69,75.0,77.0,No,20075 days
1086,2,0,0.0,0.0,No,No,No,253.0,118.0,79.0,26.61,85.0,83.0,No,16790 days
1087,2,1,10.0,0.0,No,No,No,216.0,112.5,76.5,27.22,75.0,77.0,No,14600 days
1088,4,1,4.0,0.0,No,Yes,No,220.0,135.0,91.0,27.23,70.0,88.0,No,16060 days
1089,1,1,9.0,0.0,No,No,No,239.0,118.0,78.0,23.48,85.0,75.0,Yes,14600 days
1090,1,0,0.0,0.0,No,No,No,261.0,123.0,75.0,26.72,90.0,85.0,No,13505 days
1091,1,1,30.0,0.0,No,No,No,210.0,112.0,66.0,24.58,70.0,84.0,Yes,17155 days
1092,2,1,15.0,0.0,No,No,No,253.0,137.0,87.0,24.5,80.0,81.0,No,17155 days
1093,4,1,40.0,0.0,No,No,No,263.0,114.0,81.0,25.68,70.0,74.0,Yes,15695 days
1094,1,0,0.0,0.0,No,No,No,265.0,137.0,76.0,25.46,85.0,84.0,No,19345 days
1095,1,1,20.0,0.0,No,No,No,219.0,125.0,71.0,21.19,77.0,75.0,Yes,18615 days
1096,1,1,10.0,0.0,No,No,No,246.0,113.5,66.5,19.47,85.0,60.0,No,18980 days
1097,1,0,0.0,0.0,No,No,No,200.0,113.0,76.5,27.22,72.0,73.0,No,18980 days
1098,4,0,0.0,0.0,No,No,No,220.0,114.0,78.0,26.26,79.0,83.0,Yes,18250 days
1099,1,1,5.0,0.0,No,No,No,279.0,110.0,72.5,24.89,67.0,70.0,No,13505 days
1100,4,0,0.0,0.0,No,No,No,274.0,125.0,87.0,21.67,75.0,73.0,No,18250 days
1101,3,0,0.0,0.0,No,No,No,174.0,101.0,68.0,27.47,85.0,81.96365524402907,No,13870 days
1102,2,1,9.0,0.0,No,No,No,229.0,131.0,87.0,23.31,80.0,74.0,No,15695 days
1103,4,1,20.0,0.0,No,Yes,No,352.0,149.0,73.0,25.96,80.0,79.0,No,21900 days
1104,4,0,0.0,0.0,No,Yes,No,195.0,162.0,108.0,32.65,85.0,73.0,No,20805 days
1105,3,0,0.0,0.0,No,No,No,236.69952267303103,127.5,80.0,23.08,95.0,85.0,No,12775 days
1106,2,1,9.0,0.0,No,Yes,No,230.0,137.0,99.0,25.77,83.0,79.0,No,19345 days
1107,1,1,20.0,0.0,No,No,No,209.0,105.0,65.0,23.8,69.0,64.0,No,15330 days
1108,1,0,0.0,0.0,No,No,No,227.0,130.0,77.5,26.18,63.0,91.0,No,22265 days
1109,3,0,0.0,0.0,No,Yes,No,159.0,145.0,90.0,20.33,82.0,83.0,No,14600 days
1110,2,0,0.0,1.0,No,Yes,No,201.0,148.5,90.0,25.85,65.0,83.0,Yes,21535 days
1111,2,0,0.0,0.0,No,Yes,Yes,600.0,159.5,94.0,28.27,78.0,140.0,Yes,18980 days
1112,3,0,0.0,0.0,No,No,No,241.0,143.5,89.0,26.45,69.0,80.0,No,22995 days
1113,2,0,0.0,0.0,No,Yes,No,238.0,140.0,80.0,26.69,69.0,83.0,No,24090 days
1114,2,1,43.0,0.0,No,No,No,220.0,119.0,75.0,26.28,82.0,67.0,No,19345 days
1115,1,1,30.0,0.0,No,Yes,No,240.0,169.0,96.0,32.4,90.0,81.96365524402907,No,15330 days
1116,1,1,1.0,0.0,No,No,No,175.0,105.5,64.5,25.83,72.0,72.0,No,14235 days
1117,1,1,15.0,0.0,No,No,No,272.0,127.5,79.5,26.37,78.0,66.0,Yes,21170 days
1118,4,0,0.0,0.0,No,No,No,230.0,113.0,82.0,24.99,68.0,81.96365524402907,No,20075 days
1119,1,1,20.0,0.0,No,Yes,No,285.0,140.0,82.5,21.24,98.0,81.96365524402907,No,23725 days
1120,3,0,0.0,0.0,No,No,No,267.0,114.0,71.0,24.81,78.0,90.0,No,20440 days
1121,1,1,9.0,0.0,No,No,No,241.0,101.0,72.0,28.35,69.0,70.0,No,19710 days
1122,1,1,6.0,0.0,No,No,No,236.69952267303103,120.0,67.0,32.77,86.0,81.96365524402907,No,24455 days
1123,4,0,0.0,0.0,No,No,Yes,251.0,133.0,72.5,24.28,65.0,86.0,No,23360 days
1124,2,0,0.0,0.0,No,No,No,210.0,138.0,92.0,23.13,70.0,92.0,No,16060 days
1125,3,0,0.0,0.0,No,Yes,No,259.0,173.0,102.0,27.22,85.0,75.0,No,16790 days
1126,1,1,30.0,0.0,No,No,No,202.0,112.5,64.5,22.85,69.0,103.0,No,14600 days
1127,3,1,10.0,0.0,No,No,No,253.0,109.0,74.0,24.38,88.0,60.0,No,15330 days
1128,3,1,10.0,0.0,No,Yes,No,236.0,189.0,103.0,27.91,60.0,74.0,No,22995 days
1129,4,0,0.0,0.0,No,No,No,279.0,154.5,103.5,27.12,79.0,60.0,No,17155 days
1130,1,0,0.0,0.0,No,Yes,No,292.0,141.5,88.5,23.95,86.0,70.0,No,22265 days
1131,2,0,0.0,0.0,No,Yes,No,215.0,159.0,64.0,24.56,58.0,124.0,Yes,18980 days
1132,2,0,0.0,0.0,No,Yes,No,206.0,146.0,77.0,23.58,87.0,90.0,No,18615 days
1133,2,0,0.0,0.0,No,Yes,No,293.0,140.0,84.0,34.56,83.0,76.0,No,23360 days
1134,1,0,0.0,0.0,No,No,No,262.0,122.0,87.5,24.77,95.0,85.0,No,23360 days
1135,2,1,30.0,0.0,No,Yes,No,282.0,130.0,80.0,23.9,66.0,68.0,No,14600 days
1136,2,1,30.0,0.0,No,No,No,245.0,125.0,80.5,24.58,64.0,80.0,No,16060 days
1137,4,1,20.0,0.0,No,No,No,192.0,132.0,79.0,24.53,68.0,112.0,No,16425 days
1138,4,1,20.0,0.0,No,No,No,190.0,93.5,69.0,27.25,68.0,74.0,No,21535 days
1139,2,1,35.0,0.0,No,Yes,No,217.0,144.0,99.0,25.16,68.0,60.0,No,16060 days
1140,2,1,30.0,0.0,No,No,No,249.0,133.0,88.0,28.5,75.0,75.0,Yes,18250 days
1141,1,0,0.0,0.0,No,Yes,No,256.0,147.0,96.0,30.42,72.0,75.0,No,20440 days
1142,3,0,0.0,0.0,No,No,No,218.0,125.0,80.0,24.96,72.0,81.96365524402907,Yes,19345 days
1143,3,0,0.0,0.0,No,Yes,No,315.0,156.0,90.0,25.92,64.0,74.0,No,22995 days
1144,1,0,0.0,0.0,No,Yes,No,224.0,174.0,112.0,22.73,63.0,82.0,No,20805 days
1145,3,0,0.0,0.0,No,Yes,No,196.0,150.0,84.0,25.98,60.0,93.0,No,23360 days
1146,1,1,30.0,0.0,No,No,No,225.0,140.0,88.0,24.71,80.0,78.0,No,20805 days
1147,1,1,25.0,0.0,No,No,No,270.0,129.0,82.0,27.63,88.0,60.0,No,20075 days
1148,3,0,0.0,0.0,No,No,No,265.0,130.0,84.0,29.66,76.0,69.0,No,20075 days
1149,2,1,30.0,0.0,No,No,No,193.0,100.0,60.0,29.69,60.0,69.0,No,14965 days
1150,1,1,10.0,0.0,No,No,No,392.0,113.0,68.0,23.35,70.0,63.0,No,16790 days
1151,2,0,0.0,0.0,No,No,No,239.0,128.0,84.5,33.49,75.0,80.0,No,13870 days
1152,2,0,0.0,0.0,No,No,No,261.0,145.0,77.0,26.67,73.0,95.0,No,20440 days
1153,3,1,1.0,0.0,No,Yes,No,242.0,172.0,84.0,19.81,70.0,111.0,No,24455 days
1154,2,0,0.0,0.0,No,Yes,No,222.0,167.0,107.0,25.56,82.0,88.0,No,16425 days
1155,2,1,3.0,0.0,No,No,No,221.0,148.0,85.0,25.80080075811419,90.0,80.0,Yes,23360 days
1156,1,1,20.0,0.0,No,No,No,242.0,116.0,69.0,21.65,75.0,73.0,No,18250 days
1157,4,0,0.0,0.0,No,No,No,257.0,122.0,73.0,24.17,96.0,104.0,No,14965 days
1158,3,1,5.0,0.0,No,No,No,291.0,107.5,65.0,24.1,82.0,78.0,No,16790 days
1159,3,0,0.0,0.0,No,No,No,229.0,144.0,91.0,24.96,70.0,82.0,No,21900 days
1160,2,1,3.0,0.0,No,No,No,223.0,119.0,73.0,24.22,72.0,77.0,No,14965 days
1161,2,0,0.0,0.0,No,No,No,195.0,126.0,75.0,25.80080075811419,60.0,81.96365524402907,Yes,17155 days
1162,1,0,0.0,0.0,No,No,No,214.0,100.0,65.0,30.18,60.0,66.0,No,22265 days
1163,1,0,0.0,0.0,No,No,No,239.0,130.0,80.0,23.25,64.0,95.0,No,24820 days
1164,4,0,0.0,0.0,No,No,No,250.0,116.0,79.0,28.59,93.0,87.0,No,16425 days
1165,2,1,20.0,0.0,No,Yes,Yes,334.0,147.0,86.0,29.01,80.0,63.0,No,18980 days
1166,2,0,0.0,0.0,No,Yes,No,322.0,140.0,90.0,29.47,58.0,64.0,No,20440 days
1167,4,0,0.0,0.0,No,No,No,291.0,114.0,81.0,26.21,70.0,79.0,No,19345 days
1168,3,0,0.0,0.0,No,Yes,No,214.0,153.5,103.5,23.45,70.0,71.0,No,18615 days
1169,2,1,20.0,0.0,No,No,No,200.0,126.0,86.0,26.84,80.0,96.0,No,17155 days
1170,1,0,0.0,0.0,No,Yes,No,256.0,138.0,76.0,22.81,65.0,100.0,No,24455 days
1171,3,0,0.0,0.0,No,Yes,No,221.0,175.0,107.5,25.97,63.0,78.0,No,17885 days
1172,3,0,0.0,0.0,No,No,No,245.0,102.0,68.0,23.01,60.0,81.96365524402907,No,19345 days
1173,3,0,0.0,0.0,No,No,No,185.0,123.0,69.0,18.98,79.0,75.0,No,13140 days
1174,2,0,0.0,0.0,No,Yes,No,304.0,165.0,91.0,26.97,80.0,81.0,No,22630 days
1175,2,0,0.0,0.0,No,No,No,246.0,132.5,82.0,19.09,59.0,81.96365524402907,No,21170 days
1176,2,1,20.0,0.0,No,Yes,No,248.0,135.0,94.5,36.52,65.0,85.0,No,13140 days
1177,1,0,0.0,0.0,No,Yes,No,325.0,155.0,90.0,26.27,68.0,72.0,Yes,20075 days
1178,1,1,15.0,0.0,No,No,No,221.0,131.0,84.0,28.58,85.0,72.0,No,16425 days
1179,4,1,4.0,0.0,No,No,No,196.0,107.0,73.0,24.36,60.0,71.0,No,16060 days
1180,4,0,0.0,0.0,No,No,No,242.0,145.0,87.5,22.01,58.0,73.0,No,17155 days
1181,4,1,15.0,0.0,No,No,No,300.0,128.0,80.0,27.3,68.0,81.96365524402907,No,19710 days
1182,2,1,43.0,0.0,No,Yes,No,170.0,130.0,94.0,23.9,110.0,75.0,No,13870 days
1183,1,0,0.0,0.0,No,Yes,No,233.0,184.0,106.0,38.88,66.0,40.0,Yes,20805 days
1184,2,1,3.0,0.0,No,No,No,315.0,135.0,80.0,25.23,103.0,89.0,No,23360 days
1185,1,0,0.0,0.0,No,No,No,205.0,118.0,76.5,23.48,75.0,77.0,No,16790 days
1186,3,0,0.0,0.0,No,Yes,No,267.0,160.5,109.0,28.33,70.0,75.0,Yes,17885 days
1187,1,1,20.0,0.0,No,No,No,261.0,114.0,64.0,22.32,85.0,71.0,No,18250 days
1188,3,0,0.0,0.0,No,Yes,No,306.0,177.0,96.0,32.51,90.0,126.0,Yes,22995 days
1189,1,0,0.0,0.0,No,Yes,No,169.0,243.0,142.5,28.49,85.0,77.0,No,17520 days
1190,1,1,15.0,0.0,No,No,No,222.0,117.0,79.0,21.09,92.0,81.96365524402907,Yes,21170 days
1191,2,1,20.0,0.0,No,Yes,No,260.0,178.0,103.0,24.62,72.0,79.0,No,21900 days
1192,1,1,15.0,0.0,No,No,No,242.0,139.0,80.0,19.68,72.0,60.0,No,14965 days
1193,1,0,0.0,0.0,No,No,No,280.0,127.0,77.0,30.39,56.0,78.0,Yes,23360 days
1194,1,0,0.0,0.0,No,Yes,No,231.0,184.0,90.0,26.03,70.0,75.0,No,22630 days
1195,1,1,20.0,0.0,No,Yes,No,270.0,145.5,87.5,23.88,81.0,67.0,Yes,22630 days
1196,1,1,3.0,0.0,No,No,No,216.0,133.0,87.0,30.06,68.0,91.0,No,24090 days
1197,1,0,0.0,1.0,No,Yes,No,320.0,187.5,85.5,25.33,75.0,68.0,No,21535 days
1198,4,1,10.0,0.0,No,No,No,214.0,119.0,76.0,21.67,67.0,75.0,No,13140 days
1199,1,1,10.0,0.0,No,No,No,304.0,125.0,86.0,30.07,80.0,84.0,No,14600 days
1200,1,1,20.0,0.0,No,Yes,No,248.0,165.0,96.0,24.45,100.0,71.0,No,19345 days
1201,1,0,0.0,0.0,No,No,No,246.0,138.0,92.0,28.23,72.0,91.0,No,17885 days
1202,1,1,20.0,0.0,No,No,No,195.0,134.0,81.0,21.4,85.0,81.96365524402907,No,17155 days
1203,1,1,30.0,0.0,No,Yes,No,253.0,178.0,106.0,24.68,100.0,76.0,Yes,23360 days
1204,3,0,0.0,0.0,No,Yes,No,256.0,138.0,105.0,26.97,98.0,100.0,No,16790 days
1205,2,0,0.0,0.0,No,No,No,245.0,123.0,85.5,24.49,68.0,76.0,No,21170 days
1206,1,0,0.0,0.0,No,Yes,No,235.0,151.0,91.0,30.86,78.0,87.0,No,24090 days
1207,4,0,0.0,0.0,No,No,No,205.0,110.0,69.0,25.99,75.0,67.0,No,14965 days
1208,1,1,15.0,0.0,No,No,No,199.0,122.0,82.0,22.16,85.0,77.0,No,14600 days
1209,3,1,20.0,0.0,No,No,No,304.0,119.0,76.0,32.52,64.0,80.0,No,15330 days
1210,1,0,0.0,0.0,No,No,No,206.0,110.0,78.0,33.03,65.0,62.0,No,18980 days
1211,4,0,0.0,0.0,No,Yes,No,245.0,142.5,85.0,35.45,62.0,81.96365524402907,No,15330 days
1212,1,0,0.0,0.0,No,Yes,No,309.0,155.0,85.0,23.06,70.0,63.0,No,17885 days
1213,1,1,1.0,0.0,No,No,No,234.0,111.0,81.0,22.35,70.0,77.0,No,18980 days
1214,1,0,0.0,0.0,No,No,No,218.0,138.5,87.5,22.91,73.0,81.96365524402907,No,21170 days
1215,3,0,0.0,0.0,No,Yes,No,305.0,150.0,88.0,26.82,75.0,75.0,No,16790 days
1216,2,0,0.0,0.0,No,No,No,208.0,116.0,75.0,18.52,80.0,82.0,No,14600 days
1217,1,1,15.0,0.0,No,No,No,210.0,99.0,67.0,22.39,57.0,75.0,No,12775 days
1218,1,0,0.0,0.0,No,No,No,271.0,115.0,77.0,28.68,66.0,82.0,No,15330 days
1219,1,0,0.0,0.0,No,Yes,No,264.0,181.0,90.0,24.49,75.0,71.0,No,21170 days
1220,3,0,0.0,0.0,No,No,No,209.0,115.0,75.0,27.99,80.0,90.0,No,15695 days
1221,2,0,0.0,0.0,No,Yes,No,248.0,174.0,110.0,31.74,75.0,100.0,No,16060 days
1222,2,1,10.0,0.0,No,No,No,155.0,96.0,61.0,24.19,60.0,68.0,No,13870 days
1223,2,1,20.0,0.0,No,No,No,149.0,122.0,72.0,21.3,85.0,75.0,No,14235 days
1224,1,0,0.0,0.0,No,No,No,255.0,120.5,85.5,30.85,100.0,79.0,No,14965 days
1225,1,0,0.0,0.0,No,No,No,137.0,127.0,82.0,27.04,60.0,71.0,No,14600 days
1226,2,1,9.0,0.0,No,No,No,160.0,102.5,67.5,21.16,90.0,68.0,No,13870 days
1227,4,0,0.0,0.0,No,Yes,No,210.0,158.0,104.0,30.93,73.0,113.0,No,20805 days
1228,2,1,3.0,0.0,No,No,No,226.0,130.0,80.0,25.25,75.0,73.0,No,14965 days
1229,2,1,15.0,0.0,No,No,No,197.0,124.0,81.0,21.5,80.0,63.0,No,15330 days
1230,1,1,30.0,0.0,No,Yes,No,279.0,180.0,109.5,26.04,75.0,82.0,Yes,21170 days
1231,4,0,0.0,0.0,No,No,No,195.0,112.0,74.5,23.37,58.0,110.0,No,15330 days
1232,4,1,3.0,0.0,No,No,No,231.0,133.5,76.0,25.77,75.0,73.0,No,17155 days
1233,1,0,0.0,0.0,No,No,No,229.0,100.5,66.0,25.18,44.0,81.0,No,21535 days
1234,3,0,0.0,0.0,No,No,No,186.0,104.5,71.0,31.35,55.0,81.96365524402907,No,16425 days
1235,1,1,20.0,0.0,No,No,No,242.0,120.0,86.0,26.77,55.0,73.0,No,20075 days
1236,1,0,0.0,0.0,No,No,No,230.0,124.0,70.0,22.85,70.0,60.0,No,24820 days
1237,1,1,20.0,0.0,No,Yes,No,183.0,156.0,92.0,24.69,75.0,79.0,No,22265 days
1238,2,0,0.0,0.0,No,No,Yes,208.0,156.5,105.0,33.82,95.0,186.0,No,13140 days
1239,4,0,0.0,0.0,No,No,No,190.0,124.0,83.0,27.02,75.0,87.0,No,14965 days
1240,3,1,9.0,0.0,No,Yes,No,261.0,140.0,88.0,21.44,70.0,78.0,No,16425 days
1241,1,1,20.0,0.0,No,Yes,No,246.0,128.0,69.0,27.57,80.0,72.0,Yes,18615 days
1242,1,0,0.0,0.0,No,No,No,172.0,119.0,84.0,28.25,58.0,98.0,No,16425 days
1243,2,0,0.0,0.0,No,No,No,216.0,130.0,68.0,25.94,75.0,90.0,No,12775 days
1244,3,0,0.0,0.0,No,No,No,222.0,118.0,78.0,21.18,70.0,73.0,No,17885 days
1245,2,1,10.0,0.0,No,Yes,No,298.0,156.0,90.0,24.24,75.0,100.0,No,18250 days
1246,2,0,0.0,0.0,No,No,No,208.0,148.0,100.0,32.84,85.0,102.0,No,14600 days
1247,2,1,2.0,0.0,No,No,No,213.0,113.0,77.0,29.34,100.0,73.0,No,15695 days
1248,1,1,9.0,0.0,No,Yes,No,266.0,159.0,88.0,20.66,76.0,84.0,No,17885 days
1249,3,1,15.0,0.0,No,Yes,No,220.0,127.0,93.0,30.7,82.0,57.0,No,17155 days
1250,1,0,0.0,0.0,No,No,No,244.0,112.5,77.5,25.97,75.0,81.96365524402907,No,16425 days
1251,2,0,0.0,0.0,No,Yes,No,210.0,143.0,101.0,31.34,85.0,80.0,No,21170 days
1252,3,0,0.0,0.0,No,Yes,No,252.0,125.0,92.0,24.72,60.0,69.0,No,13870 days
1253,4,0,0.0,0.0,No,No,No,200.0,126.0,88.0,26.73,80.0,76.0,Yes,18250 days
1254,1,1,15.0,0.0,No,No,No,285.0,122.0,70.0,23.48,83.0,82.0,No,17155 days
1255,2,0,0.0,0.0,No,No,No,175.0,129.0,89.0,22.16,65.0,75.0,No,21900 days
1256,3,0,0.0,0.0,No,No,No,225.0,108.5,71.5,25.74,72.0,80.0,No,16425 days
1257,4,1,20.0,0.0,No,Yes,No,213.0,162.0,99.0,28.3,60.0,70.0,Yes,21170 days
1258,1,0,0.0,0.0,No,No,No,252.0,135.5,80.0,28.78,60.0,79.0,No,22995 days
1259,4,0,0.0,0.0,No,No,No,204.0,132.0,88.0,28.59,80.0,83.0,No,15695 days
1260,1,0,0.0,0.0,No,Yes,No,318.0,144.0,85.0,27.66,78.0,64.0,No,18980 days
1261,1,0,0.0,0.0,No,No,No,230.0,123.0,71.0,26.98,83.0,73.0,No,17155 days
1262,3,1,20.0,1.0,No,Yes,No,248.0,128.0,76.0,28.87,80.0,77.0,No,16790 days
1263,1,0,0.0,0.0,No,No,No,270.0,126.5,67.5,26.56,70.0,77.0,No,17885 days
1264,2,0,0.0,0.0,No,No,No,245.0,131.5,89.0,26.33,100.0,62.0,No,13140 days
1265,1,1,13.0,0.0,No,No,No,196.0,120.0,74.0,20.12,75.0,73.0,No,21170 days
1266,1,0,0.0,0.0,No,No,No,220.0,143.0,104.0,29.85,75.0,87.0,Yes,21170 days
1267,3,0,0.0,0.0,No,No,No,190.0,128.0,74.0,23.01,95.0,78.0,No,16790 days
1268,1,0,0.0,0.0,No,No,Yes,218.0,160.0,96.0,28.89,75.0,223.0,No,22265 days
1269,1,1,9.0,0.0,No,No,No,184.0,122.0,74.0,24.66,78.0,67.0,No,21535 days
1270,2,0,0.0,0.0,No,No,No,205.0,97.0,63.0,26.56,83.0,80.0,No,14600 days
1271,1,0,0.0,0.0,No,No,No,272.0,146.0,95.0,23.66,72.0,80.0,No,19710 days
1272,3,0,0.0,0.0,No,Yes,No,186.0,155.0,102.0,24.38,81.0,75.0,No,20440 days
1273,1,0,0.0,0.0,No,Yes,No,218.0,128.0,90.0,32.15,80.0,77.0,No,16425 days
1274,2,0,0.0,0.0,No,No,No,234.0,114.0,85.0,28.68,72.0,84.0,No,18615 days
1275,1,1,3.0,0.0,No,Yes,No,268.0,136.5,94.5,25.51,100.0,81.96365524402907,No,19345 days
1276,1,1,20.0,0.0,No,Yes,No,270.0,175.0,95.0,29.69,95.0,76.0,No,21535 days
1277,1,1,30.0,0.0,No,Yes,No,154.0,125.0,94.0,29.29,73.0,84.0,No,14600 days
1278,1,1,30.0,0.0,No,No,No,253.0,121.0,85.5,28.52,80.0,68.0,No,19345 days
1279,1,1,20.0,0.0,No,No,No,214.0,116.0,77.0,22.48,72.0,71.0,No,23360 days
1280,2,1,40.0,0.0,No,No,No,226.0,117.5,80.0,26.18,60.0,66.0,No,17520 days
1281,2,0,0.0,0.0,No,No,No,187.0,108.0,64.0,23.63,72.0,70.0,No,14965 days
1282,2,0,0.0,0.0,No,No,No,241.0,132.5,87.5,32.02,63.0,83.0,No,15695 days
1283,1,1,15.0,0.0,No,No,No,195.0,108.0,70.0,22.92,75.0,117.0,No,20440 days
1284,1,1,15.0,0.0,No,No,No,198.0,114.5,80.0,22.53,72.0,75.0,No,14965 days
1285,2,0,0.0,0.0,No,No,No,233.0,108.5,75.0,28.3,60.0,73.0,No,14600 days
1286,4,0,0.0,0.0,No,Yes,No,220.0,185.5,97.5,38.38,72.0,95.0,Yes,23725 days
1287,2,0,0.0,0.0,No,No,No,218.0,110.0,70.0,20.24,80.0,78.0,No,16425 days
1288,4,0,0.0,0.0,No,No,No,225.0,125.0,76.0,30.24,86.0,75.0,No,19345 days
1289,1,0,0.0,0.0,No,No,No,238.0,140.0,85.0,28.41,80.0,88.0,No,21900 days
1290,4,1,15.0,0.0,No,No,No,244.0,110.0,73.0,21.84,88.0,67.0,No,14600 days
1291,3,1,3.0,0.0,No,No,No,222.0,103.0,61.0,23.18,68.0,75.0,Yes,20075 days
1292,3,1,0.0,0.0,No,No,No,225.0,122.5,80.0,25.54,90.0,90.0,No,15330 days
1293,1,0,0.0,0.0,No,No,No,197.0,115.0,81.0,22.41,50.0,66.0,No,17155 days
1294,1,0,0.0,0.0,No,Yes,No,240.0,163.0,105.0,31.37,89.0,75.0,No,18250 days
1295,2,1,15.0,0.0,No,No,No,222.0,95.0,58.0,21.68,75.0,77.0,No,16425 days
1296,2,1,20.0,0.0,No,No,No,310.0,134.0,90.0,35.11,69.0,88.0,No,14235 days
1297,2,1,20.0,0.0,No,No,No,250.0,138.0,87.0,25.33,95.0,81.96365524402907,Yes,20075 days
1298,1,0,0.0,0.0,No,Yes,No,175.0,173.0,59.0,27.99,70.0,75.0,Yes,14600 days
1299,2,1,30.0,0.0,No,Yes,No,312.0,148.0,99.0,26.73,75.0,65.0,No,18980 days
1300,1,0,0.0,0.0,No,No,No,253.0,131.0,87.0,26.54,90.0,76.0,No,18250 days
1301,3,1,10.0,0.0,No,No,No,186.0,111.0,82.0,23.22,75.0,82.0,No,15695 days
1302,1,0,0.0,0.0,No,Yes,No,226.0,172.5,98.0,26.47,87.0,81.0,No,22995 days
1303,1,0,0.0,0.0,No,Yes,Yes,180.0,174.0,100.0,26.83,71.0,78.0,No,20075 days
1304,2,1,43.0,0.0,No,Yes,No,259.0,125.0,89.0,24.8,100.0,57.0,No,16790 days
1305,1,0,0.0,0.0,No,No,No,216.0,126.0,82.0,21.18,69.0,69.0,No,22630 days
1306,2,1,20.0,0.0,No,No,No,260.0,120.0,72.5,26.36,73.0,88.0,No,14965 days
1307,2,1,15.0,0.0,No,No,No,233.0,137.0,75.0,20.55,100.0,107.0,No,13870 days
1308,1,1,20.0,0.0,No,Yes,No,280.0,164.0,81.0,29.76,80.0,68.0,No,21535 days
1309,2,0,0.0,0.0,No,No,No,170.0,121.0,74.0,20.82,67.0,83.0,No,12410 days
1310,4,1,15.0,0.0,No,No,No,212.0,132.0,87.0,25.9,75.0,83.0,No,18250 days
1311,1,1,20.0,0.0,No,No,No,206.0,115.0,70.0,24.79,84.0,76.0,No,21535 days
1312,1,1,30.0,0.0,No,Yes,No,230.0,128.0,87.0,26.02,70.0,73.0,No,16060 days
1313,1,0,0.0,0.0,No,No,No,158.0,108.0,67.0,19.84,86.0,69.0,No,12045 days
1314,4,0,0.0,0.0,No,Yes,No,186.0,144.0,76.0,31.23,62.0,93.0,No,23360 days
1315,1,0,0.0,0.0,No,No,No,183.0,114.0,70.0,23.56,75.0,59.0,No,21900 days
1316,1,0,0.0,0.0,No,No,No,211.0,136.0,70.0,34.4,75.0,83.0,No,20075 days
1317,1,0,0.0,0.0,No,No,No,236.69952267303103,129.0,80.0,28.06,90.0,81.96365524402907,Yes,18980 days
1318,2,1,40.0,0.0,No,No,No,238.0,127.5,85.0,27.82,80.0,69.0,No,18250 days
1319,2,1,5.0,0.0,No,No,No,186.0,106.0,78.0,24.73,60.0,70.0,No,12775 days
1320,2,0,0.0,0.0,No,No,No,239.0,127.0,81.0,21.85,75.0,87.0,No,20805 days
1321,1,0,0.0,0.0,No,No,No,277.0,126.0,70.0,25.13,60.0,100.0,No,21900 days
1322,1,1,20.0,0.0,No,Yes,No,235.0,154.0,98.0,26.91,80.0,65.0,No,19345 days
1323,2,1,38.0,0.0,No,No,No,207.0,130.0,86.0,24.96,75.0,103.0,No,15695 days
1324,1,1,20.0,0.0,No,No,No,256.0,124.0,78.0,26.67,60.0,80.0,No,20440 days
1325,3,0,0.0,0.0,No,No,No,230.0,112.5,73.5,22.36,63.0,65.0,No,13140 days
1326,2,0,0.0,0.0,No,Yes,No,199.0,135.0,90.0,32.19,67.0,85.0,No,13870 days
1327,2,1,1.0,0.0,No,No,No,236.0,139.0,84.0,22.7,63.0,81.96365524402907,No,21535 days
1328,2,0,0.0,0.0,No,Yes,No,271.0,140.0,108.0,27.66,82.0,77.0,No,17885 days
1329,1,0,0.0,0.0,No,No,No,250.0,133.5,87.5,29.45,83.0,84.0,No,17885 days
1330,3,1,5.0,0.0,No,No,No,152.0,122.0,76.0,21.26,85.0,78.0,No,15330 days
1331,4,1,10.0,0.0,No,No,No,300.0,120.0,84.0,24.69,75.0,99.0,No,12775 days
1332,2,0,0.0,0.0,No,No,No,287.0,113.0,80.0,24.56,100.0,75.0,No,13870 days
1333,1,0,0.0,0.0,No,No,Yes,237.0,114.0,72.0,25.65,62.0,89.0,No,22630 days
1334,1,1,20.0,0.0,No,No,No,214.0,128.0,94.0,23.51,72.0,66.0,No,16060 days
1335,2,0,0.0,0.0,No,No,No,237.0,130.0,80.0,22.71,65.0,81.96365524402907,No,15695 days
1336,2,0,0.0,0.0,No,No,No,201.0,151.0,94.0,31.48,80.0,74.0,No,14235 days
1337,3,0,0.0,0.0,No,No,No,180.0,124.0,83.0,22.91,66.0,77.0,No,14235 days
1338,1,0,0.0,0.0,No,No,No,248.0,115.0,82.0,28.92,93.0,100.0,No,16790 days
1339,1,1,15.0,0.0,No,No,No,240.0,120.0,77.0,32.27,80.0,62.0,No,18980 days
1340,1,1,25.0,0.0,No,No,Yes,304.0,102.0,66.5,28.9,100.0,66.0,Yes,17520 days
1341,1,1,25.0,0.0,No,No,No,271.0,121.0,73.0,21.85,70.0,86.0,Yes,18980 days
1342,1,1,20.0,0.0,No,No,No,250.0,127.5,80.0,29.38,80.0,80.0,No,20805 days
1343,4,1,25.0,0.0,No,No,No,200.0,111.0,79.0,27.29,95.0,74.0,No,16060 days
1344,3,1,5.0,0.0,No,No,No,272.0,112.5,70.0,23.08,73.0,58.0,No,20805 days
1345,1,0,0.0,0.0,No,No,No,211.0,103.5,66.5,24.17,75.0,87.0,Yes,17885 days
1346,2,0,0.0,0.0,No,Yes,No,230.0,142.5,97.5,29.94,75.0,75.0,No,15330 days
1347,4,1,0.0,0.0,No,Yes,No,270.0,195.0,117.5,23.35,75.0,81.96365524402907,No,21170 days
1348,4,0,0.0,0.0,No,No,No,225.0,110.0,73.0,27.67,65.0,65.0,No,15330 days
1349,1,1,30.0,0.0,No,No,No,185.0,114.0,73.0,34.53,75.0,97.0,No,23360 days
1350,3,1,10.0,0.0,No,No,No,260.0,123.0,80.0,23.1,63.0,65.0,Yes,17885 days
1351,3,0,0.0,0.0,No,No,No,292.0,114.0,84.0,27.39,68.0,72.0,No,21535 days
1352,2,1,30.0,0.0,No,No,No,246.0,124.0,83.0,30.93,60.0,85.0,No,13505 days
1353,2,0,0.0,0.0,No,Yes,No,165.0,141.5,95.0,26.74,54.0,77.0,No,12045 days
1354,1,1,20.0,0.0,No,No,No,236.69952267303103,111.0,81.0,25.43,70.0,81.96365524402907,No,19710 days
1355,1,0,0.0,0.0,No,No,No,198.0,119.0,73.0,30.27,68.0,70.0,No,13870 days
1356,1,0,0.0,0.0,No,No,No,204.0,115.0,83.0,25.05,75.0,76.0,No,14600 days
1357,1,0,0.0,0.0,No,Yes,No,253.0,163.0,86.0,24.35,70.0,91.0,No,24090 days
1358,2,0,0.0,0.0,No,No,No,210.0,120.0,68.0,24.77,80.0,77.0,Yes,23360 days
1359,2,0,0.0,0.0,No,No,No,236.69952267303103,126.0,71.0,27.73,73.0,81.96365524402907,No,14235 days
1360,2,1,50.0,0.0,No,No,No,217.0,145.0,89.0,28.88,82.0,75.0,No,17155 days
1361,1,1,15.0,0.0,No,Yes,No,232.0,141.0,104.0,27.38,75.0,81.96365524402907,Yes,16060 days
1362,2,1,20.0,0.0,No,No,No,190.0,137.0,81.0,19.57,80.0,85.0,Yes,14235 days
1363,1,1,40.0,0.0,No,No,Yes,205.0,127.0,76.0,22.24,90.0,325.0,Yes,20075 days
1364,2,1,20.0,0.0,No,No,No,235.0,144.0,88.0,24.16,95.0,82.0,No,14965 days
1365,1,0,0.0,0.0,No,No,No,259.0,138.0,87.0,30.73,60.0,75.0,No,20440 days
1366,4,0,0.0,0.0,No,No,No,289.0,149.5,78.0,25.37,70.0,86.0,No,23725 days
1367,2,0,0.0,0.0,No,Yes,No,272.0,146.0,89.0,25.5,73.0,67.0,No,19345 days
1368,2,0,0.0,0.0,No,No,No,309.0,126.0,88.0,26.77,68.0,81.96365524402907,No,20075 days
1369,1,0,0.0,0.0,No,No,No,249.0,101.0,70.0,21.74,94.0,60.0,No,15330 days
1370,2,1,20.0,0.0,No,No,No,194.0,133.0,83.0,20.41,55.0,76.0,Yes,16425 days
1371,2,0,0.0,0.0,No,Yes,No,340.0,140.0,83.0,26.18,75.0,83.0,No,20075 days
1372,2,1,20.0,0.0,No,No,No,314.0,128.0,77.0,24.74,60.0,78.0,No,19345 days
1373,1,1,30.0,0.0,No,No,No,226.0,106.0,67.5,23.88,60.0,87.0,No,22630 days
1374,1,0,0.0,0.0,No,No,No,225.0,113.5,74.0,25.63,70.0,80.0,No,19710 days
1375,4,0,0.0,0.0,No,No,No,265.0,123.0,79.0,26.07,81.0,114.0,No,22265 days
1376,2,0,0.0,0.0,No,No,No,232.0,138.0,88.0,22.53,70.0,96.0,No,15695 days
1377,2,0,0.0,1.0,No,Yes,No,234.0,127.0,88.0,33.17,85.0,81.96365524402907,No,15695 days
1378,2,1,20.0,0.0,No,No,No,278.0,135.0,76.0,29.03,82.0,75.0,Yes,17885 days
1379,2,0,0.0,0.0,No,No,No,305.0,138.0,86.0,20.74,75.0,62.0,Yes,24090 days
1380,4,1,30.0,0.0,No,No,No,224.0,127.5,89.0,29.84,79.0,75.0,No,15330 days
1381,1,1,8.0,0.0,No,Yes,No,317.0,182.5,88.0,20.52,75.0,79.0,No,23360 days
1382,3,1,20.0,0.0,No,No,No,292.0,109.0,73.0,22.87,90.0,93.0,No,15695 days
1383,3,1,20.0,0.0,No,No,No,175.0,132.0,86.0,20.53,80.0,88.0,No,15330 days
1384,3,0,0.0,0.0,No,Yes,No,295.0,172.5,116.5,27.18,70.0,77.0,No,16790 days
1385,4,0,0.0,0.0,No,No,No,262.0,121.0,79.0,24.01,85.0,87.0,No,15695 days
1386,1,0,0.0,0.0,No,No,No,234.0,126.0,73.0,27.6,75.0,90.0,No,19345 days
1387,3,1,25.0,0.0,No,No,No,240.0,112.0,82.0,24.39,66.0,62.0,No,18250 days
1388,3,1,10.0,0.0,No,No,No,251.0,121.0,81.0,23.05,75.0,84.0,No,16790 days
1389,2,0,0.0,1.0,No,Yes,No,358.0,134.0,87.0,29.36,75.0,87.0,Yes,18615 days
1390,2,1,20.0,0.0,No,Yes,No,239.0,154.0,90.0,28.56,72.0,90.0,Yes,24455 days
1391,4,1,10.0,0.0,No,No,No,185.0,125.0,85.0,29.43,56.0,72.0,Yes,18615 days
1392,2,1,20.0,0.0,No,No,No,217.0,109.0,72.0,33.65,75.0,68.0,No,16425 days
1393,1,1,10.0,0.0,No,No,No,220.0,105.0,70.0,21.01,58.0,68.0,No,16060 days
1394,4,0,0.0,0.0,No,No,No,292.0,123.0,87.0,21.97,80.0,78.0,No,17155 days
1395,1,1,15.0,0.0,No,No,No,228.0,131.0,85.0,25.08,72.0,81.96365524402907,No,15330 days
1396,3,1,23.0,0.0,No,No,No,272.0,115.0,76.0,24.16,80.0,77.0,No,16060 days
1397,2,0,0.0,0.0,No,Yes,No,211.0,149.0,100.0,30.91,78.0,62.0,No,17520 days
1398,4,1,15.0,0.0,No,No,No,155.0,123.0,78.0,22.05,67.0,78.0,No,13140 days
1399,1,1,20.0,0.0,No,Yes,No,252.0,149.0,90.0,33.49,82.0,83.0,No,22995 days
1400,1,1,10.0,0.0,No,No,No,216.0,116.0,74.0,22.65,90.0,81.96365524402907,No,15695 days
1401,4,0,0.0,0.0,No,No,No,172.0,122.5,82.5,28.53,82.0,75.0,No,13140 days
1402,1,0,0.0,0.0,No,Yes,No,244.0,162.0,98.0,24.5,70.0,82.0,No,23725 days
1403,3,1,3.0,0.0,No,No,No,246.0,129.0,86.0,25.04,80.0,87.0,No,17520 days
1404,2,0,0.0,0.0,No,Yes,No,276.0,144.0,90.0,21.35,70.0,78.0,No,22995 days
1405,4,1,20.0,0.0,No,No,No,229.0,137.0,85.0,35.2,66.0,55.0,No,14600 days
1406,2,0,0.0,0.0,No,Yes,No,204.0,122.0,94.0,29.86,87.0,82.0,No,14600 days
1407,1,0,0.0,0.0,No,No,No,170.0,113.0,79.0,21.31,70.0,65.0,Yes,15330 days
1408,2,1,20.0,0.0,No,No,No,153.0,130.0,83.5,19.84,63.0,81.96365524402907,No,15695 days
1409,2,0,0.0,0.0,No,No,No,192.0,143.0,87.0,23.64,75.0,100.0,No,22995 days
1410,4,0,0.0,0.0,No,No,No,234.0,133.0,88.0,26.78,58.0,100.0,No,13140 days
1411,3,0,0.0,0.0,No,No,No,295.0,114.5,72.0,24.11,85.0,81.96365524402907,No,13140 days
1412,2,1,20.0,0.0,No,No,No,161.0,100.0,64.0,20.66,75.0,60.0,No,16790 days
1413,1,1,40.0,0.0,No,No,No,251.0,115.0,77.0,24.01,65.0,98.0,No,14235 days
1414,1,1,15.0,0.0,No,No,No,255.0,142.0,85.5,24.89,100.0,108.0,No,14235 days
1415,1,1,15.0,0.0,No,No,No,345.0,142.0,88.0,19.05,80.0,73.0,No,18615 days
1416,1,1,30.0,0.0,No,No,No,212.0,139.0,86.0,20.27,66.0,62.0,Yes,17520 days
1417,3,0,0.0,0.0,No,No,No,210.0,131.0,85.0,26.59,70.0,77.0,No,20805 days
1418,2,1,20.0,0.0,No,Yes,No,245.0,146.0,86.0,24.5,80.0,72.0,No,14965 days
1419,3,1,20.0,0.0,No,No,No,231.0,123.0,87.0,21.48,75.0,44.0,No,15330 days
1420,3,1,5.0,0.0,No,No,No,187.0,118.0,78.0,30.06,64.0,63.0,No,13870 days
1421,1,1,15.0,0.0,No,No,No,190.0,95.0,57.0,20.0,75.0,77.0,No,14965 days
1422,2,1,15.0,0.0,No,Yes,No,174.0,158.5,100.5,35.99,82.0,88.0,No,15695 days
1423,1,0,0.0,0.0,No,Yes,No,243.0,142.0,92.0,30.24,70.0,85.0,No,20075 days
1424,2,1,7.0,0.0,No,No,No,160.0,95.0,65.0,21.99,72.0,77.0,No,13870 days
1425,2,1,20.0,0.0,No,No,No,250.0,115.0,74.0,22.7,100.0,69.0,No,16790 days
1426,3,1,23.0,0.0,No,No,No,263.0,115.0,76.0,24.94,68.0,78.0,No,16425 days
1427,3,1,20.0,0.0,No,No,No,221.0,131.0,89.0,24.09,90.0,95.0,No,19345 days
1428,1,1,20.0,0.0,No,No,No,271.0,136.0,90.0,25.24,80.0,64.0,No,16060 days
1429,3,0,0.0,0.0,No,No,No,275.0,137.0,85.0,25.89,70.0,81.96365524402907,No,18980 days
1430,3,1,20.0,0.0,No,Yes,No,260.0,123.0,72.0,26.83,65.0,65.0,Yes,18615 days
1431,1,0,0.0,0.0,No,No,No,213.0,130.0,72.0,22.32,80.0,78.0,No,14235 days
1432,2,0,0.0,0.0,No,No,No,239.0,127.5,77.5,26.65,70.0,79.0,No,18615 days
1433,1,0,0.0,0.0,No,No,No,252.0,130.0,82.0,29.17,78.0,85.0,No,20075 days
1434,1,1,25.0,0.0,No,No,No,201.0,121.0,82.0,23.84,70.0,91.0,No,15695 days
1435,2,0,0.0,0.0,No,No,No,261.0,135.0,80.0,21.8,72.0,93.0,No,24455 days
1436,3,0,0.0,0.0,No,Yes,No,329.0,145.0,82.0,23.43,70.0,95.0,No,20075 days
1437,1,0,0.0,0.0,No,No,No,229.0,125.0,80.0,24.1,75.0,58.0,No,14235 days
1438,1,0,0.0,0.0,No,No,No,254.0,136.5,83.0,20.55,88.0,95.0,No,19710 days
1439,2,1,30.0,0.0,No,No,No,293.0,115.0,77.5,26.26,85.0,57.0,No,14965 days
1440,1,0,0.0,0.0,No,No,No,250.0,117.0,81.0,27.04,80.0,65.0,No,17520 days
1441,2,0,0.0,0.0,No,No,No,262.0,116.0,66.0,21.56,66.0,76.0,No,16425 days
1442,1,1,3.0,0.0,No,Yes,No,256.0,165.0,80.0,24.12,75.0,97.0,No,22265 days
1443,1,1,30.0,0.0,No,Yes,No,239.0,141.0,98.0,27.8,90.0,85.0,No,13870 days
1444,3,1,1.0,0.0,No,No,No,186.0,120.0,74.0,19.39,80.0,69.0,No,17885 days
1445,3,1,2.0,0.0,No,No,No,232.0,110.0,70.0,25.86,76.0,82.0,No,17155 days
1446,1,0,0.0,0.0,No,Yes,No,260.0,162.5,105.0,24.39,75.0,72.0,No,21535 days
1447,1,0,0.0,0.0,No,No,No,391.0,114.0,64.0,24.57,82.0,83.0,No,21900 days
1448,2,1,20.0,0.0,No,Yes,No,236.69952267303103,153.5,95.0,26.35,100.0,81.96365524402907,No,17520 days
1449,1,1,30.0,0.0,No,No,No,275.0,127.0,80.0,27.22,85.0,93.0,No,13505 days
1450,2,0,0.0,0.0,No,No,No,231.0,115.0,69.0,25.48,90.0,77.0,No,17520 days
1451,1,1,0.0,0.0,No,No,No,219.0,110.0,72.0,26.05,95.0,86.0,No,19710 days
1452,1,1,60.0,0.0,No,No,No,215.0,112.0,65.0,23.6,59.0,78.0,No,14235 days
1453,1,1,20.0,0.0,No,No,No,279.0,118.0,82.0,22.78,58.0,74.0,No,16790 days
1454,2,0,0.0,0.0,No,Yes,No,249.0,151.0,97.5,22.88,75.0,84.0,No,21170 days
1455,1,1,5.0,0.0,No,No,No,198.0,109.0,81.0,23.28,62.0,85.0,Yes,16790 days
1456,1,0,0.0,0.0,No,No,No,246.0,119.0,76.0,19.83,75.0,156.0,No,23725 days
1457,1,0,0.0,0.0,No,No,No,246.0,135.0,70.0,18.43,80.0,107.0,No,21535 days
1458,2,0,0.0,0.0,No,No,No,310.0,135.0,89.0,29.51,64.0,74.0,Yes,18980 days
1459,2,0,0.0,0.0,No,No,No,219.0,100.0,60.0,19.78,72.0,60.0,No,14600 days
1460,2,1,30.0,0.0,No,No,No,215.0,117.5,70.5,26.77,60.0,75.0,No,19710 days
1461,3,0,0.0,0.0,No,No,No,214.0,139.0,93.0,29.8,67.0,82.0,No,18615 days
1462,1,0,0.0,0.0,No,No,No,318.0,132.0,75.5,18.87,105.0,82.0,No,21900 days
1463,1,1,50.0,0.0,No,No,No,335.0,125.5,94.0,27.77,80.0,67.0,No,18615 days
1464,1,0,0.0,0.0,No,No,No,206.0,121.0,81.0,24.12,64.0,77.0,No,16060 days
1465,1,1,20.0,0.0,No,Yes,No,325.0,160.0,95.0,32.07,95.0,87.0,No,17155 days
1466,4,0,0.0,0.0,No,No,No,237.0,111.0,80.0,29.77,65.0,72.0,No,21535 days
1467,2,0,0.0,0.0,No,No,No,234.0,127.0,79.0,26.56,60.0,92.0,No,14600 days
1468,1,1,60.0,0.0,No,Yes,No,340.0,134.0,95.0,30.46,85.0,86.0,No,18250 days
1469,3,0,0.0,0.0,No,Yes,No,258.0,148.0,93.0,20.51,74.0,95.0,No,19710 days
1470,3,0,0.0,0.0,No,Yes,No,238.0,172.5,91.0,24.16,112.0,81.96365524402907,No,19345 days
1471,3,0,0.0,0.0,No,No,No,260.0,107.5,70.0,23.53,80.0,67.0,No,18615 days
1472,1,1,7.0,0.0,No,Yes,No,176.0,125.0,82.0,29.82,70.0,75.0,No,22265 days
1473,4,0,0.0,0.0,No,Yes,No,206.0,124.0,90.0,30.69,75.0,83.0,No,14965 days
1474,1,0,0.0,0.0,No,No,No,278.0,156.0,96.0,27.86,80.0,70.0,No,17155 days
1475,2,1,3.0,0.0,No,No,No,214.0,128.0,71.0,21.82,63.0,66.0,No,16790 days
1476,2,0,0.0,0.0,No,Yes,No,334.0,132.0,94.0,25.38,80.0,98.0,Yes,21900 days
1477,2,0,0.0,0.0,No,No,No,290.0,137.5,92.0,24.46,80.0,74.0,No,17885 days
1478,4,0,0.0,1.0,No,Yes,No,190.0,155.0,85.0,26.08,55.0,66.0,No,20805 days
1479,1,0,0.0,0.0,No,Yes,No,172.0,137.0,92.5,30.35,90.0,83.0,Yes,16425 days
1480,3,0,0.0,0.0,No,No,No,194.0,115.0,70.0,25.73,70.0,54.0,No,14235 days
1481,1,0,0.0,0.0,No,No,No,295.0,131.5,85.0,27.33,80.0,83.0,No,22265 days
1482,2,0,0.0,0.0,No,No,No,185.0,117.5,72.0,21.12,70.0,79.0,No,14600 days
1483,1,0,0.0,0.0,No,No,No,255.0,129.0,78.0,26.36,69.0,79.0,No,20075 days
1484,4,0,0.0,0.0,No,No,No,179.0,112.0,66.5,24.38,60.0,100.0,No,22265 days
1485,2,1,20.0,0.0,No,No,Yes,258.0,132.0,80.0,27.52,90.0,268.0,Yes,18980 days
1486,1,0,0.0,0.0,No,No,No,206.0,141.0,92.0,35.85,75.0,120.0,No,19710 days
1487,2,0,0.0,0.0,No,Yes,No,215.0,130.5,98.0,24.94,68.0,100.0,No,18250 days
1488,4,1,60.0,0.0,No,No,No,254.0,122.5,82.5,23.87,88.0,83.0,No,13505 days
1489,1,0,0.0,0.0,No,No,No,230.0,109.0,70.0,28.27,72.0,73.0,No,20075 days
1490,2,1,20.0,0.0,No,Yes,No,326.0,141.0,75.0,26.11,60.0,72.0,No,22265 days
1491,4,0,0.0,0.0,No,No,No,232.0,126.0,66.0,22.62,55.0,79.0,No,22995 days
1492,1,0,0.0,0.0,No,No,No,306.0,135.0,88.0,28.36,80.0,70.0,No,20805 days
1493,1,1,20.0,0.0,No,No,No,210.0,103.0,73.0,18.0,78.0,81.96365524402907,No,16790 days
1494,2,1,3.0,0.0,No,No,No,242.0,123.0,69.0,23.38,74.0,72.0,No,21170 days
1495,4,0,0.0,0.0,No,No,No,160.0,105.0,70.0,27.01,52.0,61.0,No,20805 days
1496,3,1,15.0,0.0,No,No,No,304.0,121.0,88.0,22.52,60.0,80.0,No,14600 days
1497,1,1,0.0,0.0,No,No,No,214.0,132.5,85.5,29.25,70.0,103.0,No,20075 days
1498,3,1,20.0,0.0,No,No,No,232.0,122.0,70.0,23.09,67.0,77.0,No,15695 days
1499,2,0,0.0,0.0,No,No,No,165.0,127.5,87.0,23.29,70.0,75.0,No,16790 days
1500,1,1,20.0,0.0,No,No,No,262.0,100.0,68.0,18.65,70.0,74.0,No,18980 days
1501,3,0,0.0,0.0,No,No,No,234.0,126.0,85.0,26.36,72.0,96.0,No,18980 days
1502,2,0,0.0,0.0,No,No,No,217.0,129.0,61.0,21.85,68.0,81.0,No,23360 days
1503,1,0,0.0,0.0,No,No,No,275.0,111.0,63.0,22.68,75.0,78.0,No,22630 days
1504,3,0,0.0,0.0,No,Yes,No,230.0,142.5,79.0,25.15,82.0,99.0,No,15330 days
1505,4,1,20.0,0.0,No,No,No,241.0,122.5,77.0,22.18,90.0,78.0,No,17155 days
1506,3,1,20.0,0.0,No,No,No,250.0,118.0,80.0,31.22,95.0,81.96365524402907,No,13870 days
1507,1,0,0.0,0.0,No,No,No,265.0,143.0,94.5,26.0,50.0,75.0,No,18980 days
1508,1,1,20.0,0.0,No,No,No,220.0,112.5,80.0,29.0,60.0,60.0,No,15330 days
1509,4,1,20.0,0.0,No,No,No,217.0,107.0,73.0,23.98,73.0,67.0,No,14235 days
1510,2,0,0.0,0.0,No,Yes,No,320.0,142.5,93.5,33.66,65.0,80.0,No,18615 days
1511,2,0,0.0,0.0,No,No,No,255.0,125.0,85.0,23.05,72.0,73.0,No,13870 days
1512,1,0,0.0,0.0,No,No,No,222.0,146.0,78.0,16.92,65.0,74.0,Yes,22995 days
1513,2,0,0.0,0.0,No,No,No,235.0,143.5,90.0,26.22,70.0,83.0,No,14965 days
1514,2,1,20.0,0.0,No,No,No,220.0,129.0,82.0,26.33,72.0,80.0,Yes,21170 days
1515,1,1,43.0,0.0,No,No,No,252.0,132.5,85.0,20.05,72.0,80.0,No,17155 days
1516,4,0,0.0,0.0,No,No,No,219.0,121.0,66.0,20.86,74.0,76.0,No,13140 days
1517,3,0,0.0,0.0,No,No,No,248.0,112.5,60.0,22.69,75.0,92.0,No,20440 days
1518,2,1,9.0,0.0,No,Yes,No,253.0,129.0,81.0,22.18,70.0,122.0,Yes,17155 days
1519,2,1,20.0,0.0,No,Yes,No,273.0,142.0,108.0,23.19,95.0,72.0,No,17885 days
1520,1,1,43.0,0.0,No,Yes,No,306.0,199.0,106.0,38.75,100.0,75.0,No,14965 days
1521,3,1,20.0,1.0,No,Yes,No,262.0,140.0,93.0,22.0,108.0,81.96365524402907,Yes,20805 days
1522,4,1,10.0,0.0,No,Yes,No,269.0,134.0,92.0,30.39,85.0,81.0,No,18615 days
1523,2,0,0.0,0.0,No,No,No,190.0,112.0,80.0,26.13,93.0,78.0,No,14600 days
1524,4,0,0.0,0.0,No,Yes,No,240.0,125.0,96.0,27.17,75.0,81.96365524402907,No,13505 days
1525,2,0,0.0,0.0,No,Yes,No,169.0,179.0,107.0,44.55,70.0,77.0,No,16060 days
1526,3,1,25.0,0.0,No,No,No,220.0,125.0,85.0,21.34,95.0,82.0,No,13140 days
1527,2,0,0.0,0.0,No,Yes,No,210.0,179.0,100.0,21.64,78.0,95.0,No,22265 days
1528,3,1,15.0,0.0,No,No,No,326.0,101.0,67.0,22.73,69.0,87.0,No,18615 days
1529,2,1,20.0,0.0,No,No,No,195.0,104.0,57.0,20.86,75.0,78.0,No,15695 days
1530,1,0,0.0,0.0,No,No,No,205.0,112.0,71.0,17.11,73.0,75.0,No,17520 days
1531,4,0,0.0,0.0,No,No,No,169.0,104.0,66.0,20.84,70.0,72.0,No,13505 days
1532,2,1,20.0,0.0,No,Yes,No,264.0,138.0,92.0,28.32,63.0,67.0,No,16060 days
1533,1,0,0.0,0.0,No,No,No,218.0,130.0,85.0,20.55,72.0,85.0,No,19710 days
1534,3,1,29.0,0.0,No,No,No,211.0,120.0,72.0,25.13,77.0,60.0,No,19710 days
1535,4,0,0.0,0.0,No,No,No,239.0,124.0,72.0,19.34,80.0,70.0,No,21535 days
1536,1,1,9.0,0.0,No,No,No,185.0,133.0,69.0,22.34,70.0,76.0,No,16060 days
1537,3,0,0.0,0.0,No,No,No,258.0,109.5,74.0,26.73,68.0,81.96365524402907,No,17520 days
1538,4,0,0.0,0.0,No,No,No,220.0,108.0,81.0,25.68,75.0,70.0,No,16425 days
1539,1,1,40.0,0.0,No,No,No,183.0,129.0,80.0,26.51,78.0,80.0,No,19345 days
1540,2,1,20.0,0.0,No,No,No,211.0,112.5,70.0,22.74,63.0,81.96365524402907,No,19345 days
1541,3,1,10.0,0.0,No,No,No,214.0,118.0,82.0,29.41,66.0,94.0,No,16790 days
1542,2,0,0.0,0.0,No,Yes,No,293.0,186.5,97.0,30.47,60.0,96.0,No,22995 days
1543,3,0,0.0,0.0,No,Yes,No,238.0,131.0,99.0,31.19,96.0,86.0,No,18980 days
1544,1,1,20.0,0.0,No,No,No,410.0,116.0,83.0,21.68,90.0,83.0,No,15330 days
1545,1,0,0.0,0.0,No,No,No,193.0,138.5,87.5,25.1,64.0,90.0,No,17520 days
1546,4,1,20.0,0.0,No,No,No,212.0,120.0,72.0,22.01,72.0,77.0,No,17520 days
1547,4,0,0.0,0.0,No,No,No,182.0,138.0,91.0,20.02,90.0,74.0,No,15330 days
1548,1,0,0.0,0.0,No,No,No,276.0,127.5,85.5,22.91,78.0,60.0,No,21535 days
1549,4,0,0.0,0.0,No,Yes,No,213.0,145.0,100.5,27.34,95.0,117.0,No,14600 days
1550,2,1,20.0,1.0,No,Yes,No,213.0,150.0,90.0,22.35,65.0,72.0,No,16425 days
1551,1,1,9.0,0.0,No,No,No,274.0,120.0,80.0,25.17,80.0,68.0,No,13870 days
1552,1,1,20.0,0.0,No,No,No,182.0,117.0,78.0,22.15,72.0,59.0,No,16790 days
1553,1,1,15.0,0.0,Yes,Yes,No,285.0,155.0,90.0,30.42,70.0,77.0,Yes,24455 days
1554,4,1,1.0,0.0,No,Yes,No,297.0,164.0,102.0,24.5,75.0,95.0,No,19345 days
1555,2,1,12.0,0.0,No,No,No,209.0,122.5,76.5,24.51,90.0,73.0,No,13870 days
1556,2,0,0.0,0.0,No,No,No,213.0,96.0,62.0,19.38,74.0,80.0,No,15695 days
1557,1,0,0.0,1.0,No,Yes,No,294.0,170.0,103.0,31.6,66.0,70.0,No,21535 days
1558,1,0,0.0,0.0,No,Yes,No,250.0,173.0,89.0,29.25,90.0,87.0,No,22265 days
1559,4,1,20.0,0.0,No,No,No,167.0,134.0,80.0,29.77,72.0,102.0,No,18980 days
1560,2,0,0.0,0.0,No,Yes,No,258.0,186.0,101.0,28.9,80.0,70.0,No,19345 days
1561,1,0,0.0,0.0,No,Yes,No,222.0,154.0,106.0,26.71,85.0,74.0,No,24455 days
1562,3,0,0.0,0.0,No,No,No,190.0,102.0,65.0,20.68,89.0,87.0,No,13505 days
1563,1,0,0.0,0.0,No,Yes,No,302.0,160.0,94.0,29.4,75.0,75.0,No,19710 days
1564,1,0,0.0,0.0,No,No,No,179.0,103.0,73.0,21.03,60.0,84.0,No,19710 days
1565,2,0,0.0,0.0,No,No,No,219.0,115.0,84.0,26.08,88.0,93.0,No,20075 days
1566,1,1,30.0,0.0,No,No,No,200.0,144.0,90.0,24.9,75.0,76.0,No,21170 days
1567,3,0,0.0,0.0,No,Yes,No,312.0,204.0,118.0,24.83,67.0,86.0,Yes,22630 days
1568,1,1,20.0,0.0,No,No,No,233.0,114.0,78.0,22.81,50.0,73.0,No,18980 days
1569,1,1,20.0,0.0,No,No,No,223.0,114.0,72.0,26.42,78.0,81.96365524402907,No,14965 days
1570,2,0,0.0,0.0,No,No,No,187.0,127.5,90.0,24.63,110.0,72.0,Yes,17155 days
1571,1,0,0.0,0.0,No,No,No,219.0,116.0,82.0,24.05,58.0,87.0,No,17155 days
1572,2,1,20.0,0.0,No,No,No,323.0,131.5,85.0,24.79,68.0,93.0,No,14235 days
1573,2,0,0.0,0.0,No,No,No,261.0,117.0,63.0,22.55,75.0,83.0,No,24455 days
1574,4,0,0.0,0.0,No,No,No,239.0,114.5,65.5,19.34,64.0,81.96365524402907,No,23360 days
1575,2,1,40.0,0.0,No,No,No,236.69952267303103,98.0,62.0,23.68,70.0,81.96365524402907,No,14235 days
1576,2,1,20.0,0.0,No,Yes,No,271.0,158.0,94.0,25.17,78.0,71.0,No,16790 days
1577,1,0,0.0,0.0,No,No,No,226.0,130.0,80.0,23.24,60.0,63.0,No,18615 days
1578,2,1,30.0,0.0,No,No,No,255.0,123.5,84.5,25.33,77.0,88.0,No,13870 days
1579,2,1,15.0,0.0,No,No,No,204.0,120.0,80.0,25.71,80.0,83.0,Yes,22265 days
1580,3,0,0.0,0.0,No,Yes,No,286.0,111.0,95.5,29.42,70.0,89.0,No,14600 days
1581,1,1,20.0,0.0,No,No,No,248.0,106.0,70.0,20.77,68.0,81.96365524402907,No,15330 days
1582,3,0,0.0,0.0,No,No,No,272.0,112.5,75.5,22.69,90.0,83.0,No,18980 days
1583,2,1,20.0,0.0,No,No,No,242.0,118.5,84.5,24.04,78.0,103.0,Yes,13140 days
1584,2,1,20.0,0.0,No,No,No,203.0,112.5,70.0,22.71,75.0,72.0,No,14600 days
1585,1,0,0.0,0.0,No,No,No,234.0,140.0,93.0,28.69,60.0,87.0,No,22995 days
1586,2,1,20.0,0.0,No,No,No,246.0,139.0,90.0,29.0,87.0,100.0,No,20075 days
1587,4,0,0.0,0.0,No,No,No,212.0,110.0,65.0,23.64,53.0,63.0,No,15330 days
1588,1,1,20.0,0.0,No,Yes,No,259.0,217.0,112.0,29.6,63.0,77.0,Yes,20075 days
1589,3,1,30.0,0.0,No,Yes,No,235.0,196.0,116.0,29.7,73.0,87.0,Yes,14235 days
1590,2,0,0.0,0.0,No,No,No,309.0,130.0,75.5,25.99,96.0,75.0,No,20805 days
1591,1,0,0.0,0.0,No,Yes,No,170.0,146.0,89.0,32.41,68.0,81.0,Yes,21900 days
1592,1,0,0.0,0.0,No,No,No,157.0,123.0,83.0,19.94,75.0,88.0,No,19345 days
1593,3,1,3.0,0.0,No,No,No,186.0,114.0,77.0,21.01,80.0,85.0,No,14235 days
1594,2,0,0.0,0.0,No,No,No,164.0,135.0,75.0,25.80080075811419,75.0,85.0,No,14600 days
1595,3,0,0.0,0.0,No,Yes,No,249.0,176.0,89.0,24.49,75.0,81.0,No,22630 days
1596,3,1,30.0,0.0,No,Yes,No,270.0,140.0,94.0,30.39,75.0,80.0,No,16425 days
1597,2,0,0.0,0.0,No,No,No,168.0,111.0,78.0,20.82,65.0,74.0,No,14600 days
1598,1,1,1.0,0.0,No,Yes,No,289.0,156.5,85.0,25.46,100.0,86.0,No,21170 days
1599,2,1,20.0,0.0,No,No,No,272.0,113.0,66.5,20.69,67.0,59.0,No,13140 days
1600,4,1,18.0,0.0,No,No,No,235.0,142.0,76.0,26.37,57.0,93.0,No,24090 days
1601,4,0,0.0,1.0,No,Yes,No,274.0,167.0,94.0,28.18,100.0,80.0,Yes,22630 days
1602,1,0,0.0,0.0,No,Yes,No,246.0,193.0,104.0,23.08,80.0,73.0,No,22995 days
1603,1,1,10.0,0.0,No,No,No,200.0,187.0,95.5,21.57,58.0,64.0,No,22265 days
1604,4,1,20.0,0.0,No,No,No,266.0,101.0,73.0,25.80080075811419,70.0,64.0,No,14600 days
1605,1,1,15.0,0.0,No,No,No,249.0,107.5,75.0,23.69,83.0,78.0,No,14965 days
1606,1,0,0.0,0.0,No,No,No,271.0,147.0,97.0,24.99,90.0,78.0,No,17155 days
1607,2,0,0.0,0.0,No,No,No,286.0,112.5,72.5,24.72,85.0,76.0,No,16060 days
1608,3,0,0.0,0.0,No,Yes,No,237.0,196.0,120.0,31.64,58.0,60.0,Yes,16790 days
1609,2,1,20.0,0.0,No,Yes,No,234.0,189.0,87.0,23.1,96.0,90.0,No,16425 days
1610,1,1,0.0,0.0,No,Yes,No,356.0,168.0,98.0,27.3,103.0,106.0,No,22265 days
1611,2,0,0.0,0.0,No,No,No,255.0,130.0,85.0,29.56,80.0,78.0,No,15695 days
1612,2,0,0.0,0.0,No,No,No,190.0,126.5,85.0,19.03,80.0,75.0,No,16790 days
1613,2,0,0.0,0.0,No,No,No,219.0,136.0,76.0,24.49,52.0,73.0,Yes,18980 days
1614,2,0,0.0,0.0,No,Yes,No,254.0,196.0,119.0,35.22,100.0,79.0,No,23360 days
1615,2,0,0.0,0.0,No,No,No,170.0,112.0,79.0,21.0,60.0,80.0,No,17885 days
1616,1,0,0.0,0.0,No,No,No,179.0,121.0,83.0,23.04,66.0,90.0,No,14965 days
1617,4,0,0.0,0.0,No,No,No,243.0,131.0,80.0,23.24,110.0,81.96365524402907,No,18250 days
1618,2,1,10.0,0.0,No,No,No,180.0,116.0,82.0,30.11,80.0,92.0,No,18250 days
1619,1,0,0.0,0.0,No,Yes,No,178.0,170.0,118.0,33.45,79.0,81.0,No,21535 days
1620,2,0,0.0,0.0,No,Yes,No,338.0,190.0,97.0,26.1,75.0,83.0,No,20440 days
1621,3,0,0.0,0.0,No,No,No,241.0,120.0,70.5,23.29,87.0,84.0,No,17885 days
1622,4,1,15.0,0.0,No,Yes,No,253.0,132.0,84.5,27.96,88.0,73.0,No,18250 days
1623,1,1,5.0,0.0,No,No,No,221.0,125.0,88.0,24.81,72.0,87.0,No,16790 days
1624,1,0,0.0,0.0,Yes,Yes,No,107.0,143.0,93.0,25.80080075811419,68.0,62.0,Yes,25550 days
1625,2,1,0.0,0.0,No,Yes,No,233.0,158.0,102.0,25.31,90.0,72.0,No,17885 days
1626,2,0,0.0,0.0,No,No,No,247.0,104.0,73.0,23.7,68.0,68.0,No,14965 days
1627,2,0,0.0,0.0,No,No,No,244.0,107.5,70.0,22.72,47.0,88.0,No,16790 days
1628,1,1,9.0,0.0,No,No,No,229.0,114.0,68.0,23.2,90.0,70.0,No,18250 days
1629,1,0,0.0,0.0,No,No,No,197.0,125.5,82.5,25.13,79.0,50.0,No,16060 days
1630,1,0,0.0,0.0,No,No,No,200.0,117.5,80.0,25.41,65.0,80.0,No,20805 days
1631,2,0,0.0,0.0,No,Yes,No,312.0,161.0,100.5,21.51,75.0,64.0,Yes,21170 days
1632,2,1,40.0,0.0,No,Yes,No,313.0,114.0,79.0,25.63,60.0,93.0,No,14965 days
1633,4,0,0.0,0.0,No,No,No,240.0,110.5,66.0,24.09,67.0,80.0,No,15695 days
1634,2,1,20.0,0.0,No,No,No,204.0,132.5,82.5,21.27,70.0,84.0,No,13140 days
1635,1,1,2.0,0.0,No,No,No,246.0,122.0,81.0,27.61,90.0,98.0,No,18980 days
1636,4,0,0.0,0.0,No,No,No,211.0,130.0,85.5,26.98,60.0,82.0,No,16060 days
1637,3,1,5.0,0.0,No,No,No,200.0,121.5,72.5,23.09,75.0,75.0,No,13140 days
1638,2,1,43.0,0.0,No,Yes,No,265.0,129.0,85.0,31.61,68.0,68.0,No,13870 days
1639,1,1,5.0,0.0,No,Yes,No,298.0,151.5,96.5,30.29,64.0,77.0,No,19710 days
1640,1,1,20.0,0.0,No,No,No,325.0,122.0,82.0,26.04,58.0,93.0,No,14235 days
1641,4,0,0.0,0.0,No,No,No,228.0,116.0,78.0,27.72,62.0,75.0,No,14600 days
1642,2,0,0.0,0.0,No,No,No,271.0,110.0,74.0,21.79,56.0,67.0,No,17520 days
1643,4,1,15.0,0.0,No,No,No,229.0,113.5,72.5,22.33,84.0,82.0,No,14235 days
1644,4,0,0.0,0.0,No,No,No,159.0,119.0,76.0,27.49,55.0,70.0,No,14965 days
1645,2,1,10.0,0.0,No,No,No,195.0,110.0,70.0,24.75,79.0,81.96365524402907,No,14600 days
1646,1,0,0.0,0.0,No,Yes,No,216.0,154.0,98.0,32.35,75.0,103.0,No,18615 days
1647,2,1,20.0,0.0,No,No,No,268.0,134.0,78.0,31.62,80.0,81.96365524402907,No,13870 days
1648,3,0,0.0,0.0,No,No,No,268.0,123.0,82.0,29.47,80.0,85.0,No,21900 days
1649,1,0,0.0,0.0,No,Yes,Yes,231.0,155.5,99.5,34.95,68.0,274.0,Yes,15695 days
1650,1,1,25.0,0.0,No,No,No,231.0,122.0,84.0,27.63,66.0,72.0,No,15330 days
1651,1,1,3.0,0.0,No,No,No,246.0,111.5,74.0,25.09,78.0,78.0,No,18615 days
1652,3,0,0.0,0.0,No,No,No,195.0,119.0,84.0,24.6,65.0,73.0,No,14235 days
1653,3,1,20.0,0.0,No,No,No,148.0,101.0,62.0,24.47,70.0,81.0,No,14235 days
1654,4,1,20.0,0.0,No,No,No,168.0,128.0,80.0,23.08,75.0,93.0,No,18615 days
1655,1,0,0.0,0.0,No,No,No,222.0,131.0,80.0,25.46,72.0,72.0,No,16790 days
1656,2,1,5.0,0.0,No,No,No,174.0,130.0,86.0,25.05,80.0,83.0,No,14600 days
1657,2,1,20.0,0.0,No,No,No,180.0,127.0,86.0,20.72,73.0,63.0,No,14965 days
1658,4,0,0.0,0.0,No,No,No,232.0,126.0,83.0,25.67,75.0,81.96365524402907,No,20440 days
1659,3,0,0.0,0.0,No,Yes,No,248.0,143.5,109.0,32.43,76.0,66.0,No,17155 days
1660,1,1,7.0,0.0,No,Yes,No,222.0,159.0,91.5,27.12,70.0,80.0,Yes,20440 days
1661,1,1,20.0,0.0,No,No,No,173.0,121.5,69.0,23.72,75.0,77.0,No,16060 days
1662,1,1,5.0,0.0,No,Yes,No,209.0,139.0,75.0,25.82,72.0,95.0,No,19710 days
1663,1,0,0.0,0.0,No,Yes,No,320.0,155.0,81.0,31.71,64.0,80.0,Yes,22995 days
1664,1,0,0.0,0.0,No,No,No,246.0,115.0,61.0,25.96,80.0,60.0,No,19345 days
1665,2,1,30.0,0.0,No,No,No,258.0,124.0,78.0,24.33,72.0,83.0,No,18250 days
1666,3,1,20.0,0.0,No,No,No,240.0,109.0,71.0,23.75,70.0,83.0,No,16060 days
1667,1,1,3.0,0.0,No,Yes,No,285.0,145.0,100.0,30.14,80.0,86.0,No,20440 days
1668,4,1,20.0,0.0,No,No,No,202.0,104.0,69.0,25.82,59.0,63.0,No,15695 days
1669,1,0,0.0,0.0,No,Yes,No,305.0,128.0,92.5,27.64,75.0,62.0,No,17155 days
1670,2,1,20.0,0.0,No,No,No,272.0,114.5,80.0,27.6,63.0,57.0,No,13505 days
1671,2,1,20.0,0.0,No,Yes,No,261.0,161.0,105.0,27.47,70.0,81.96365524402907,No,18615 days
1672,3,1,15.0,0.0,No,Yes,No,233.0,130.0,94.0,30.63,75.0,75.0,No,19345 days
1673,1,1,20.0,0.0,No,No,No,192.0,122.0,82.0,25.03,83.0,66.0,No,14965 days
1674,3,0,0.0,0.0,No,No,Yes,214.0,115.0,80.0,25.09,70.0,292.0,Yes,20440 days
1675,4,1,40.0,0.0,No,Yes,No,312.0,157.0,97.0,29.91,85.0,74.0,Yes,16060 days
1676,1,1,1.0,0.0,No,Yes,No,229.0,126.5,90.0,26.0,68.0,58.0,No,20805 days
1677,3,1,10.0,0.0,No,Yes,No,187.0,144.0,90.0,22.17,90.0,93.0,No,14600 days
1678,1,0,0.0,0.0,No,No,No,270.0,120.0,76.0,19.09,64.0,98.0,Yes,24090 days
1679,1,1,20.0,0.0,No,No,No,175.0,117.5,73.5,22.15,65.0,75.0,No,12410 days
1680,1,0,0.0,0.0,No,Yes,No,268.0,143.5,90.0,29.64,88.0,83.0,No,22630 days
1681,4,0,0.0,0.0,No,No,No,265.0,123.0,78.0,24.59,55.0,81.96365524402907,No,20075 days
1682,1,0,0.0,0.0,No,No,No,165.0,115.0,71.0,21.27,64.0,86.0,No,13140 days
1683,1,0,0.0,0.0,No,No,No,164.0,112.0,63.0,22.01,60.0,85.0,No,14235 days
1684,1,1,35.0,0.0,No,No,No,240.0,146.0,91.0,24.41,82.0,70.0,No,19710 days
1685,1,0,0.0,0.0,No,No,No,225.0,92.0,69.0,24.17,56.0,68.0,No,19345 days
1686,3,1,15.0,0.0,No,No,No,215.0,133.0,86.0,28.7,86.0,84.0,No,12775 days
1687,1,0,0.0,0.0,No,Yes,No,285.0,182.5,110.0,28.88,75.0,81.96365524402907,No,22265 days
1688,4,1,15.0,0.0,No,No,No,155.0,121.0,86.0,23.16,70.0,59.0,No,14600 days
1689,2,1,10.0,0.0,No,No,No,169.0,119.0,72.0,19.78,60.0,74.0,No,14965 days
1690,1,1,20.0,0.0,No,No,No,259.0,120.0,87.0,19.88,86.0,71.0,No,15695 days
1691,1,0,0.0,0.0,No,Yes,No,372.0,169.0,85.0,26.01,75.0,79.0,Yes,23360 days
1692,1,0,0.0,0.0,No,No,No,225.0,115.5,72.5,21.83,69.0,81.96365524402907,Yes,17885 days
1693,2,0,0.0,0.0,No,Yes,No,170.0,134.0,90.0,32.93,95.0,73.0,No,15695 days
1694,2,1,20.0,0.0,No,No,No,271.0,138.5,88.0,27.24,80.0,81.96365524402907,Yes,14600 days
1695,2,1,9.0,0.0,No,No,No,225.0,110.0,76.0,18.23,83.0,85.0,No,24090 days
1696,1,0,0.0,0.0,No,No,No,226.0,131.0,87.0,24.36,75.0,73.0,No,18615 days
1697,4,1,15.0,0.0,No,No,No,250.0,117.5,71.0,23.84,50.0,75.0,No,20805 days
1698,2,0,0.0,0.0,No,Yes,No,229.0,140.0,93.0,33.97,80.0,111.0,No,22630 days
1699,1,1,10.0,0.0,No,Yes,No,201.0,147.5,95.0,22.34,100.0,67.0,No,18615 days
1700,1,0,0.0,0.0,No,No,No,170.0,110.0,69.0,23.48,75.0,83.0,No,12775 days
1701,2,1,20.0,0.0,No,No,No,246.0,120.0,70.0,19.42,72.0,78.0,No,15330 days
1702,3,1,3.0,0.0,No,No,No,246.0,120.0,78.0,24.71,63.0,75.0,No,17155 days
1703,1,0,0.0,0.0,No,Yes,No,265.0,133.5,81.5,23.78,75.0,84.0,No,14600 days
1704,1,0,0.0,0.0,No,Yes,No,223.0,146.5,77.5,21.47,75.0,85.0,No,21170 days
1705,4,1,15.0,0.0,No,No,No,203.0,110.0,71.5,24.56,96.0,65.0,No,15695 days
1706,2,1,30.0,0.0,No,No,No,250.0,149.5,95.0,28.02,68.0,81.96365524402907,No,19345 days
1707,3,1,1.0,0.0,No,No,No,234.0,120.0,81.0,23.22,67.0,83.0,No,17520 days
1708,2,1,11.0,0.0,No,No,No,206.0,107.0,74.0,20.23,65.0,83.0,No,17885 days
1709,3,0,0.0,0.0,No,No,No,269.0,130.0,85.0,21.05,72.0,74.0,No,20075 days
1710,3,0,0.0,0.0,No,Yes,No,366.0,146.5,80.0,24.19,85.0,73.0,No,20805 days
1711,1,1,20.0,0.0,No,No,No,262.0,102.0,64.0,28.06,80.0,66.0,No,18615 days
1712,3,0,0.0,0.0,No,No,No,208.0,126.5,84.0,22.01,75.0,79.0,No,18250 days
1713,1,1,40.0,0.0,No,No,No,227.0,146.5,97.0,26.92,80.0,67.0,No,16060 days
1714,2,1,30.0,0.0,No,No,No,257.0,118.0,76.0,22.92,73.0,76.0,Yes,14235 days
1715,1,0,0.0,1.0,No,Yes,No,277.0,138.5,99.0,39.64,85.0,81.0,Yes,17155 days
1716,2,1,9.0,0.0,No,No,No,266.0,118.0,75.0,21.79,85.0,81.96365524402907,No,13870 days
1717,1,0,0.0,1.0,No,Yes,No,201.0,166.0,93.0,28.16,54.0,91.0,No,23725 days
1718,3,1,1.0,0.0,No,No,No,270.0,145.5,82.0,21.1,80.0,87.0,No,15695 days
1719,1,1,20.0,0.0,No,No,No,268.0,116.5,82.0,21.34,60.0,82.0,No,17520 days
1720,1,0,0.0,0.0,No,No,No,167.0,150.0,77.0,34.69,75.0,81.96365524402907,Yes,23725 days
1721,1,0,0.0,0.0,No,No,No,262.0,129.0,75.0,23.67,70.0,95.0,No,20805 days
1722,3,1,40.0,0.0,No,Yes,No,260.0,142.0,54.0,25.4,67.0,95.0,Yes,17885 days
1723,1,0,0.0,0.0,No,No,No,254.0,106.0,65.0,24.08,75.0,81.96365524402907,No,20440 days
1724,2,1,20.0,0.0,No,No,No,247.0,122.0,70.0,18.7,70.0,65.0,No,14235 days
1725,1,0,0.0,0.0,No,No,No,222.0,110.0,71.0,29.82,66.0,104.0,No,18980 days
1726,3,0,0.0,0.0,No,No,No,286.0,119.0,85.5,22.29,60.0,72.0,No,17885 days
1727,2,0,0.0,0.0,No,Yes,No,281.0,153.0,75.0,26.59,60.0,78.0,No,20075 days
1728,1,0,0.0,0.0,No,Yes,No,239.0,166.5,107.0,19.27,110.0,70.0,No,16790 days
1729,4,1,20.0,0.0,No,Yes,No,248.0,135.0,80.0,23.06,78.0,118.0,Yes,22995 days
1730,4,0,0.0,0.0,No,Yes,No,218.0,185.0,97.5,21.82,85.0,79.0,No,23360 days
1731,2,0,0.0,0.0,No,Yes,No,241.0,151.0,102.0,26.0,65.0,90.0,No,21170 days
1732,2,0,0.0,0.0,No,No,No,221.0,124.0,69.0,23.37,58.0,81.0,No,18980 days
1733,4,1,9.0,0.0,No,No,No,191.0,119.0,78.0,20.93,65.0,73.0,No,14235 days
1734,3,1,20.0,0.0,No,No,No,190.0,106.0,72.0,25.64,75.0,75.0,No,14235 days
1735,1,0,0.0,0.0,No,Yes,No,226.0,148.0,89.0,34.13,68.0,92.0,No,19710 days
1736,2,1,20.0,0.0,No,No,No,279.0,124.0,87.0,26.68,76.0,75.0,No,13870 days
1737,1,0,0.0,0.0,No,No,No,293.0,124.0,78.0,23.66,78.0,76.0,No,13870 days
1738,2,1,9.0,0.0,No,No,No,289.0,141.0,83.5,24.99,76.0,76.0,No,20075 days
1739,1,0,0.0,0.0,No,No,No,294.0,122.0,70.0,23.76,72.0,100.0,No,21535 days
1740,1,1,10.0,0.0,No,No,No,150.0,105.5,57.5,23.21,70.0,87.0,No,16425 days
1741,1,1,30.0,0.0,No,No,No,333.0,127.0,74.0,27.97,90.0,62.0,Yes,19710 days
1742,1,0,0.0,0.0,No,No,No,255.0,120.0,77.5,28.6,75.0,75.0,No,17520 days
1743,1,0,0.0,0.0,No,Yes,No,225.0,159.0,95.0,30.18,71.0,114.0,No,18980 days
1744,2,0,0.0,0.0,No,No,No,236.69952267303103,142.0,96.0,28.21,75.0,81.96365524402907,Yes,17155 days
1745,4,0,0.0,0.0,No,No,No,296.0,123.0,86.0,25.59,70.0,63.0,No,20440 days
1746,3,1,5.0,0.0,No,No,No,192.0,130.0,80.0,27.51,75.0,90.0,No,13870 days
1747,1,0,0.0,0.0,No,No,No,236.69952267303103,130.0,89.5,25.80080075811419,80.0,81.96365524402907,No,18615 days
1748,1,0,0.0,0.0,No,Yes,No,208.0,166.5,106.5,29.13,85.0,84.0,Yes,18250 days
1749,3,0,0.0,0.0,No,No,No,280.0,123.0,75.0,27.82,68.0,112.0,No,20440 days
1750,3,0,0.0,0.0,No,No,No,197.0,104.0,65.0,22.9,57.0,97.0,No,13505 days
1751,2,0,0.0,0.0,No,Yes,No,215.0,202.0,132.0,20.49,100.0,77.0,No,17155 days
1752,1,1,20.0,0.0,No,No,No,285.0,131.5,82.0,27.87,60.0,103.0,No,21900 days
1753,3,1,5.0,0.0,No,No,No,250.0,110.0,70.0,21.14,64.0,85.0,No,15695 days
1754,1,1,15.0,0.0,No,No,No,164.0,100.0,64.0,19.87,85.0,65.0,No,13140 days
1755,2,1,1.0,0.0,No,No,No,234.0,116.0,79.5,24.77,62.0,87.0,No,14600 days
1756,1,0,0.0,0.0,No,No,No,212.0,132.0,82.0,28.72,75.0,73.0,No,16060 days
1757,3,1,8.0,0.0,No,No,No,195.0,111.0,79.0,23.22,86.0,85.0,No,16425 days
1758,2,0,0.0,0.0,No,No,No,333.0,128.0,84.0,25.69,75.0,81.96365524402907,No,20805 days
1759,1,1,9.0,0.0,No,Yes,No,274.0,173.0,102.0,27.26,69.0,75.0,No,20805 days
1760,2,1,17.0,0.0,No,Yes,No,250.0,177.0,124.0,26.4,75.0,69.0,Yes,17520 days
1761,1,0,0.0,0.0,No,No,No,207.0,161.0,97.0,36.46,75.0,67.0,No,20805 days
1762,2,0,0.0,1.0,No,Yes,No,283.0,159.0,105.0,30.06,80.0,76.0,No,14235 days
1763,1,1,25.0,0.0,No,No,No,327.0,117.0,70.0,18.52,90.0,76.0,Yes,18615 days
1764,3,0,0.0,0.0,No,Yes,No,270.0,154.0,82.0,27.82,93.0,90.0,No,21900 days
1765,2,0,0.0,0.0,No,Yes,No,260.0,148.0,74.0,26.84,66.0,91.0,No,22265 days
1766,4,0,0.0,0.0,No,Yes,No,320.0,123.0,90.0,24.44,85.0,69.0,No,14235 days
1767,2,0,0.0,0.0,No,No,No,285.0,136.5,86.5,24.81,70.0,83.0,No,18615 days
1768,1,0,0.0,1.0,No,Yes,No,281.0,135.0,83.0,24.91,63.0,68.0,No,22995 days
1769,3,1,20.0,0.0,No,No,No,249.0,109.0,66.5,24.79,94.0,85.0,No,20075 days
1770,3,0,0.0,0.0,No,Yes,No,250.0,167.0,96.5,23.79,65.0,81.96365524402907,No,17155 days
1771,1,1,20.0,0.0,No,No,No,193.0,104.0,64.0,26.0,62.0,87.0,Yes,20805 days
1772,4,0,0.0,0.0,No,Yes,No,180.0,170.0,105.0,26.79,50.0,90.0,No,20075 days
1773,3,0,0.0,0.0,No,No,No,235.0,150.5,98.0,32.4,75.0,92.0,No,17520 days
1774,1,0,0.0,0.0,No,No,No,295.0,138.0,78.0,23.45,70.0,81.0,No,21170 days
1775,1,0,0.0,0.0,No,No,No,197.0,121.0,84.0,23.07,80.0,81.96365524402907,No,14965 days
1776,2,1,15.0,0.0,No,No,No,158.0,129.0,87.0,24.66,62.0,67.0,No,13505 days
1777,3,0,0.0,0.0,No,No,No,253.0,124.0,77.0,20.27,65.0,72.0,No,17520 days
1778,2,0,0.0,0.0,No,No,No,190.0,111.0,74.0,24.47,72.0,81.96365524402907,No,15695 days
1779,4,1,40.0,0.0,No,No,No,226.0,103.5,60.0,26.11,90.0,67.0,Yes,15695 days
1780,3,0,0.0,0.0,No,No,No,230.0,134.0,84.0,23.54,80.0,78.0,No,18615 days
1781,1,0,0.0,0.0,No,Yes,No,235.0,158.0,93.0,22.18,78.0,70.0,No,14965 days
1782,1,0,0.0,0.0,No,Yes,No,245.0,171.0,89.0,23.07,82.0,93.0,No,23725 days
1783,1,1,10.0,0.0,No,No,No,157.0,134.0,84.0,25.95,105.0,76.0,Yes,22630 days
1784,2,1,20.0,0.0,No,No,No,204.0,110.0,73.0,23.72,60.0,75.0,No,15330 days
1785,1,0,0.0,0.0,No,No,No,236.69952267303103,129.0,83.0,32.57,65.0,81.96365524402907,No,18980 days
1786,1,0,0.0,0.0,No,Yes,No,293.0,132.0,84.0,26.81,80.0,81.96365524402907,No,19710 days
1787,3,1,20.0,0.0,No,No,No,184.0,147.0,88.0,23.48,66.0,76.0,No,16425 days
1788,1,1,20.0,0.0,No,No,No,215.0,119.5,73.0,29.86,67.0,93.0,Yes,21170 days
1789,2,0,0.0,0.0,No,Yes,No,264.0,150.0,99.0,26.67,80.0,102.0,No,16790 days
1790,1,1,43.0,0.0,No,Yes,No,176.0,140.0,88.0,27.56,110.0,83.0,No,18615 days
1791,1,1,30.0,0.0,No,Yes,No,170.0,132.0,94.0,22.16,53.0,82.0,No,22265 days
1792,4,0,0.0,0.0,No,No,No,209.0,123.5,83.0,28.06,72.0,63.0,No,14600 days
1793,2,1,20.0,0.0,No,No,No,189.0,120.0,70.0,21.41,70.0,70.0,No,20440 days
1794,2,0,0.0,0.0,No,No,No,202.0,119.0,80.0,23.98,64.0,78.0,No,19345 days
1795,2,1,35.0,0.0,No,Yes,No,211.0,138.0,90.0,25.49,69.0,73.0,No,15330 days
1796,1,0,0.0,0.0,No,Yes,No,240.0,155.5,100.5,33.54,72.0,116.0,Yes,21535 days
1797,4,1,3.0,0.0,No,No,No,188.0,105.0,65.0,21.15,58.0,70.0,No,14600 days
1798,1,0,0.0,0.0,No,No,No,275.0,132.0,82.0,23.53,75.0,62.0,No,21900 days
1799,3,0,0.0,0.0,No,No,No,205.0,129.0,83.5,28.82,56.0,64.0,No,20440 days
1800,2,0,0.0,0.0,No,No,No,178.0,127.0,81.0,33.07,82.0,81.96365524402907,No,13505 days
1801,1,1,20.0,0.0,No,No,No,160.0,123.0,79.0,21.19,85.0,93.0,No,14600 days
1802,3,1,15.0,0.0,No,No,No,224.0,97.0,64.0,23.05,75.0,68.0,No,15695 days
1803,2,0,0.0,1.0,No,Yes,No,285.0,158.0,98.0,30.23,70.0,88.0,No,20075 days
1804,2,0,0.0,0.0,No,No,No,275.0,155.0,89.0,25.01,74.0,85.0,No,17885 days
1805,3,1,20.0,0.0,No,No,No,238.0,112.5,75.5,26.42,58.0,67.0,Yes,21535 days
1806,3,1,1.0,0.0,No,No,No,236.0,135.0,83.0,23.48,95.0,90.0,No,14600 days
1807,1,1,10.0,0.0,No,No,No,212.0,107.0,67.5,20.4,110.0,87.0,No,13870 days
1808,2,0,0.0,1.0,No,Yes,No,228.0,178.0,123.0,31.55,78.0,81.96365524402907,No,16060 days
1809,3,0,0.0,0.0,No,No,No,195.0,135.0,80.0,32.91,100.0,75.0,No,20075 days
1810,2,1,5.0,0.0,No,Yes,No,238.0,141.0,87.0,26.46,54.0,68.0,No,16425 days
1811,1,1,20.0,0.0,No,No,No,180.0,131.0,92.0,27.18,65.0,85.0,Yes,15695 days
1812,4,1,30.0,0.0,No,Yes,No,256.0,135.0,88.0,29.51,60.0,75.0,No,20805 days
1813,2,1,20.0,0.0,No,No,No,225.0,125.0,79.0,26.23,70.0,74.0,No,13870 days
1814,3,0,0.0,0.0,No,No,No,180.0,136.5,89.0,17.61,84.0,77.0,No,14600 days
1815,1,1,20.0,0.0,No,No,No,193.0,149.0,96.0,28.55,88.0,81.96365524402907,No,18250 days
1816,1,0,0.0,0.0,No,Yes,No,206.0,158.0,70.0,28.34,60.0,88.0,Yes,20440 days
1817,4,1,9.0,0.0,No,No,No,342.0,128.0,71.0,20.52,60.0,62.0,No,23360 days
1818,1,0,0.0,0.0,No,Yes,No,234.0,130.0,83.0,27.78,75.0,74.0,No,24455 days
1819,3,1,15.0,0.0,No,No,No,233.0,100.0,70.0,22.9,75.0,78.0,No,15695 days
1820,1,1,5.0,0.0,No,Yes,No,280.0,144.0,79.0,19.5,79.0,75.0,Yes,20075 days
1821,1,0,0.0,0.0,No,Yes,No,275.0,132.5,85.0,34.36,70.0,81.96365524402907,Yes,24090 days
1822,1,1,35.0,0.0,No,No,No,188.0,120.0,82.5,31.67,80.0,68.0,No,17520 days
1823,2,1,20.0,0.0,No,No,No,244.0,129.0,72.0,22.67,60.0,80.0,No,18615 days
1824,2,1,1.0,0.0,No,No,No,245.0,122.0,69.0,24.17,65.0,92.0,No,20805 days
1825,1,0,0.0,0.0,No,Yes,No,200.0,141.0,92.0,23.48,65.0,84.0,No,20075 days
1826,2,0,0.0,0.0,No,No,No,167.0,102.5,60.0,22.58,60.0,57.0,No,13870 days
1827,2,0,0.0,0.0,No,Yes,No,196.0,124.5,99.0,28.41,83.0,73.0,No,14235 days
1828,2,1,3.0,0.0,No,Yes,No,246.0,163.0,82.0,24.38,64.0,108.0,No,22995 days
1829,1,0,0.0,0.0,No,No,No,265.0,115.0,79.5,30.0,50.0,61.0,No,16790 days
1830,4,1,5.0,0.0,No,No,No,209.0,122.5,90.0,20.79,90.0,81.96365524402907,No,14965 days
1831,3,0,0.0,0.0,No,No,No,203.0,128.0,72.0,24.87,75.0,82.0,No,17885 days
1832,2,1,15.0,0.0,No,Yes,No,235.0,154.0,94.0,22.91,70.0,66.0,Yes,22265 days
1833,3,0,0.0,0.0,No,No,No,256.0,129.0,85.5,31.84,95.0,74.0,No,15330 days
1834,1,0,0.0,0.0,No,No,No,210.0,102.0,60.0,26.98,71.0,90.0,No,21170 days
1835,3,0,0.0,0.0,No,No,No,233.0,115.0,70.0,25.03,68.0,97.0,No,14965 days
1836,2,0,0.0,0.0,No,Yes,No,183.0,150.0,86.0,25.05,66.0,70.0,Yes,22265 days
1837,2,0,0.0,0.0,No,Yes,No,344.0,154.0,110.0,35.11,85.0,76.0,No,22630 days
1838,1,1,40.0,0.0,No,Yes,No,201.0,142.5,104.5,34.59,67.0,67.0,No,16060 days
1839,3,0,0.0,0.0,No,No,No,340.0,121.0,78.0,23.33,65.0,73.0,No,22265 days
1840,1,0,0.0,0.0,No,No,No,227.0,140.0,88.0,24.59,95.0,78.0,No,20440 days
1841,3,0,0.0,0.0,No,No,No,256.0,107.0,73.0,26.38,60.0,65.0,No,14965 days
1842,2,1,50.0,0.0,No,No,No,252.0,156.0,91.0,25.35,70.0,114.0,Yes,17885 days
1843,1,0,0.0,0.0,No,Yes,No,194.0,127.0,83.0,26.05,80.0,73.0,No,20440 days
1844,3,1,15.0,0.0,No,No,No,196.0,107.5,66.5,22.64,45.0,79.0,No,12775 days
1845,1,0,0.0,0.0,No,Yes,No,263.0,146.0,94.0,29.08,63.0,81.96365524402907,No,20805 days
1846,2,0,0.0,0.0,No,No,No,190.0,121.5,74.5,29.35,73.0,93.0,No,14600 days
1847,1,0,0.0,0.0,No,No,No,232.0,120.0,67.5,23.24,60.0,62.0,No,22630 days
1848,1,0,0.0,0.0,No,No,No,289.0,126.5,84.0,21.71,69.0,70.0,No,17155 days
1849,1,1,60.0,0.0,No,No,No,252.0,104.0,73.5,23.03,70.0,77.0,No,17520 days
1850,2,1,20.0,0.0,No,Yes,No,196.0,145.0,87.0,29.65,97.0,60.0,No,15330 days
1851,2,0,0.0,0.0,No,No,No,211.0,134.0,82.0,20.93,75.0,80.0,Yes,15330 days
1852,3,0,0.0,0.0,No,No,No,229.0,105.0,72.5,26.25,90.0,79.0,No,18250 days
1853,1,0,0.0,0.0,No,No,No,214.0,123.0,78.0,38.06,66.0,62.0,No,14235 days
1854,1,0,0.0,1.0,No,Yes,Yes,294.0,195.0,90.0,27.73,72.0,127.0,No,21170 days
1855,3,0,0.0,0.0,No,Yes,No,182.0,151.0,88.0,25.22,85.0,80.0,Yes,24090 days
1856,4,0,0.0,1.0,No,Yes,No,204.0,120.0,67.0,24.84,63.0,75.0,No,22265 days
1857,1,1,20.0,0.0,No,No,No,191.0,130.0,70.0,26.09,75.0,97.0,No,20440 days
1858,1,0,0.0,0.0,No,No,No,241.0,119.5,79.0,24.66,60.0,78.0,No,21900 days
1859,2,1,3.0,0.0,No,Yes,No,326.0,157.5,78.0,24.63,85.0,77.0,No,24455 days
1860,3,1,5.0,0.0,No,No,No,184.0,96.0,72.0,18.16,100.0,81.96365524402907,No,14235 days
1861,1,0,0.0,0.0,No,Yes,No,273.0,176.0,84.0,22.17,66.0,79.0,No,21900 days
1862,3,0,0.0,0.0,No,No,No,283.0,137.0,91.0,25.41,75.0,67.0,No,15330 days
1863,2,1,20.0,0.0,No,No,No,235.0,121.0,78.0,23.01,52.0,78.0,No,18250 days
1864,1,0,0.0,0.0,No,No,No,227.0,114.0,87.0,33.1,92.0,120.0,No,18250 days
1865,1,0,0.0,0.0,No,No,No,249.0,155.0,93.5,21.99,85.0,115.0,No,15695 days
1866,3,0,0.0,0.0,No,No,No,252.0,102.0,72.5,22.85,60.0,81.96365524402907,No,15330 days
1867,3,0,0.0,0.0,No,No,No,235.0,124.0,77.0,24.19,100.0,86.0,No,20805 days
1868,3,0,0.0,0.0,No,No,No,344.0,119.0,82.0,26.82,80.0,105.0,No,20440 days
1869,1,0,0.0,0.0,No,No,No,126.0,152.0,96.5,25.65,86.0,81.96365524402907,No,15695 days
1870,2,1,0.0,0.0,No,No,No,365.0,127.0,76.0,24.44,72.0,80.0,No,17155 days
1871,2,1,5.0,0.0,No,No,No,310.0,128.5,82.0,25.36,70.0,85.0,No,20440 days
1872,2,0,0.0,0.0,No,No,No,213.0,126.0,80.0,19.53,95.0,79.0,No,13140 days
1873,2,0,0.0,0.0,No,No,No,233.0,130.0,81.0,25.82,80.0,81.0,No,22995 days
1874,4,1,3.0,0.0,No,Yes,No,298.0,137.0,85.0,26.73,76.0,87.0,No,22630 days
1875,1,0,0.0,0.0,No,No,No,229.0,119.0,75.5,25.09,70.0,88.0,Yes,16060 days
1876,2,1,9.0,0.0,No,No,No,200.0,124.0,76.0,24.2,80.0,86.0,No,14965 days
1877,1,0,0.0,0.0,No,Yes,No,301.0,127.5,91.5,25.39,80.0,74.0,No,20440 days
1878,1,1,20.0,0.0,No,Yes,No,217.0,200.0,120.0,33.71,68.0,72.0,Yes,20440 days
1879,1,0,0.0,0.0,No,No,No,236.69952267303103,115.0,60.0,25.5,76.0,99.0,No,22265 days
1880,1,1,30.0,0.0,No,Yes,No,287.0,147.5,87.5,30.36,64.0,72.0,No,18250 days
1881,1,0,0.0,0.0,No,No,No,310.0,135.0,76.5,26.31,110.0,74.0,No,20075 days
1882,2,0,0.0,0.0,No,No,No,251.0,126.0,76.0,29.19,60.0,66.0,No,13870 days
1883,1,0,0.0,0.0,No,No,No,236.0,98.0,75.0,26.63,70.0,81.96365524402907,No,14600 days
1884,1,1,40.0,0.0,No,No,No,221.0,144.0,91.0,35.78,85.0,66.0,No,17155 days
1885,1,1,20.0,0.0,No,No,No,222.0,124.0,86.0,27.25,80.0,81.96365524402907,No,17885 days
1886,2,1,30.0,0.0,No,No,No,219.0,113.0,70.0,20.41,80.0,53.0,No,19710 days
1887,1,0,0.0,0.0,No,No,No,290.0,125.0,90.0,32.81,85.0,87.0,No,14600 days
1888,1,1,30.0,0.0,No,Yes,No,225.0,146.0,82.0,27.17,70.0,85.0,Yes,22995 days
1889,1,0,0.0,0.0,No,No,No,288.0,146.0,94.5,26.54,80.0,74.0,No,23725 days
1890,2,0,0.0,0.0,No,No,No,225.0,132.0,81.0,23.62,74.0,103.0,No,18250 days
1891,2,1,20.0,0.0,No,No,No,215.0,120.0,85.0,29.93,62.0,75.0,No,19710 days
1892,1,1,15.0,0.0,No,Yes,No,280.0,152.0,104.0,24.22,90.0,82.0,No,14235 days
1893,1,0,0.0,0.0,No,Yes,No,235.0,136.5,92.0,22.92,68.0,89.0,No,16790 days
1894,1,1,3.0,0.0,No,No,No,239.0,112.5,67.0,25.63,77.0,74.0,No,19345 days
1895,4,1,20.0,0.0,No,Yes,Yes,230.0,135.5,90.0,25.34,95.0,91.0,No,17520 days
1896,1,1,20.0,0.0,No,No,No,300.0,128.0,78.0,26.69,65.0,97.0,No,18615 days
1897,2,0,0.0,0.0,No,No,No,283.0,113.0,77.0,22.73,75.0,67.0,No,23360 days
1898,2,1,43.0,0.0,No,No,No,230.0,127.0,82.0,19.97,70.0,67.0,No,22995 days
1899,3,0,0.0,0.0,No,No,No,238.0,137.5,87.0,26.89,67.0,107.0,No,20075 days
1900,2,1,1.0,0.0,No,No,No,225.0,112.0,74.0,27.26,85.0,85.0,No,14235 days
1901,1,0,0.0,0.0,No,Yes,No,261.0,141.0,78.0,25.32,68.0,76.0,No,21535 days
1902,1,1,20.0,1.0,No,Yes,No,161.0,180.0,114.0,32.52,105.0,104.0,No,18980 days
1903,1,0,0.0,0.0,No,No,No,186.0,107.0,76.0,26.39,65.0,90.0,No,17520 days
1904,1,1,20.0,0.0,No,No,No,232.0,113.5,70.0,21.03,80.0,58.0,Yes,23360 days
1905,1,0,0.0,0.0,No,Yes,No,229.0,145.0,85.0,29.67,70.0,74.0,Yes,23360 days
1906,3,0,0.0,0.0,No,No,No,286.0,110.0,74.0,26.28,65.0,90.0,No,19710 days
1907,4,0,0.0,0.0,No,No,Yes,245.0,133.0,78.0,29.05,73.0,115.0,No,20075 days
1908,1,0,0.0,0.0,No,No,No,210.0,113.0,65.0,21.33,66.0,62.0,No,17155 days
1909,3,1,20.0,0.0,No,No,No,220.0,119.0,73.5,23.31,67.0,63.0,No,15330 days
1910,2,0,0.0,0.0,No,No,No,175.0,107.5,65.0,20.17,68.0,79.0,No,20075 days
1911,2,1,18.0,0.0,No,No,No,219.0,126.0,73.0,22.65,80.0,65.0,Yes,15330 days
1912,1,0,0.0,0.0,No,No,No,228.0,118.0,84.0,18.67,75.0,90.0,No,17155 days
1913,1,0,0.0,0.0,No,No,No,166.0,115.0,82.5,26.69,64.0,67.0,No,18615 days
1914,3,1,20.0,0.0,No,No,No,300.0,108.0,73.0,20.87,60.0,80.0,No,22630 days
1915,2,1,5.0,0.0,No,No,No,282.0,120.0,87.0,22.98,60.0,81.96365524402907,No,14600 days
1916,1,1,20.0,0.0,No,No,No,261.0,111.5,72.5,26.48,73.0,74.0,No,13505 days
1917,1,1,20.0,0.0,No,No,No,184.0,127.5,70.0,25.62,50.0,80.0,No,21170 days
1918,3,0,0.0,0.0,No,No,No,215.0,147.0,96.0,28.59,65.0,100.0,No,18615 days
1919,1,1,10.0,0.0,No,Yes,No,188.0,170.0,110.0,26.03,90.0,118.0,No,17520 days
1920,1,1,20.0,0.0,No,No,No,256.0,130.0,75.0,28.76,60.0,83.0,No,18615 days
1921,1,0,0.0,0.0,No,No,No,223.0,132.0,82.0,26.06,75.0,63.0,No,18980 days
1922,2,0,0.0,0.0,No,Yes,No,292.0,143.0,95.0,31.11,90.0,77.0,Yes,24090 days
1923,2,1,20.0,0.0,No,No,No,211.0,116.5,77.5,24.5,68.0,78.0,Yes,13505 days
1924,3,1,20.0,0.0,No,No,No,245.0,95.0,50.0,21.65,82.0,81.96365524402907,No,16060 days
1925,2,1,20.0,0.0,No,No,No,167.0,105.0,67.5,27.28,88.0,86.0,No,22265 days
1926,1,0,0.0,0.0,No,No,No,296.0,141.5,87.0,28.31,75.0,81.96365524402907,No,21170 days
1927,2,1,25.0,0.0,No,No,No,286.0,133.5,80.0,26.25,75.0,65.0,No,15330 days
1928,3,1,20.0,0.0,No,No,No,193.0,129.0,91.5,27.78,95.0,74.0,No,15330 days
1929,2,0,0.0,0.0,No,No,No,222.0,112.0,82.0,23.71,77.0,85.0,No,14600 days
1930,1,0,0.0,0.0,No,Yes,No,288.0,158.0,90.0,32.84,70.0,87.0,No,21535 days
1931,2,0,0.0,0.0,No,Yes,Yes,240.0,150.0,80.0,26.45,66.0,255.0,Yes,21170 days
1932,1,0,0.0,0.0,No,No,No,362.0,151.5,82.5,25.15,102.0,81.96365524402907,No,22995 days
1933,2,1,30.0,0.0,No,No,No,224.0,114.0,68.0,21.42,66.0,107.0,No,14965 days
1934,1,0,0.0,0.0,No,No,No,246.0,135.0,82.0,24.67,70.0,77.0,No,18615 days
1935,3,0,0.0,0.0,No,No,No,202.0,111.0,79.5,27.91,80.0,100.0,No,22630 days
1936,1,0,0.0,0.0,No,No,No,307.0,112.5,70.0,23.86,60.0,72.0,No,17885 days
1937,1,0,0.0,0.0,No,Yes,No,410.0,142.0,79.0,25.58,78.0,90.0,No,21535 days
1938,2,1,20.0,0.0,No,No,No,243.0,129.0,88.0,30.85,90.0,83.0,No,16060 days
1939,1,0,0.0,0.0,No,No,No,296.0,142.0,84.0,27.01,52.0,83.0,Yes,23360 days
1940,4,1,20.0,0.0,No,No,No,236.69952267303103,110.0,70.0,22.52,75.0,81.96365524402907,No,18980 days
1941,3,0,0.0,0.0,No,No,No,237.0,118.0,84.0,22.53,68.0,78.0,No,16425 days
1942,1,0,0.0,0.0,No,Yes,No,237.0,155.0,92.5,31.5,62.0,83.0,No,22995 days
1943,2,1,20.0,0.0,No,No,No,227.0,108.0,65.5,25.45,85.0,110.0,No,13870 days
1944,3,0,0.0,0.0,No,Yes,No,220.0,137.5,101.5,22.85,60.0,88.0,No,14235 days
1945,3,1,35.0,0.0,No,No,No,161.0,122.0,82.0,26.09,65.0,91.0,No,16425 days
1946,1,0,0.0,0.0,No,No,No,232.0,119.0,81.0,30.0,60.0,100.0,Yes,20075 days
1947,1,1,10.0,1.0,No,Yes,No,213.0,182.0,92.0,26.87,52.0,63.0,No,22995 days
1948,3,0,0.0,0.0,No,Yes,No,250.0,150.0,92.0,33.29,85.0,85.0,No,14965 days
1949,1,0,0.0,0.0,No,No,No,295.0,145.0,90.0,25.87,90.0,79.0,No,16790 days
1950,3,0,0.0,0.0,No,Yes,No,232.0,145.0,94.0,26.38,66.0,80.0,No,21170 days
1951,4,0,0.0,0.0,No,No,No,185.0,96.0,72.0,21.35,60.0,82.0,No,19345 days
1952,4,0,0.0,0.0,No,No,No,210.0,134.0,84.0,25.64,58.0,77.0,Yes,21535 days
1953,1,0,0.0,0.0,No,No,No,222.0,120.5,73.5,27.23,77.0,60.0,No,16790 days
1954,3,0,0.0,0.0,No,No,No,216.0,128.0,83.5,24.41,72.0,75.0,No,18615 days
1955,3,0,0.0,0.0,No,No,No,190.0,121.0,85.5,22.19,87.0,85.0,No,15330 days
1956,1,0,0.0,0.0,No,Yes,No,262.0,175.0,85.0,30.91,68.0,72.0,No,22630 days
1957,1,1,30.0,0.0,No,No,No,260.0,111.0,70.0,23.46,66.0,71.0,No,17155 days
1958,3,0,0.0,0.0,No,No,No,192.0,107.5,67.5,21.22,67.0,81.96365524402907,No,15695 days
1959,1,1,15.0,0.0,No,No,No,229.0,111.0,85.0,24.1,75.0,74.0,No,17520 days
1960,3,1,1.0,0.0,No,No,No,289.0,142.0,83.0,35.17,68.0,72.0,Yes,20805 days
1961,3,1,8.0,0.0,No,No,No,192.0,119.5,69.5,24.67,90.0,83.0,No,15695 days
1962,3,0,0.0,0.0,No,No,No,229.0,105.0,72.5,26.76,84.0,77.0,No,23360 days
1963,3,1,0.0,0.0,No,Yes,No,170.0,145.5,99.0,26.74,83.0,85.0,No,16425 days
1964,3,0,0.0,0.0,No,No,No,238.0,97.0,67.0,23.17,75.0,77.0,No,17885 days
1965,1,0,0.0,0.0,No,No,No,244.0,119.0,73.0,26.51,80.0,80.0,No,16425 days
1966,4,1,30.0,0.0,No,Yes,No,226.0,139.0,80.0,23.62,72.0,69.0,No,19345 days
1967,3,1,30.0,0.0,No,No,No,250.0,126.0,89.5,28.68,75.0,92.0,No,16425 days
1968,3,1,9.0,0.0,No,No,No,249.0,112.0,75.0,22.54,72.0,71.0,Yes,18980 days
1969,1,0,0.0,0.0,No,Yes,No,266.0,171.0,87.0,32.77,80.0,123.0,No,22265 days
1970,2,0,0.0,0.0,No,No,No,212.0,132.0,82.0,34.52,80.0,72.0,No,16790 days
1971,4,0,0.0,0.0,No,Yes,No,249.0,174.0,101.5,28.69,74.0,76.0,No,17520 days
1972,2,1,43.0,0.0,No,No,No,176.0,116.0,86.0,21.45,62.0,76.0,No,17520 days
1973,4,1,20.0,0.0,No,No,No,236.0,112.5,75.0,30.43,72.0,67.0,No,17520 days
1974,4,1,35.0,0.0,No,Yes,No,198.0,143.5,90.0,27.99,50.0,81.96365524402907,Yes,16060 days
1975,1,1,20.0,0.0,Yes,Yes,No,213.0,163.0,94.0,25.80080075811419,76.0,69.0,Yes,22995 days
1976,1,1,40.0,0.0,No,No,No,224.0,126.0,79.0,22.94,53.0,68.0,No,14965 days
1977,3,0,0.0,0.0,No,No,No,330.0,108.0,82.0,23.09,85.0,80.0,No,23360 days
1978,2,1,20.0,0.0,No,No,No,317.0,123.0,81.0,20.33,80.0,81.96365524402907,No,19345 days
1979,3,1,43.0,0.0,No,No,No,238.0,126.0,72.0,23.4,62.0,73.0,No,19345 days
1980,2,1,0.0,0.0,No,No,No,228.0,112.0,74.0,24.51,63.0,81.96365524402907,No,21900 days
1981,1,1,20.0,0.0,No,No,No,319.0,116.0,74.0,26.62,83.0,136.0,No,15330 days
1982,3,0,0.0,0.0,No,No,No,162.0,105.0,70.0,21.35,72.0,71.0,No,13870 days
1983,2,0,0.0,0.0,No,Yes,No,283.0,164.0,86.0,24.64,80.0,82.0,No,22995 days
1984,4,0,0.0,0.0,No,Yes,No,240.0,136.0,94.0,29.17,64.0,57.0,No,22995 days
1985,1,1,3.0,0.0,No,Yes,No,201.0,145.0,88.0,39.91,65.0,89.0,No,21535 days
1986,1,1,30.0,0.0,No,No,No,316.0,110.0,70.0,19.83,80.0,74.0,Yes,21535 days
1987,1,1,9.0,0.0,No,No,No,200.0,124.0,77.0,22.82,57.0,81.96365524402907,No,21535 days
1988,2,1,5.0,0.0,No,No,No,174.0,115.5,65.0,29.84,73.0,80.0,No,16790 days
1989,1,0,0.0,0.0,No,Yes,No,238.0,232.0,136.0,24.83,75.0,79.0,No,22265 days
1990,1,0,0.0,0.0,No,No,No,279.0,128.5,73.5,27.49,72.0,77.0,No,17520 days
1991,2,0,0.0,0.0,No,No,No,198.0,119.0,80.0,30.05,70.0,79.0,No,20805 days
1992,1,0,0.0,0.0,No,No,No,144.0,122.5,80.0,27.46,72.0,123.0,Yes,14600 days
1993,1,0,0.0,0.0,No,No,No,193.0,134.0,88.0,25.77,69.0,76.0,No,17885 days
1994,2,0,0.0,1.0,No,Yes,No,234.0,173.0,96.0,27.99,100.0,76.0,No,15695 days
1995,2,0,0.0,1.0,No,Yes,No,241.0,132.0,85.0,23.81,55.0,84.0,No,18250 days
1996,2,0,0.0,0.0,No,No,No,224.0,111.5,77.0,24.08,63.0,74.0,No,18615 days
1997,1,0,0.0,0.0,No,No,Yes,260.0,85.5,51.0,20.76,87.0,206.0,Yes,21170 days
1998,4,1,15.0,0.0,No,Yes,No,240.0,180.0,107.5,25.33,68.0,80.0,No,18615 days
1999,2,0,0.0,0.0,No,No,No,195.0,132.0,81.0,24.26,80.0,86.0,No,14600 days
2000,4,1,5.0,0.0,No,No,No,228.0,110.0,80.0,19.74,90.0,127.0,No,16790 days
2001,1,1,20.0,0.0,No,No,No,260.0,134.0,80.0,22.25,87.0,81.0,No,16060 days
2002,1,1,20.0,0.0,No,No,No,225.0,110.0,64.0,28.1,66.0,64.0,No,21535 days
2003,1,1,20.0,0.0,No,No,No,236.69952267303103,112.5,74.0,26.37,70.0,81.96365524402907,No,18615 days
2004,1,0,0.0,0.0,No,No,No,192.0,112.0,62.0,30.47,75.0,82.0,No,16060 days
2005,1,1,15.0,0.0,No,No,No,300.0,102.0,66.5,25.68,100.0,100.0,No,13140 days
2006,4,1,35.0,0.0,No,No,No,240.0,114.0,76.0,25.82,66.0,81.96365524402907,No,13140 days
2007,1,1,15.0,1.0,No,Yes,No,266.0,191.0,81.0,25.33,95.0,78.0,Yes,23360 days
2008,3,1,30.0,0.0,No,Yes,No,236.69952267303103,152.5,105.0,35.85,72.0,81.96365524402907,No,18250 days
2009,1,1,9.0,0.0,No,No,No,261.0,133.0,77.0,27.96,87.0,105.0,No,17155 days
2010,1,1,9.0,0.0,No,Yes,No,274.0,135.0,90.0,22.19,70.0,81.96365524402907,No,15330 days
2011,3,0,0.0,0.0,No,Yes,No,227.0,168.0,94.0,22.7,75.0,70.0,No,19710 days
2012,2,0,0.0,0.0,No,Yes,No,279.0,148.0,99.0,26.64,86.0,85.0,No,18980 days
2013,4,1,15.0,0.0,No,No,No,190.0,118.0,80.0,24.47,50.0,88.0,No,18980 days
2014,2,0,0.0,0.0,No,Yes,No,351.0,134.0,97.5,21.66,100.0,81.96365524402907,No,18615 days
2015,4,0,0.0,0.0,No,No,No,150.0,108.0,70.5,20.42,72.0,88.0,No,13870 days
2016,1,1,3.0,0.0,No,No,No,280.0,128.0,82.0,29.17,60.0,62.0,No,16425 days
2017,1,1,20.0,0.0,No,No,No,225.0,110.0,80.0,22.51,65.0,77.0,Yes,15330 days
2018,2,1,30.0,0.0,No,No,No,260.0,126.0,91.0,27.01,75.0,84.0,No,17155 days
2019,4,0,0.0,0.0,No,Yes,No,240.0,141.5,93.0,38.43,72.0,77.0,No,15695 days
2020,2,0,0.0,0.0,No,No,No,280.0,142.0,91.0,28.09,85.0,65.0,No,16790 days
2021,2,0,0.0,0.0,No,No,No,233.0,132.0,82.0,26.81,69.0,71.0,No,15330 days
2022,2,1,9.0,0.0,No,No,No,208.0,137.0,82.0,24.35,85.0,81.96365524402907,No,16425 days
2023,1,0,0.0,0.0,No,Yes,No,273.0,150.5,97.0,22.01,76.0,74.0,No,22630 days
2024,1,0,0.0,0.0,No,Yes,Yes,390.0,184.5,83.0,18.99,87.0,47.0,No,22630 days
2025,1,0,0.0,0.0,No,Yes,No,207.0,175.0,80.0,20.86,83.0,75.0,Yes,20805 days
2026,2,1,3.0,0.0,No,Yes,No,282.0,111.0,84.0,29.42,80.0,81.96365524402907,No,12775 days
2027,1,1,10.0,0.0,No,No,No,226.0,95.0,59.0,22.88,80.0,83.0,No,14235 days
2028,3,1,15.0,0.0,No,No,No,245.0,122.0,74.5,24.27,79.0,85.0,No,13140 days
2029,4,1,20.0,0.0,No,No,No,282.0,135.0,80.0,29.14,75.0,89.0,No,13870 days
2030,2,0,0.0,0.0,No,Yes,No,287.0,145.0,92.0,36.04,80.0,77.0,No,24455 days
2031,1,0,0.0,0.0,No,Yes,No,173.0,144.0,82.0,22.54,60.0,77.0,Yes,23360 days
2032,1,0,0.0,0.0,No,No,No,196.0,100.0,80.0,22.9,78.0,74.0,No,13870 days
2033,3,0,0.0,0.0,No,No,No,244.0,118.5,88.0,28.68,77.0,65.0,Yes,13870 days
2034,2,1,15.0,0.0,No,No,No,165.0,113.0,79.0,28.96,75.0,72.0,No,15695 days
2035,1,0,0.0,0.0,No,No,No,221.0,130.0,87.0,26.43,72.0,55.0,No,13870 days
2036,2,0,0.0,0.0,Yes,No,No,321.0,150.0,93.0,22.5,75.0,131.0,No,19710 days
2037,3,0,0.0,0.0,No,No,No,192.0,103.0,72.5,22.72,61.0,70.0,No,14965 days
2038,1,1,30.0,0.0,No,No,No,292.0,120.0,85.0,31.09,85.0,81.96365524402907,No,14235 days
2039,2,0,0.0,0.0,No,No,No,262.0,126.0,91.0,31.38,72.0,84.0,No,14235 days
2040,2,0,0.0,0.0,No,No,No,216.0,100.0,70.0,23.88,70.0,73.0,No,18250 days
2041,1,0,0.0,0.0,No,Yes,Yes,184.0,157.0,97.0,33.16,110.0,148.0,Yes,24820 days
2042,4,0,0.0,0.0,No,Yes,No,225.0,134.5,92.5,30.62,78.0,69.0,No,19710 days
2043,4,0,0.0,0.0,No,No,No,224.0,130.0,87.0,29.01,75.0,73.0,No,17885 days
2044,3,1,20.0,0.0,No,No,No,237.0,112.5,77.5,23.58,75.0,84.0,No,14600 days
2045,1,0,0.0,0.0,No,No,No,261.0,122.0,74.0,23.77,70.0,81.96365524402907,No,21900 days
2046,2,1,7.0,0.0,No,No,No,229.0,116.0,70.0,26.65,77.0,71.0,No,13870 days
2047,3,1,20.0,0.0,No,No,No,253.0,105.0,59.0,19.42,62.0,83.0,No,17520 days
2048,2,0,0.0,0.0,No,No,No,274.0,104.0,61.0,25.80080075811419,60.0,68.0,No,12775 days
2049,1,0,0.0,0.0,No,No,No,275.0,112.0,71.0,25.68,80.0,81.96365524402907,No,18980 days
2050,1,1,30.0,0.0,No,No,No,234.0,122.0,81.5,29.64,64.0,76.0,No,18250 days
2051,1,0,0.0,0.0,No,No,No,281.0,107.5,74.0,23.44,85.0,79.0,No,18250 days
2052,1,0,0.0,0.0,No,No,No,273.0,120.0,80.0,29.89,76.0,87.0,No,16060 days
2053,1,1,20.0,0.0,No,No,No,163.0,105.0,72.5,21.02,67.0,62.0,No,16060 days
2054,2,0,0.0,0.0,No,No,No,229.0,130.0,80.0,21.72,75.0,77.0,No,16425 days
2055,1,0,0.0,0.0,No,No,No,210.0,146.5,82.0,32.27,85.0,72.0,No,18980 days
2056,3,1,20.0,0.0,No,No,No,163.0,126.0,78.0,26.56,63.0,78.0,No,18615 days
2057,4,0,0.0,0.0,No,No,No,251.0,114.0,75.0,26.35,80.0,72.0,No,20805 days
2058,2,1,20.0,0.0,No,No,No,305.0,112.5,75.0,22.7,75.0,98.0,Yes,21900 days
2059,1,1,3.0,0.0,No,No,No,165.0,117.0,77.0,21.71,50.0,66.0,No,14600 days
2060,4,0,0.0,0.0,No,No,No,221.0,119.0,84.0,26.89,66.0,82.0,No,13870 days
2061,3,1,20.0,0.0,No,No,No,257.0,138.5,90.0,25.14,87.0,101.0,No,20805 days
2062,1,0,0.0,0.0,No,No,No,203.0,120.0,73.0,27.08,92.0,81.0,No,23360 days
2063,3,0,0.0,0.0,No,No,No,220.0,122.0,74.0,25.66,71.0,93.0,Yes,20440 days
2064,4,1,5.0,0.0,No,No,No,228.0,127.5,80.0,27.54,75.0,81.96365524402907,No,15330 days
2065,1,1,30.0,0.0,No,Yes,No,255.0,149.0,86.0,20.12,98.0,65.0,No,19710 days
2066,4,1,20.0,0.0,No,No,No,274.0,120.0,83.5,23.95,80.0,79.0,No,15330 days
2067,1,1,1.0,0.0,No,Yes,No,244.0,160.5,98.0,25.80080075811419,86.0,69.0,No,21170 days
2068,2,0,0.0,0.0,No,No,No,242.0,129.0,85.0,27.4,80.0,81.96365524402907,Yes,16790 days
2069,2,1,25.0,0.0,No,No,No,210.0,117.0,84.0,28.35,75.0,96.0,No,13140 days
2070,2,0,0.0,0.0,No,No,No,165.0,117.5,72.5,27.86,63.0,67.0,No,12775 days
2071,3,0,0.0,0.0,No,No,No,288.0,124.0,77.0,29.88,79.0,92.0,No,19710 days
2072,3,1,20.0,0.0,No,No,No,245.0,127.0,79.0,23.5,72.0,73.0,No,22630 days
2073,2,1,15.0,0.0,No,No,No,216.0,116.0,72.0,24.25,76.0,71.0,No,14235 days
2074,2,1,10.0,0.0,No,Yes,No,232.0,136.0,85.0,30.29,70.0,66.0,No,16425 days
2075,1,1,20.0,0.0,No,No,No,166.0,112.0,73.5,21.64,75.0,93.0,Yes,13505 days
2076,2,0,0.0,0.0,No,No,No,287.0,121.0,70.0,23.64,68.0,75.0,No,23360 days
2077,1,0,0.0,0.0,No,Yes,No,220.0,145.0,86.0,25.9,90.0,77.0,No,21535 days
2078,4,1,20.0,0.0,No,No,No,182.0,95.5,64.0,25.21,60.0,72.0,No,14600 days
2079,4,1,30.0,0.0,No,Yes,No,236.69952267303103,152.0,87.0,26.77,77.0,81.96365524402907,Yes,15695 days
2080,1,0,0.0,0.0,No,No,No,266.0,117.0,78.0,27.39,70.0,88.0,No,18980 days
2081,3,1,25.0,0.0,No,No,No,200.0,126.5,91.5,30.34,75.0,81.96365524402907,No,17520 days
2082,1,1,20.0,0.0,No,No,No,237.0,130.0,72.0,23.54,75.0,80.0,No,14600 days
2083,1,0,0.0,0.0,No,Yes,No,308.0,152.0,98.0,35.42,75.0,76.0,No,22630 days
2084,1,0,0.0,0.0,No,No,No,270.0,134.0,87.0,24.91,75.0,77.0,No,17520 days
2085,1,1,20.0,0.0,No,No,No,185.0,137.0,90.0,25.2,82.0,81.96365524402907,No,16790 days
2086,4,1,9.0,0.0,No,Yes,No,263.0,155.0,84.0,27.87,68.0,60.0,No,20075 days
2087,3,0,0.0,0.0,No,No,No,213.0,141.0,90.0,30.77,60.0,77.0,Yes,20805 days
2088,4,0,0.0,0.0,No,Yes,No,259.0,171.0,120.0,29.38,72.0,85.0,Yes,18250 days
2089,4,1,35.0,0.0,No,No,No,236.0,102.0,69.0,21.98,70.0,73.0,No,18250 days
2090,2,0,0.0,0.0,No,No,No,232.0,113.0,69.0,21.29,68.0,70.0,No,15330 days
2091,1,0,0.0,0.0,No,Yes,Yes,240.0,235.0,100.0,25.80080075811419,68.0,297.0,Yes,23725 days
2092,2,1,9.0,0.0,No,No,No,185.0,123.0,74.0,24.41,83.0,92.0,No,15330 days
2093,1,1,20.0,0.0,No,Yes,No,228.0,188.0,128.0,29.58,84.0,67.0,No,24090 days
2094,1,0,0.0,0.0,No,No,No,177.0,107.0,76.0,22.37,75.0,65.0,No,14965 days
2095,1,1,20.0,0.0,No,No,No,265.0,124.0,81.0,28.18,73.0,100.0,No,20805 days
2096,3,0,0.0,0.0,No,No,No,179.0,120.0,82.0,21.51,96.0,81.96365524402907,No,14235 days
2097,3,1,20.0,0.0,No,Yes,No,206.0,162.5,93.5,29.01,90.0,77.0,No,15695 days
2098,3,0,0.0,0.0,No,No,Yes,209.0,104.0,72.0,23.96,90.0,103.0,No,14235 days
2099,3,0,0.0,0.0,No,Yes,No,243.0,157.0,98.0,23.82,70.0,78.0,Yes,18250 days
2100,4,0,0.0,0.0,No,No,No,305.0,114.0,80.0,24.33,55.0,80.0,No,18250 days
2101,2,1,5.0,0.0,No,No,No,200.0,119.0,74.0,23.8,75.0,74.0,No,12045 days
2102,3,0,0.0,0.0,No,Yes,No,264.0,123.0,94.5,28.59,75.0,70.0,No,13140 days
2103,1,0,0.0,0.0,No,No,No,240.0,127.5,87.0,22.19,60.0,81.96365524402907,No,16060 days
2104,1,1,20.0,0.0,No,Yes,No,244.0,125.0,93.0,24.5,75.0,81.96365524402907,No,20075 days
2105,1,1,9.0,0.0,No,No,No,309.0,130.0,86.0,22.37,82.0,80.0,No,19345 days
2106,3,0,0.0,0.0,No,No,No,250.0,120.0,83.0,22.36,65.0,78.0,Yes,24455 days
2107,4,0,0.0,0.0,No,No,No,227.0,132.0,59.0,25.12,57.0,81.96365524402907,No,18250 days
2108,3,1,20.0,0.0,No,No,No,267.0,102.0,62.0,20.34,60.0,81.96365524402907,No,20805 days
2109,2,1,10.0,0.0,No,No,No,169.0,123.5,77.5,23.09,71.0,81.96365524402907,No,14600 days
2110,2,0,0.0,0.0,No,Yes,No,248.0,140.0,87.0,30.34,96.0,81.96365524402907,No,14965 days
2111,3,1,35.0,0.0,No,No,No,275.0,144.5,88.5,27.05,72.0,79.0,Yes,20075 days
2112,1,0,0.0,0.0,No,No,No,260.0,126.5,76.0,25.14,58.0,70.0,Yes,20440 days
2113,2,1,25.0,0.0,No,No,No,217.0,119.0,85.0,23.32,66.0,96.0,No,14235 days
2114,1,1,43.0,0.0,No,No,No,217.0,107.5,75.0,26.21,80.0,66.0,Yes,22630 days
2115,1,0,0.0,0.0,No,No,No,258.0,146.0,76.0,24.94,63.0,87.0,No,20805 days
2116,4,1,9.0,0.0,No,No,No,180.0,113.0,73.0,17.65,70.0,73.0,No,14235 days
2117,1,1,17.0,0.0,No,No,No,177.0,127.0,79.0,20.12,70.0,88.0,No,20440 days
2118,1,0,0.0,0.0,No,No,No,242.0,115.0,70.0,32.07,83.0,81.96365524402907,No,20440 days
2119,3,0,0.0,0.0,No,Yes,No,258.0,146.0,98.5,26.05,60.0,68.0,No,19710 days
2120,1,0,0.0,0.0,No,No,No,218.0,148.0,80.0,37.04,82.0,78.0,No,22265 days
2121,2,0,0.0,0.0,No,No,No,195.0,137.0,93.0,26.39,88.0,75.0,No,14235 days
2122,4,1,3.0,0.0,No,No,No,160.0,104.0,61.0,20.22,85.0,100.0,No,13505 days
2123,1,0,0.0,0.0,No,No,No,266.0,135.0,87.0,26.72,75.0,82.0,No,21900 days
2124,4,1,5.0,0.0,No,Yes,No,254.0,167.5,102.5,27.15,75.0,83.0,No,22630 days
2125,1,1,20.0,0.0,No,No,No,200.0,136.0,88.0,26.25,75.0,73.0,Yes,21170 days
2126,1,1,20.0,0.0,No,Yes,No,195.0,154.0,96.0,28.38,75.0,75.0,No,18615 days
2127,3,0,0.0,0.0,No,Yes,No,234.0,141.0,98.0,21.06,53.0,82.0,No,17520 days
2128,1,1,20.0,0.0,No,No,No,225.0,146.0,77.0,24.6,96.0,53.0,No,21170 days
2129,1,1,20.0,0.0,No,Yes,No,225.0,133.0,83.0,22.18,80.0,65.0,No,19710 days
2130,2,0,0.0,0.0,No,No,No,276.0,134.0,85.0,23.64,70.0,86.0,No,22995 days
2131,1,1,30.0,0.0,No,No,No,179.0,125.0,82.0,19.53,60.0,70.0,Yes,13505 days
2132,3,1,3.0,0.0,No,Yes,No,216.0,205.0,92.5,25.86,66.0,84.0,No,21535 days
2133,1,0,0.0,0.0,No,No,No,298.0,169.5,104.5,27.51,76.0,78.0,No,20075 days
2134,2,0,0.0,0.0,No,Yes,No,315.0,159.0,99.0,27.94,75.0,81.96365524402907,No,19345 days
2135,3,1,5.0,0.0,No,No,No,143.0,125.5,80.0,21.99,71.0,95.0,No,14600 days
2136,2,0,0.0,0.0,No,Yes,No,290.0,185.0,107.5,26.45,82.0,84.0,Yes,20440 days
2137,3,1,15.0,0.0,No,No,No,195.0,120.5,76.0,22.91,75.0,70.0,Yes,14965 days
2138,4,1,3.0,0.0,No,No,No,215.0,144.0,110.0,25.71,58.0,85.0,No,16425 days
2139,2,1,20.0,0.0,No,No,No,164.0,96.5,67.0,24.99,68.0,67.0,No,13505 days
2140,2,0,0.0,0.0,No,Yes,No,259.0,152.0,97.0,33.68,75.0,76.0,No,18250 days
2141,4,0,0.0,0.0,No,No,No,206.0,130.0,88.0,22.25,85.0,79.0,No,14965 days
2142,2,0,0.0,0.0,No,No,No,298.0,132.0,85.5,31.06,58.0,90.0,No,14965 days
2143,2,1,20.0,0.0,No,No,No,283.0,127.0,86.0,23.68,95.0,78.0,No,17885 days
2144,2,1,6.0,0.0,No,No,No,234.0,129.0,94.0,23.9,65.0,96.0,No,18615 days
2145,2,0,0.0,0.0,No,No,No,202.0,149.5,85.0,25.42,65.0,80.0,No,22630 days
2146,1,0,0.0,0.0,No,No,No,258.0,110.0,69.0,26.25,60.0,73.0,No,15330 days
2147,3,0,0.0,0.0,No,No,No,293.0,124.0,74.0,25.56,72.0,77.0,No,21535 days
2148,1,0,0.0,0.0,No,Yes,No,245.0,148.0,92.0,22.7,70.0,60.0,No,18980 days
2149,2,1,20.0,0.0,No,No,No,154.0,106.0,59.5,22.71,72.0,50.0,No,13505 days
2150,2,1,30.0,0.0,No,No,No,310.0,126.0,87.0,28.09,78.0,78.0,No,13140 days
2151,2,0,0.0,0.0,No,No,No,186.0,121.0,79.5,27.08,56.0,65.0,No,13140 days
2152,4,1,9.0,0.0,No,No,No,170.0,110.5,69.0,22.19,60.0,103.0,No,14235 days
2153,2,0,0.0,0.0,No,No,No,271.0,146.5,80.0,20.69,100.0,89.0,No,20075 days
2154,4,1,10.0,0.0,No,No,No,200.0,116.0,69.0,23.9,75.0,78.0,No,14600 days
2155,3,0,0.0,0.0,No,No,No,305.0,130.0,95.0,23.1,65.0,78.0,Yes,13870 days
2156,4,1,5.0,0.0,No,No,No,265.0,110.0,78.0,20.88,60.0,68.0,No,16060 days
2157,1,0,0.0,0.0,No,No,No,260.0,116.0,77.0,28.56,57.0,61.0,No,19710 days
2158,2,1,30.0,0.0,No,No,No,162.0,129.0,76.5,24.12,70.0,73.0,No,14600 days
2159,3,1,15.0,0.0,No,No,No,212.0,115.0,72.0,23.72,73.0,100.0,No,15330 days
2160,1,0,0.0,0.0,No,Yes,No,242.0,130.0,91.0,31.12,80.0,81.96365524402907,No,22630 days
2161,1,1,1.0,0.0,No,No,No,259.0,130.0,95.0,23.68,68.0,81.96365524402907,No,17520 days
2162,1,0,0.0,0.0,No,Yes,No,212.0,220.0,96.0,44.71,110.0,95.0,No,24090 days
2163,1,1,20.0,0.0,No,No,No,274.0,116.0,79.0,24.77,72.0,65.0,No,19710 days
2164,2,0,0.0,0.0,No,No,No,274.0,116.0,83.0,25.77,70.0,83.0,No,20805 days
2165,4,0,0.0,0.0,No,No,No,328.0,124.0,82.0,29.08,82.0,69.0,No,13870 days
2166,4,0,0.0,0.0,No,Yes,No,165.0,146.0,90.0,28.78,60.0,74.0,No,15330 days
2167,1,1,30.0,0.0,No,No,No,240.0,127.0,90.0,38.54,75.0,69.0,No,15330 days
2168,2,1,20.0,0.0,No,No,No,255.0,111.0,72.0,17.32,88.0,65.0,No,16425 days
2169,1,0,0.0,0.0,No,No,No,210.0,134.0,83.0,25.08,75.0,107.0,No,17520 days
2170,4,0,0.0,0.0,No,Yes,No,249.0,182.0,111.0,39.04,90.0,67.0,No,16060 days
2171,1,0,0.0,0.0,No,No,No,205.0,118.0,79.5,30.21,82.0,75.0,No,22630 days
2172,1,0,0.0,0.0,No,No,No,203.0,124.0,86.0,28.25,83.0,80.0,No,14965 days
2173,3,0,0.0,0.0,No,Yes,No,294.0,139.0,78.0,21.11,85.0,79.0,No,22630 days
2174,1,1,20.0,1.0,No,Yes,No,156.0,170.0,98.0,28.88,72.0,81.96365524402907,Yes,21170 days
2175,1,1,20.0,0.0,No,No,No,247.0,150.0,88.0,27.92,75.0,74.0,Yes,17885 days
2176,1,0,0.0,0.0,No,No,No,205.0,107.5,67.5,20.26,75.0,88.0,No,19710 days
2177,3,0,0.0,0.0,No,No,No,240.0,109.0,79.0,25.80080075811419,92.0,80.0,Yes,19345 days
2178,1,0,0.0,0.0,No,No,No,229.0,124.0,79.0,30.28,72.0,77.0,No,15695 days
2179,2,0,0.0,0.0,No,Yes,No,273.0,210.0,120.0,25.11,88.0,83.0,Yes,22265 days
2180,1,0,0.0,0.0,No,No,Yes,229.0,109.0,75.0,38.42,110.0,120.0,No,22995 days
2181,1,1,9.0,0.0,No,Yes,No,320.0,142.0,84.0,27.9,74.0,95.0,Yes,20440 days
2182,2,1,50.0,0.0,No,No,No,300.0,120.0,74.0,28.74,70.0,78.0,No,13870 days
2183,2,1,20.0,0.0,No,No,No,282.0,110.0,70.0,26.4,70.0,81.96365524402907,No,21170 days
2184,1,0,0.0,0.0,No,No,No,279.0,132.0,81.0,26.18,67.0,77.0,No,19345 days
2185,2,1,3.0,0.0,No,No,No,250.0,130.0,80.0,20.24,90.0,86.0,No,16425 days
2186,2,1,20.0,0.0,No,Yes,No,293.0,151.0,92.0,30.67,80.0,77.0,No,18615 days
2187,1,1,30.0,1.0,No,Yes,No,238.0,184.0,102.0,28.88,90.0,94.0,Yes,18980 days
2188,1,1,20.0,0.0,No,No,No,297.0,105.0,73.0,27.15,67.0,88.0,No,14600 days
2189,1,1,30.0,0.0,No,No,No,232.0,130.0,91.0,25.77,72.0,70.0,No,15330 days
2190,2,1,1.0,0.0,No,Yes,No,165.0,134.5,91.0,27.97,86.0,80.0,No,13505 days
2191,1,1,20.0,0.0,No,No,No,232.0,115.0,80.0,28.79,72.0,68.0,No,18980 days
2192,2,1,15.0,0.0,No,No,No,209.0,127.0,86.0,26.41,85.0,88.0,No,16060 days
2193,2,1,30.0,0.0,No,No,No,339.0,97.0,62.0,22.19,90.0,85.0,No,16060 days
2194,3,1,43.0,0.0,No,Yes,No,272.0,128.0,83.0,33.26,80.0,63.0,Yes,15330 days
2195,2,1,25.0,0.0,No,No,No,288.0,124.0,81.0,27.94,69.0,118.0,No,16425 days
2196,1,0,0.0,0.0,No,No,No,190.0,114.0,70.0,27.8,60.0,80.0,No,14235 days
2197,1,0,0.0,0.0,No,Yes,No,293.0,193.0,63.0,30.0,70.0,76.0,Yes,22995 days
2198,1,1,20.0,0.0,No,No,No,190.0,121.5,79.0,24.2,92.0,77.0,No,15330 days
2199,4,0,0.0,0.0,No,No,No,260.0,120.0,80.0,28.89,60.0,68.0,No,20075 days
2200,3,0,0.0,0.0,No,Yes,No,230.0,154.0,98.0,28.23,75.0,90.0,No,16790 days
2201,1,0,0.0,0.0,No,No,No,258.0,128.0,79.0,32.03,70.0,75.0,No,16425 days
2202,2,0,0.0,0.0,No,No,No,209.0,115.0,69.0,24.66,72.0,77.0,No,13505 days
2203,2,0,0.0,0.0,No,No,No,232.0,120.0,75.0,23.88,60.0,74.0,No,18250 days
2204,2,1,20.0,0.0,Yes,Yes,No,260.0,158.0,96.0,21.17,74.0,82.0,No,18980 days
2205,1,1,20.0,0.0,No,No,No,260.0,120.0,80.0,29.35,64.0,73.0,No,19345 days
2206,1,1,15.0,0.0,No,Yes,No,405.0,181.5,102.5,26.33,98.0,97.0,Yes,16790 days
2207,2,0,0.0,0.0,No,No,No,197.0,109.0,73.0,26.38,71.0,95.0,No,12775 days
2208,2,1,10.0,0.0,No,No,No,359.0,115.0,71.0,24.46,75.0,68.0,No,15330 days
2209,1,1,2.0,0.0,No,No,No,236.69952267303103,129.0,90.0,16.61,80.0,81.96365524402907,Yes,17520 days
2210,1,0,0.0,0.0,No,No,No,234.0,130.0,75.0,28.35,82.0,72.0,No,18980 days
2211,3,0,0.0,0.0,No,Yes,No,230.0,150.0,101.0,28.54,75.0,65.0,No,14965 days
2212,1,1,35.0,0.0,No,Yes,No,174.0,154.0,84.0,31.76,72.0,90.0,No,17520 days
2213,1,1,20.0,0.0,No,No,No,295.0,139.0,80.0,21.28,63.0,97.0,No,22630 days
2214,4,0,0.0,0.0,No,Yes,No,243.0,188.5,106.5,29.82,68.0,70.0,No,19345 days
2215,1,1,20.0,0.0,No,No,No,260.0,127.5,72.5,25.06,65.0,75.0,Yes,21900 days
2216,4,1,20.0,0.0,No,No,No,202.0,99.0,76.0,24.61,94.0,81.96365524402907,No,16425 days
2217,1,1,20.0,0.0,No,No,Yes,195.0,106.0,80.0,23.57,85.0,132.0,No,14235 days
2218,2,1,20.0,0.0,No,No,No,226.0,132.5,85.0,26.64,72.0,58.0,No,15695 days
2219,2,1,40.0,0.0,No,No,No,184.0,118.0,77.0,25.56,86.0,81.96365524402907,No,12410 days
2220,1,1,20.0,0.0,No,No,No,182.0,120.0,83.0,27.26,85.0,87.0,No,15330 days
2221,1,1,30.0,0.0,No,No,No,288.0,122.5,68.5,22.13,80.0,88.0,No,21900 days
2222,4,1,1.0,0.0,No,Yes,No,322.0,165.0,95.0,22.84,80.0,81.0,No,23725 days
2223,1,1,10.0,0.0,No,No,No,230.0,116.0,75.0,21.35,92.0,77.0,No,16425 days
2224,2,1,10.0,0.0,No,No,No,309.0,113.0,68.0,21.35,60.0,75.0,Yes,13870 days
2225,4,0,0.0,0.0,No,No,No,240.0,122.5,80.0,23.97,60.0,43.0,No,13870 days
2226,1,0,0.0,0.0,No,No,No,205.0,142.5,74.5,25.63,85.0,83.0,No,21535 days
2227,1,0,0.0,0.0,No,Yes,No,232.0,170.0,92.0,26.09,96.0,74.0,Yes,20075 days
2228,2,0,0.0,0.0,No,No,No,193.0,132.5,80.0,27.2,70.0,78.0,No,22630 days
2229,2,1,43.0,0.0,No,No,No,167.0,118.0,76.0,19.61,65.0,67.0,No,13505 days
2230,3,1,20.0,0.0,No,No,No,238.0,119.0,83.5,24.18,68.0,71.0,No,13870 days
2231,4,0,0.0,0.0,No,No,No,285.0,110.0,79.0,23.41,67.0,65.0,No,18980 days
2232,4,1,15.0,0.0,No,No,No,239.0,112.0,70.0,23.48,68.0,95.0,No,16425 days
2233,2,1,15.0,0.0,No,No,No,235.0,107.5,68.0,21.1,80.0,113.0,No,14965 days
2234,1,0,0.0,0.0,No,No,Yes,219.0,125.0,82.0,24.06,73.0,173.0,Yes,18980 days
2235,1,1,20.0,0.0,No,No,No,207.0,111.5,67.0,20.12,55.0,84.0,No,21535 days
2236,3,0,0.0,0.0,No,No,No,260.0,139.0,80.0,20.31,72.0,76.0,No,19345 days
2237,1,0,0.0,0.0,No,Yes,No,246.0,165.0,84.0,27.6,122.0,73.0,No,17520 days
2238,3,1,43.0,0.0,No,No,No,288.0,145.0,92.5,26.2,72.0,98.0,Yes,19710 days
2239,4,1,30.0,0.0,No,No,No,255.0,108.0,75.0,23.9,67.0,70.0,No,14235 days
2240,2,0,0.0,0.0,No,No,No,270.0,138.0,97.0,33.79,90.0,65.0,No,16790 days
2241,2,1,20.0,0.0,No,No,No,239.0,116.0,68.0,26.0,78.0,79.0,No,16425 days
2242,2,1,20.0,0.0,No,No,No,202.0,138.0,72.0,25.03,110.0,98.0,No,18250 days
2243,4,1,20.0,0.0,No,No,No,233.0,108.0,74.0,23.97,85.0,82.0,No,16790 days
2244,1,0,0.0,0.0,No,No,No,200.0,108.0,62.0,20.79,75.0,69.0,No,13140 days
2245,4,0,0.0,0.0,No,Yes,No,243.0,164.0,111.0,39.53,100.0,70.0,No,19345 days
2246,4,1,20.0,0.0,No,Yes,No,250.0,148.0,108.0,24.0,80.0,86.0,No,18250 days
2247,1,0,0.0,0.0,No,Yes,No,235.0,131.5,91.0,24.69,80.0,68.0,No,22995 days
2248,4,1,15.0,0.0,No,No,No,178.0,96.0,67.0,20.4,65.0,82.0,No,13870 days
2249,3,0,0.0,0.0,No,No,No,207.0,120.0,60.0,22.89,75.0,71.0,No,20440 days
2250,4,0,0.0,0.0,No,No,No,260.0,128.0,84.0,31.61,66.0,48.0,No,14965 days
2251,1,1,10.0,0.0,No,No,No,220.0,114.0,73.5,27.06,68.0,67.0,No,13870 days
2252,4,0,0.0,0.0,No,Yes,No,205.0,148.0,103.0,28.31,75.0,60.0,No,17520 days
2253,1,1,20.0,0.0,No,Yes,No,197.0,140.0,86.0,25.16,90.0,71.0,No,20440 days
2254,1,0,0.0,0.0,No,No,No,282.0,127.5,69.0,26.76,76.0,81.96365524402907,No,20075 days
2255,4,1,10.0,0.0,No,No,No,213.0,120.0,78.0,28.78,80.0,70.0,No,14965 days
2256,1,0,0.0,0.0,No,Yes,No,232.0,130.5,90.0,29.07,85.0,118.0,No,17520 days
2257,3,0,0.0,0.0,No,No,No,238.0,128.5,87.5,25.38,80.0,89.0,No,20805 days
2258,1,1,20.0,0.0,No,No,No,258.0,116.0,67.0,28.3,75.0,79.0,No,16060 days
2259,3,1,40.0,0.0,No,No,No,208.0,120.0,80.0,25.98,75.0,66.0,No,14600 days
2260,3,1,5.0,0.0,No,No,No,268.0,100.0,70.0,23.45,73.0,87.0,No,16425 days
2261,3,0,0.0,0.0,No,No,No,314.0,109.5,72.0,25.62,72.0,71.0,No,20805 days
2262,1,1,3.0,0.0,No,Yes,No,211.0,190.0,90.0,39.54,80.0,81.96365524402907,No,23725 days
2263,1,1,8.0,1.0,No,Yes,No,236.69952267303103,185.0,105.0,31.18,75.0,81.96365524402907,No,21170 days
2264,4,1,20.0,0.0,No,Yes,No,260.0,132.0,86.0,29.76,75.0,66.0,No,15330 days
2265,2,0,0.0,0.0,No,No,No,148.0,115.0,75.0,26.49,75.0,74.0,No,13870 days
2266,2,1,20.0,0.0,No,No,No,199.0,139.0,80.0,25.51,62.0,62.0,Yes,14965 days
2267,4,0,0.0,0.0,No,No,No,270.0,136.5,89.0,30.65,63.0,87.0,No,22265 days
2268,1,0,0.0,0.0,No,Yes,No,275.0,148.0,75.0,28.87,70.0,83.0,Yes,22995 days
2269,4,0,0.0,0.0,No,No,No,179.0,125.0,80.0,23.05,63.0,81.96365524402907,No,15695 days
2270,2,1,15.0,0.0,No,No,No,240.0,137.0,86.0,26.32,100.0,81.96365524402907,No,15695 days
2271,4,1,30.0,0.0,No,No,No,346.0,133.0,96.0,25.95,65.0,126.0,Yes,18980 days
2272,2,0,0.0,0.0,No,No,No,237.0,124.5,66.5,33.29,80.0,91.0,No,17520 days
2273,1,0,0.0,0.0,No,No,No,285.0,107.5,80.0,28.06,74.0,81.96365524402907,No,16425 days
2274,1,1,20.0,0.0,No,No,No,193.0,134.0,88.0,23.77,75.0,77.0,No,16060 days
2275,2,1,30.0,1.0,No,Yes,No,350.0,174.0,90.0,18.44,110.0,78.0,No,17885 days
2276,4,1,20.0,0.0,No,No,No,166.0,110.0,70.0,19.97,75.0,69.0,No,15330 days
2277,4,1,6.0,0.0,No,No,No,219.0,120.0,70.0,24.1,57.0,73.0,No,15330 days
2278,1,1,20.0,1.0,No,Yes,No,281.0,192.0,105.0,27.04,64.0,75.0,No,20805 days
2279,3,0,0.0,0.0,No,No,No,272.0,109.0,77.0,25.57,75.0,89.0,No,20805 days
2280,2,0,0.0,0.0,No,No,No,243.0,138.0,79.0,21.93,75.0,95.0,No,19710 days
2281,4,0,0.0,0.0,No,Yes,No,208.0,146.0,92.0,25.91,69.0,74.0,No,14235 days
2282,3,1,10.0,0.0,No,Yes,No,240.0,176.5,115.0,27.71,70.0,83.0,No,18250 days
2283,2,1,1.0,0.0,No,No,No,240.0,110.0,71.0,22.02,73.0,84.0,No,17885 days
2284,1,1,20.0,0.0,No,No,No,206.0,101.0,69.0,28.4,85.0,82.0,No,17885 days
2285,2,0,0.0,0.0,No,Yes,No,251.0,148.0,91.0,25.79,75.0,83.0,No,17520 days
2286,2,1,9.0,0.0,No,No,No,270.0,110.0,78.0,22.0,75.0,68.0,No,14235 days
2287,3,0,0.0,0.0,No,No,No,292.0,137.0,84.0,24.96,60.0,94.0,No,19710 days
2288,2,0,0.0,0.0,No,No,No,235.0,110.5,69.0,21.8,70.0,86.0,No,18615 days
2289,2,1,30.0,0.0,No,Yes,No,212.0,153.0,100.0,27.03,52.0,82.0,No,19710 days
2290,2,0,0.0,0.0,No,Yes,No,200.0,177.0,97.0,28.4,86.0,73.0,No,21170 days
2291,1,0,0.0,0.0,No,No,No,238.0,127.5,83.5,27.73,90.0,78.0,No,16425 days
2292,4,0,0.0,0.0,No,No,No,227.0,119.0,76.0,24.8,71.0,92.0,No,21900 days
2293,4,1,1.0,0.0,No,No,No,183.0,112.5,73.0,24.27,68.0,80.0,No,17155 days
2294,2,0,0.0,0.0,No,Yes,No,254.0,132.0,92.0,23.45,75.0,62.0,No,14600 days
2295,1,0,0.0,0.0,No,No,No,213.0,133.0,77.5,35.62,77.0,74.0,No,23360 days
2296,1,0,0.0,0.0,No,Yes,No,190.0,160.0,96.0,28.02,94.0,64.0,No,17155 days
2297,4,1,30.0,0.0,No,No,No,195.0,113.5,72.0,21.78,65.0,67.0,No,19710 days
2298,1,1,40.0,0.0,No,Yes,No,230.0,149.0,95.0,26.68,67.0,92.0,Yes,21900 days
2299,2,0,0.0,1.0,No,Yes,No,336.0,183.0,108.0,28.11,106.0,96.0,No,17520 days
2300,4,0,0.0,0.0,No,No,No,204.0,129.0,86.0,20.72,60.0,70.0,No,14965 days
2301,1,0,0.0,0.0,No,No,No,180.0,116.0,85.5,26.32,95.0,81.0,No,13140 days
2302,4,0,0.0,0.0,No,Yes,No,230.0,123.0,92.0,28.61,71.0,80.0,No,13505 days
2303,2,0,0.0,0.0,No,No,No,175.0,114.0,68.0,24.2,80.0,93.0,No,14235 days
2304,1,0,0.0,0.0,No,Yes,No,235.0,199.0,114.0,29.76,95.0,84.0,No,22995 days
2305,2,1,3.0,0.0,No,Yes,No,199.0,159.0,92.0,26.35,66.0,74.0,No,24090 days
2306,1,0,0.0,0.0,No,Yes,No,202.0,171.0,97.0,32.67,95.0,78.0,No,17520 days
2307,1,1,1.0,0.0,No,Yes,No,274.0,197.5,125.0,43.48,68.0,94.0,No,13505 days
2308,2,0,0.0,0.0,No,Yes,No,246.0,190.0,100.0,32.68,92.0,102.0,No,23360 days
2309,2,0,0.0,0.0,No,No,No,275.0,116.0,88.5,28.04,70.0,70.0,No,16790 days
2310,1,0,0.0,0.0,No,No,No,203.0,116.0,81.0,30.19,62.0,80.0,Yes,13870 days
2311,1,1,20.0,0.0,No,No,No,245.0,112.5,80.0,23.43,90.0,77.0,No,15695 days
2312,1,1,5.0,0.0,No,No,No,205.0,120.0,83.5,24.3,67.0,77.0,No,16060 days
2313,1,1,20.0,0.0,No,No,No,213.0,116.0,77.5,26.09,75.0,83.0,No,16060 days
2314,1,1,9.0,0.0,No,Yes,No,281.0,158.5,90.0,20.5,72.0,81.96365524402907,No,22995 days
2315,1,0,0.0,0.0,No,Yes,No,219.0,145.5,80.0,26.6,72.0,81.96365524402907,Yes,22995 days
2316,1,0,0.0,0.0,No,Yes,No,233.0,174.0,100.0,26.72,85.0,73.0,No,16790 days
2317,1,0,0.0,0.0,No,No,No,200.0,133.0,84.0,26.15,70.0,83.0,No,16790 days
2318,1,1,20.0,0.0,No,No,No,195.0,107.5,72.0,26.53,70.0,80.0,No,21900 days
2319,1,1,13.0,0.0,No,No,No,312.0,110.0,66.0,26.28,68.0,96.0,No,22265 days
2320,2,1,5.0,0.0,No,No,No,192.0,133.0,87.0,20.72,78.0,77.0,No,18615 days
2321,3,1,9.0,0.0,No,No,No,176.0,116.0,83.0,27.8,65.0,75.0,No,22995 days
2322,1,1,15.0,0.0,No,Yes,No,157.0,195.0,108.0,25.08,75.0,78.0,No,22265 days
2323,2,0,0.0,0.0,No,Yes,No,183.0,140.0,85.0,24.39,67.0,84.0,No,13140 days
2324,1,1,15.0,0.0,No,No,No,249.0,145.0,85.0,28.77,75.0,100.0,No,15695 days
2325,4,1,12.0,0.0,No,No,No,233.0,135.0,75.0,22.17,75.0,60.0,Yes,21900 days
2326,4,1,20.0,0.0,No,No,No,259.0,101.0,71.0,20.1,80.0,73.0,No,16790 days
2327,1,1,20.0,0.0,No,Yes,No,252.0,143.0,81.0,24.0,85.0,101.0,No,17520 days
2328,4,1,20.0,0.0,No,Yes,No,273.0,145.0,88.0,25.41,69.0,74.0,Yes,24090 days
2329,2,1,20.0,0.0,No,No,No,193.0,122.0,78.0,28.4,70.0,93.0,No,14600 days
2330,1,0,0.0,0.0,No,No,No,199.0,111.0,71.0,27.23,67.0,107.0,No,15330 days
2331,1,1,10.0,0.0,No,Yes,No,229.0,146.0,78.0,25.25,69.0,75.0,No,16060 days
2332,2,1,20.0,0.0,No,Yes,No,181.0,122.0,87.5,29.15,80.0,83.0,No,16790 days
2333,1,1,15.0,0.0,No,No,No,168.0,120.0,80.0,25.26,96.0,60.0,Yes,18250 days
2334,2,0,0.0,0.0,No,No,No,267.0,150.0,93.0,31.77,93.0,74.0,No,14600 days
2335,4,1,20.0,0.0,No,Yes,No,261.0,180.0,100.0,25.9,92.0,66.0,Yes,18250 days
2336,1,1,9.0,0.0,No,No,No,235.0,109.0,70.0,28.66,74.0,73.0,Yes,17885 days
2337,2,1,9.0,0.0,No,No,No,281.0,115.5,79.0,22.9,80.0,71.0,No,15330 days
2338,3,0,0.0,0.0,No,No,No,201.0,121.0,78.5,24.26,67.0,90.0,No,14235 days
2339,2,0,0.0,0.0,No,No,No,215.0,132.0,85.0,33.14,81.0,75.0,Yes,17885 days
2340,3,0,0.0,0.0,No,Yes,No,236.69952267303103,165.0,100.0,24.59,75.0,81.96365524402907,Yes,18250 days
2341,3,0,0.0,0.0,No,Yes,No,236.69952267303103,155.0,86.0,22.09,68.0,81.96365524402907,No,21170 days
2342,4,1,9.0,0.0,No,No,No,218.0,102.0,67.0,19.23,78.0,78.0,No,14965 days
2343,4,0,0.0,0.0,No,No,No,266.0,110.0,72.5,26.09,77.0,73.0,Yes,13505 days
2344,4,0,0.0,0.0,No,No,No,217.0,115.0,80.0,28.82,52.0,70.0,No,15695 days
2345,1,1,30.0,0.0,No,No,No,241.0,136.5,85.0,26.42,70.0,77.0,No,23360 days
2346,4,0,0.0,0.0,No,No,No,246.0,107.0,73.0,29.36,79.0,80.0,No,17885 days
2347,3,0,0.0,0.0,No,No,No,226.0,118.0,72.0,24.75,87.0,79.0,No,14600 days
2348,4,1,25.0,0.0,No,Yes,No,216.0,144.0,79.0,25.09,67.0,85.0,No,17520 days
2349,3,0,0.0,0.0,No,Yes,No,380.0,175.0,78.0,20.15,68.0,95.0,Yes,22995 days
2350,2,0,0.0,0.0,No,No,No,233.0,120.0,81.0,28.25,80.0,75.0,No,18615 days
2351,3,0,0.0,0.0,No,No,No,270.0,146.0,106.0,27.96,75.0,77.0,No,23360 days
2352,1,0,0.0,0.0,No,Yes,No,281.0,150.0,101.0,36.91,72.0,97.0,Yes,21170 days
2353,4,1,17.0,0.0,No,No,No,299.0,132.0,81.0,24.35,75.0,70.0,No,17520 days
2354,1,1,25.0,0.0,No,No,No,243.0,125.0,75.0,29.19,60.0,78.0,No,13505 days
2355,1,1,20.0,0.0,No,Yes,No,260.0,180.0,100.0,25.56,100.0,81.96365524402907,Yes,21170 days
2356,2,0,0.0,0.0,No,Yes,No,293.0,165.0,106.0,24.71,90.0,79.0,No,20075 days
2357,3,0,0.0,0.0,No,No,No,270.0,126.0,86.0,23.98,80.0,77.0,No,15330 days
2358,1,1,30.0,0.0,No,No,No,262.0,105.0,72.5,28.36,82.0,70.0,No,15695 days
2359,1,1,9.0,0.0,No,No,No,212.0,128.0,81.5,27.51,80.0,87.0,No,16060 days
2360,2,1,20.0,0.0,No,No,No,232.0,129.0,74.0,24.46,86.0,88.0,No,13505 days
2361,3,0,0.0,0.0,No,Yes,No,254.0,132.0,96.0,29.35,90.0,67.0,No,18250 days
2362,1,0,0.0,0.0,No,No,No,200.0,128.0,83.0,29.63,68.0,80.0,Yes,21170 days
2363,2,1,5.0,0.0,No,No,No,355.0,113.0,81.0,26.17,90.0,71.0,No,15330 days
2364,2,1,20.0,0.0,No,No,No,210.0,134.5,84.0,27.97,65.0,87.0,No,17520 days
2365,2,1,15.0,0.0,No,No,No,242.0,111.0,70.0,29.84,80.0,88.0,No,11680 days
2366,3,0,0.0,0.0,No,No,No,240.0,118.0,84.0,25.57,80.0,75.0,No,14235 days
2367,4,0,0.0,0.0,No,Yes,No,328.0,181.0,112.5,27.05,85.0,94.0,Yes,20805 days
2368,2,1,5.0,0.0,No,Yes,No,390.0,150.0,94.0,27.34,75.0,71.0,No,19710 days
2369,2,0,0.0,0.0,No,Yes,No,190.0,148.0,92.5,22.99,80.0,90.0,No,18250 days
2370,1,0,0.0,0.0,No,Yes,No,212.0,146.0,80.0,28.53,95.0,72.0,Yes,21900 days
2371,1,0,0.0,0.0,No,Yes,No,315.0,176.0,87.0,29.23,82.0,72.0,No,19710 days
2372,3,0,0.0,0.0,No,No,No,230.0,115.0,75.0,22.9,58.0,79.0,No,16790 days
2373,1,0,0.0,0.0,No,No,No,189.0,144.0,88.0,39.08,60.0,87.0,Yes,18250 days
2374,1,0,0.0,0.0,No,Yes,No,218.0,133.0,87.0,31.9,88.0,115.0,No,16425 days
2375,3,0,0.0,0.0,No,No,No,210.0,124.0,81.0,24.38,67.0,81.96365524402907,No,22995 days
2376,1,0,0.0,0.0,No,No,No,264.0,137.0,80.0,29.99,65.0,58.0,No,21900 days
2377,1,0,0.0,0.0,No,No,No,279.0,135.0,86.0,27.02,100.0,72.0,Yes,18980 days
2378,1,0,0.0,0.0,No,Yes,Yes,287.0,145.0,72.5,26.27,88.0,206.0,Yes,21170 days
2379,2,1,10.0,0.0,No,No,No,186.0,166.0,96.0,33.14,75.0,75.0,No,13870 days
2380,4,1,30.0,0.0,No,No,No,235.0,136.0,96.0,28.61,54.0,85.0,No,21535 days
2381,1,0,0.0,0.0,No,No,No,156.0,121.0,88.0,23.57,70.0,86.0,No,14965 days
2382,2,1,20.0,0.0,No,No,No,275.0,137.0,88.0,29.28,110.0,88.0,No,16790 days
2383,4,0,0.0,0.0,No,Yes,No,310.0,146.0,91.0,29.3,75.0,72.0,Yes,19345 days
2384,4,0,0.0,0.0,No,No,No,259.0,132.5,92.0,30.41,68.0,75.0,No,18250 days
2385,1,1,1.0,0.0,No,No,No,240.0,142.0,85.0,22.55,80.0,77.0,No,20805 days
2386,1,1,20.0,0.0,No,No,No,332.0,114.0,76.0,26.51,70.0,90.0,No,14600 days
2387,3,0,0.0,0.0,No,No,No,228.0,108.0,62.0,23.92,63.0,99.0,No,14965 days
2388,2,1,9.0,0.0,No,No,No,280.0,129.0,89.0,39.69,110.0,65.0,No,14965 days
2389,3,0,0.0,0.0,No,No,No,254.0,113.0,61.0,25.5,79.0,87.0,No,20440 days
2390,1,0,0.0,0.0,No,Yes,No,205.0,137.0,95.0,25.29,100.0,74.0,Yes,17885 days
2391,1,0,0.0,0.0,No,No,No,265.0,137.5,88.5,23.75,83.0,90.0,No,17155 days
2392,3,0,0.0,0.0,No,No,No,227.0,102.0,61.0,23.29,70.0,81.0,No,23360 days
2393,3,1,15.0,0.0,No,No,Yes,342.0,137.0,83.5,25.18,86.0,140.0,No,21535 days
2394,3,1,8.0,0.0,No,Yes,No,302.0,122.0,95.0,23.81,80.0,82.0,No,14600 days
2395,3,1,3.0,0.0,No,No,No,152.0,118.5,76.0,25.38,74.0,68.0,No,16425 days
2396,3,0,0.0,0.0,No,No,No,193.0,110.0,68.0,22.19,68.0,65.0,No,16790 days
2397,2,0,0.0,0.0,No,Yes,No,196.0,136.0,88.0,34.55,75.0,78.0,No,15330 days
2398,1,1,10.0,0.0,No,No,No,271.0,125.5,72.5,31.11,62.0,81.96365524402907,No,22630 days
2399,1,1,20.0,0.0,No,No,No,326.0,124.0,78.0,25.27,88.0,67.0,No,14965 days
2400,2,0,0.0,0.0,No,No,No,135.0,105.0,69.0,22.88,70.0,76.0,No,12775 days
2401,4,1,10.0,0.0,No,No,No,156.0,120.0,87.0,21.8,66.0,89.0,No,13505 days
2402,1,1,30.0,0.0,No,No,No,230.0,130.0,85.0,30.16,72.0,108.0,No,20075 days
2403,4,1,30.0,0.0,No,Yes,No,303.0,136.5,97.0,26.64,93.0,106.0,No,20440 days
2404,1,1,15.0,0.0,No,No,No,220.0,125.0,82.0,24.1,60.0,73.0,Yes,18615 days
2405,1,1,0.0,0.0,No,No,No,252.0,123.0,69.0,21.45,72.0,89.0,No,17885 days
2406,1,0,0.0,0.0,No,No,Yes,233.0,130.0,87.0,21.34,85.0,386.0,No,22630 days
2407,1,1,20.0,0.0,No,No,No,323.0,123.5,78.0,22.86,92.0,63.0,Yes,17885 days
2408,2,1,3.0,0.0,No,No,No,288.0,150.0,89.0,21.11,90.0,97.0,No,16060 days
2409,2,1,15.0,0.0,No,Yes,No,225.0,137.0,97.0,27.31,66.0,81.96365524402907,No,17155 days
2410,2,1,20.0,0.0,No,No,No,190.0,118.0,70.0,23.57,64.0,69.0,No,14235 days
2411,2,1,10.0,0.0,No,No,No,255.0,102.5,64.5,24.14,65.0,71.0,No,18615 days
2412,2,1,17.0,0.0,No,No,No,218.0,113.0,79.0,27.33,62.0,73.0,No,17520 days
2413,1,1,20.0,0.0,No,No,No,179.0,129.0,81.0,19.05,63.0,77.0,No,15695 days
2414,1,0,0.0,0.0,No,No,No,212.0,94.0,62.0,25.83,80.0,88.0,No,23725 days
2415,3,0,0.0,0.0,No,Yes,No,216.0,163.0,102.0,30.12,91.0,73.0,No,23725 days
2416,2,1,20.0,0.0,No,Yes,No,205.0,210.0,130.0,25.49,95.0,127.0,Yes,20440 days
2417,1,1,25.0,0.0,No,No,No,236.69952267303103,147.5,72.5,26.58,83.0,81.96365524402907,No,22265 days
2418,2,1,9.0,0.0,No,Yes,No,188.0,132.0,91.0,28.04,70.0,77.0,No,16425 days
2419,3,0,0.0,0.0,No,No,No,260.0,112.5,75.0,21.97,60.0,74.0,No,22265 days
2420,1,0,0.0,0.0,No,Yes,No,180.0,184.5,110.5,27.49,62.0,74.0,No,19345 days
2421,1,0,0.0,0.0,No,No,No,221.0,141.0,82.5,29.48,80.0,93.0,No,23725 days
2422,2,1,10.0,0.0,No,No,No,159.0,92.5,70.0,22.15,65.0,68.0,No,12410 days
2423,1,1,9.0,0.0,No,Yes,No,216.0,126.0,85.0,30.1,80.0,70.0,No,16790 days
2424,3,1,20.0,0.0,No,Yes,No,193.0,172.0,105.0,19.7,90.0,77.0,Yes,17885 days
2425,1,0,0.0,0.0,No,No,No,229.0,120.0,82.0,25.58,78.0,73.0,No,22995 days
2426,4,1,20.0,0.0,No,No,No,268.0,128.0,87.0,28.57,70.0,87.0,No,20075 days
2427,2,1,9.0,0.0,No,No,No,205.0,110.0,73.0,22.4,61.0,66.0,No,15330 days
2428,1,1,5.0,0.0,No,No,No,214.0,102.0,68.0,32.82,88.0,80.0,No,16060 days
2429,2,1,9.0,0.0,No,No,No,193.0,115.0,79.0,21.86,48.0,88.0,No,17885 days
2430,4,1,20.0,0.0,No,No,No,212.0,138.5,87.5,19.54,64.0,73.0,Yes,21900 days
2431,4,1,20.0,0.0,No,No,No,261.0,120.0,77.5,23.26,85.0,81.96365524402907,No,17155 days
2432,3,1,20.0,0.0,No,No,No,189.0,132.0,76.0,20.26,75.0,60.0,No,17885 days
2433,3,1,20.0,0.0,No,No,No,248.0,128.0,74.0,21.84,65.0,79.0,No,18980 days
2434,2,0,0.0,0.0,No,No,No,185.0,125.0,88.0,24.88,107.0,75.0,No,14965 days
2435,4,1,20.0,0.0,No,No,No,155.0,127.5,77.5,30.2,56.0,61.0,No,13140 days
2436,2,1,9.0,0.0,No,Yes,No,161.0,145.0,89.0,20.3,66.0,81.0,No,18250 days
2437,2,1,20.0,0.0,No,Yes,No,266.0,165.0,99.0,29.07,96.0,82.0,Yes,21535 days
2438,4,1,43.0,0.0,No,No,No,275.0,127.0,82.5,27.43,77.0,76.0,No,16060 days
2439,3,0,0.0,0.0,No,No,No,224.0,126.0,82.5,27.49,100.0,67.0,No,17885 days
2440,2,0,0.0,0.0,No,No,No,223.0,117.5,77.5,27.78,68.0,97.0,No,18615 days
2441,3,1,20.0,0.0,No,Yes,No,325.0,160.0,97.5,23.4,85.0,86.0,Yes,20440 days
2442,2,0,0.0,0.0,No,No,No,278.0,136.5,87.0,29.84,91.0,75.0,No,13870 days
2443,2,0,0.0,0.0,No,Yes,No,124.0,138.0,91.0,32.33,75.0,96.0,Yes,24090 days
2444,2,0,0.0,0.0,No,No,No,253.0,127.0,68.5,22.54,70.0,76.0,No,19710 days
2445,2,1,25.0,0.0,No,No,No,250.0,103.0,76.5,23.25,72.0,66.0,No,17520 days
2446,2,1,30.0,1.0,No,Yes,No,213.0,172.0,95.0,27.68,50.0,67.0,No,22995 days
2447,2,1,20.0,0.0,No,Yes,No,264.0,129.5,82.5,24.91,88.0,83.0,No,22995 days
2448,4,1,30.0,0.0,No,Yes,No,214.0,176.0,113.0,22.17,68.0,71.0,No,18250 days
2449,1,0,0.0,0.0,No,Yes,No,205.0,125.0,94.0,29.11,72.0,90.0,No,18615 days
2450,3,0,0.0,0.0,No,No,No,243.0,116.0,82.0,26.09,80.0,85.0,No,17520 days
2451,1,0,0.0,0.0,No,Yes,No,295.0,162.0,85.0,32.76,75.0,71.0,No,21900 days
2452,3,1,20.0,0.0,No,No,No,187.0,102.0,69.0,24.24,68.0,72.0,No,17520 days
2453,3,0,0.0,0.0,No,No,No,189.0,136.0,86.0,23.97,71.0,60.0,No,21170 days
2454,1,0,0.0,0.0,No,No,No,242.0,124.0,72.5,23.07,67.0,83.0,No,16060 days
2455,2,1,20.0,0.0,No,No,No,236.0,127.0,78.0,17.51,75.0,76.0,No,14235 days
2456,2,1,9.0,0.0,No,No,No,185.0,115.0,76.0,23.55,85.0,80.0,No,13505 days
2457,2,1,20.0,0.0,No,No,No,270.0,109.0,75.0,24.58,67.0,64.0,No,20440 days
2458,3,0,0.0,0.0,No,Yes,No,285.0,128.0,91.0,28.23,70.0,80.0,No,21535 days
2459,2,0,0.0,0.0,No,Yes,No,185.0,202.5,85.0,24.65,107.0,104.0,No,19345 days
2460,2,0,0.0,0.0,No,No,No,299.0,120.5,78.0,25.45,60.0,100.0,Yes,21535 days
2461,1,0,0.0,0.0,Yes,Yes,No,266.0,140.0,100.0,29.36,80.0,77.0,Yes,23725 days
2462,2,1,9.0,0.0,No,No,No,254.0,112.5,75.0,22.91,72.0,81.96365524402907,No,14235 days
2463,1,0,0.0,1.0,No,Yes,No,290.0,145.0,88.0,36.65,60.0,86.0,No,21170 days
2464,2,1,20.0,0.0,No,No,No,261.0,112.0,67.0,21.83,75.0,61.0,No,14600 days
2465,2,1,9.0,0.0,No,No,No,237.0,102.0,72.0,19.68,67.0,83.0,No,13505 days
2466,1,0,0.0,0.0,No,Yes,No,189.0,156.0,69.0,21.68,66.0,100.0,No,23360 days
2467,1,0,0.0,1.0,No,Yes,No,208.0,140.0,97.5,27.27,70.0,121.0,No,22630 days
2468,4,0,0.0,0.0,No,No,No,275.0,132.5,79.0,34.04,75.0,80.0,No,12775 days
2469,4,1,20.0,0.0,No,Yes,No,259.0,135.0,90.0,20.72,102.0,81.0,Yes,17520 days
2470,4,1,16.0,0.0,No,No,No,212.0,120.0,72.0,23.51,75.0,80.0,No,13505 days
2471,2,0,0.0,0.0,Yes,No,No,202.0,136.0,94.0,29.93,83.0,67.0,Yes,18980 days
2472,2,1,20.0,0.0,No,No,No,227.0,139.0,74.0,29.29,80.0,67.0,No,18615 days
2473,1,1,1.0,1.0,No,Yes,No,261.0,154.0,97.0,32.6,70.0,81.0,No,24090 days
2474,3,0,0.0,0.0,No,Yes,No,239.0,142.5,83.5,30.47,83.0,84.0,No,19710 days
2475,1,0,0.0,0.0,No,Yes,No,165.0,166.0,101.0,24.8,65.0,90.0,Yes,20075 days
2476,1,1,20.0,0.0,No,No,No,198.0,128.0,85.0,28.18,85.0,99.0,No,20805 days
2477,1,1,20.0,0.0,No,No,No,232.0,122.5,78.5,26.11,80.0,73.0,No,14235 days
2478,1,0,0.0,0.0,No,No,No,252.0,146.0,92.0,27.88,68.0,80.0,Yes,21535 days
2479,3,0,0.0,0.0,No,No,No,260.0,136.5,87.5,25.41,75.0,60.0,No,20075 days
2480,3,1,20.0,0.0,No,No,No,230.0,112.0,66.0,25.31,80.0,69.0,No,15330 days
2481,2,0,0.0,0.0,No,No,No,260.0,98.0,74.0,19.16,73.0,76.0,No,16425 days
2482,2,1,20.0,0.0,No,No,No,271.0,130.0,84.0,21.97,120.0,85.0,No,17520 days
2483,2,1,10.0,0.0,No,No,No,220.0,122.0,80.0,24.22,75.0,72.0,No,18250 days
2484,1,1,20.0,0.0,No,No,No,200.0,112.5,68.0,25.87,65.0,67.0,No,13505 days
2485,1,0,0.0,0.0,No,No,No,273.0,131.0,84.0,22.99,90.0,76.0,No,20805 days
2486,1,1,20.0,0.0,No,Yes,No,235.0,150.0,95.5,27.56,78.0,73.0,No,20805 days
2487,2,1,30.0,0.0,No,No,No,201.0,141.0,84.5,26.58,90.0,97.0,No,15330 days
2488,2,1,15.0,0.0,No,Yes,No,371.0,166.0,85.0,25.35,100.0,86.0,No,24455 days
2489,4,0,0.0,0.0,No,No,No,201.0,120.0,81.0,26.49,70.0,78.0,No,16060 days
2490,2,1,15.0,0.0,No,No,No,309.0,141.0,77.5,25.97,70.0,79.0,No,21535 days
2491,4,0,0.0,0.0,No,No,No,190.0,120.0,81.0,24.54,60.0,73.0,No,17155 days
2492,1,1,10.0,1.0,No,Yes,No,312.0,175.0,82.0,39.82,120.0,85.0,Yes,21535 days
2493,3,0,0.0,0.0,No,Yes,No,300.0,146.0,98.5,30.41,60.0,79.0,No,16790 days
2494,1,0,0.0,0.0,No,No,No,227.0,138.0,89.0,26.74,95.0,60.0,No,14235 days
2495,2,0,0.0,0.0,No,No,No,215.0,104.0,72.0,30.34,70.0,79.0,No,16425 days
2496,1,0,0.0,0.0,No,No,No,235.0,130.0,80.0,28.15,84.0,78.0,Yes,19345 days
2497,1,1,3.0,0.0,No,Yes,No,270.0,137.5,72.5,35.01,85.0,73.0,No,24455 days
2498,1,0,0.0,0.0,No,No,Yes,300.0,121.0,74.0,28.09,80.0,155.0,Yes,20805 days
2499,2,1,15.0,0.0,No,No,No,232.0,115.0,70.0,25.18,75.0,59.0,Yes,16790 days
2500,1,1,1.0,0.0,No,Yes,No,277.0,140.0,84.0,28.74,69.0,74.0,No,16425 days
2501,1,0,0.0,0.0,No,Yes,No,270.0,145.0,81.0,29.37,75.0,73.0,No,21900 days
2502,1,0,0.0,0.0,No,Yes,No,219.0,141.0,105.0,26.86,62.0,60.0,No,19345 days
2503,1,1,20.0,0.0,No,No,Yes,309.0,124.0,85.0,26.91,70.0,215.0,No,15695 days
2504,2,1,7.0,0.0,No,No,No,199.0,124.0,78.0,21.94,85.0,78.0,No,16425 days
2505,3,1,20.0,0.0,No,Yes,No,258.0,158.0,94.0,31.64,80.0,84.0,Yes,24820 days
2506,2,0,0.0,0.0,No,No,No,199.0,117.0,83.0,24.76,95.0,82.0,No,20805 days
2507,2,0,0.0,0.0,No,Yes,No,242.0,144.0,87.5,28.7,72.0,81.96365524402907,No,21535 days
2508,2,0,0.0,1.0,No,Yes,No,199.0,159.0,102.0,22.91,66.0,93.0,No,19710 days
2509,2,1,10.0,0.0,No,No,No,223.0,96.0,59.0,23.82,67.0,87.0,No,16060 days
2510,1,0,0.0,0.0,No,Yes,No,212.0,169.0,117.0,27.08,100.0,68.0,No,18250 days
2511,2,1,20.0,0.0,No,No,No,206.0,102.5,65.0,19.8,80.0,85.0,No,14235 days
2512,2,1,15.0,1.0,No,Yes,No,172.0,149.0,82.0,22.35,60.0,64.0,No,15695 days
2513,1,1,0.0,0.0,No,No,No,226.0,119.0,80.0,25.29,62.0,98.0,No,15330 days
2514,1,0,0.0,0.0,No,No,No,211.0,100.0,61.5,22.19,60.0,73.0,No,13140 days
2515,2,0,0.0,0.0,No,No,No,334.0,133.5,80.0,23.4,85.0,77.0,No,19710 days
2516,2,0,0.0,0.0,No,No,No,197.0,113.0,70.0,23.78,65.0,90.0,No,14965 days
2517,4,0,0.0,0.0,No,No,No,280.0,114.0,82.0,23.96,70.0,84.0,Yes,21900 days
2518,4,0,0.0,0.0,No,Yes,No,246.0,151.0,88.0,25.94,69.0,73.0,No,22995 days
2519,1,0,0.0,0.0,No,No,No,181.0,125.0,79.0,19.09,60.0,70.0,No,14965 days
2520,4,0,0.0,0.0,No,No,No,224.0,128.0,82.0,23.96,70.0,68.0,No,18980 days
2521,1,1,20.0,0.0,No,Yes,No,216.0,110.0,79.0,24.76,75.0,74.0,No,19345 days
2522,3,1,15.0,0.0,No,No,No,222.0,110.0,71.0,18.3,80.0,67.0,No,13505 days
2523,1,1,5.0,0.0,No,Yes,No,228.0,191.5,95.5,27.94,95.0,81.96365524402907,No,16425 days
2524,1,1,20.0,0.0,No,No,No,234.0,120.0,73.0,24.45,80.0,81.96365524402907,No,17155 days
2525,1,1,20.0,0.0,No,No,No,113.0,120.0,83.5,30.34,78.0,85.0,No,13870 days
2526,2,0,0.0,0.0,No,No,No,212.0,110.0,70.0,22.98,85.0,85.0,No,14600 days
2527,2,1,20.0,0.0,No,No,No,309.0,107.5,80.0,25.23,65.0,84.0,No,13505 days
2528,2,0,0.0,0.0,No,No,Yes,238.0,122.0,81.0,23.95,67.0,150.0,Yes,23725 days
2529,4,0,0.0,0.0,No,No,No,229.0,119.0,63.5,25.80080075811419,76.0,83.0,No,14235 days
2530,4,1,9.0,0.0,No,Yes,No,231.0,137.0,96.5,29.3,70.0,81.96365524402907,No,17885 days
2531,2,1,20.0,0.0,No,No,No,180.0,112.5,85.0,25.31,75.0,58.0,No,14235 days
2532,1,0,0.0,0.0,No,Yes,No,317.0,149.5,93.0,35.42,68.0,87.0,No,14965 days
2533,1,0,0.0,0.0,No,No,No,201.0,117.5,80.0,23.68,66.0,85.0,No,17520 days
2534,1,0,0.0,0.0,No,Yes,No,167.0,159.0,95.0,25.2,75.0,87.0,No,18250 days
2535,1,0,0.0,0.0,No,No,No,302.0,121.0,83.0,30.12,75.0,64.0,No,24455 days
2536,2,1,30.0,0.0,No,No,No,228.0,113.0,82.5,25.67,67.0,70.0,No,14965 days
2537,2,0,0.0,0.0,No,No,No,226.0,140.0,86.0,31.93,85.0,72.0,No,16790 days
2538,3,0,0.0,0.0,No,No,No,232.0,126.0,73.0,20.43,72.0,75.0,No,15695 days
2539,1,0,0.0,0.0,No,No,No,215.0,122.0,86.0,30.61,79.0,87.0,No,20075 days
2540,3,1,20.0,0.0,No,No,No,214.0,110.0,71.0,24.24,75.0,72.0,No,20075 days
2541,3,1,9.0,0.0,No,Yes,No,266.0,155.0,100.0,27.86,75.0,84.0,No,17520 days
2542,4,1,0.0,0.0,No,No,No,223.0,107.5,72.5,24.74,62.0,103.0,No,20805 days
2543,1,0,0.0,0.0,No,Yes,No,234.0,144.0,90.0,29.34,72.0,70.0,No,17520 days
2544,3,0,0.0,0.0,No,No,No,155.0,122.0,81.0,27.14,64.0,70.0,No,13870 days
2545,4,0,0.0,0.0,No,No,No,240.0,123.0,80.0,24.57,66.0,74.0,No,17520 days
2546,2,0,0.0,0.0,No,No,No,178.0,119.0,78.5,23.28,72.0,75.0,No,14600 days
2547,1,0,0.0,0.0,No,Yes,No,254.0,182.5,97.0,27.38,77.0,72.0,No,20805 days
2548,3,0,0.0,0.0,No,No,No,274.0,132.5,85.5,24.87,100.0,70.0,No,14600 days
2549,2,0,0.0,0.0,No,Yes,No,266.0,166.0,90.0,23.33,82.0,87.0,No,23360 days
2550,1,0,0.0,0.0,No,No,No,237.0,126.0,84.0,27.04,66.0,88.0,Yes,19345 days
2551,4,1,9.0,0.0,No,Yes,No,260.0,137.5,94.0,32.37,78.0,78.0,No,16790 days
2552,2,1,6.0,0.0,No,No,No,190.0,131.5,89.0,23.66,92.0,100.0,No,18615 days
2553,3,0,0.0,0.0,No,No,No,188.0,123.0,76.5,28.0,58.0,76.0,No,14600 days
2554,1,0,0.0,0.0,No,No,No,270.0,118.0,78.0,27.06,72.0,81.96365524402907,No,22995 days
2555,1,1,20.0,0.0,No,Yes,No,200.0,141.0,81.5,26.56,70.0,85.0,No,18980 days
2556,1,1,20.0,0.0,No,Yes,No,167.0,147.5,87.5,32.52,75.0,80.0,No,14965 days
2557,1,1,20.0,0.0,No,Yes,No,248.0,154.5,104.0,19.88,75.0,87.0,No,18250 days
2558,2,0,0.0,0.0,No,No,No,176.0,125.0,85.0,25.88,70.0,83.0,No,13140 days
2559,1,0,0.0,0.0,No,No,No,226.0,105.0,71.0,27.73,68.0,79.0,No,18615 days
2560,4,1,19.0,1.0,No,Yes,No,233.0,122.0,87.0,24.91,65.0,69.0,No,14600 days
2561,4,0,0.0,0.0,No,No,No,253.0,135.0,85.0,24.35,78.0,84.0,No,16425 days
2562,2,0,0.0,0.0,No,Yes,No,170.0,142.5,95.0,36.79,100.0,62.0,No,14600 days
2563,2,0,0.0,0.0,No,No,No,273.0,119.0,72.0,24.59,90.0,75.0,No,15695 days
2564,2,0,0.0,0.0,No,Yes,No,207.0,146.0,98.0,23.63,65.0,91.0,Yes,19710 days
2565,1,0,0.0,1.0,No,Yes,No,227.0,160.0,90.0,23.48,88.0,57.0,No,18615 days
2566,2,0,0.0,0.0,No,No,No,150.0,109.0,75.0,21.43,64.0,67.0,No,13870 days
2567,2,1,20.0,0.0,No,No,No,282.0,124.0,68.0,21.07,80.0,81.96365524402907,No,21900 days
2568,2,1,15.0,0.0,No,No,No,204.0,112.0,78.0,28.74,85.0,82.0,No,13140 days
2569,1,0,0.0,0.0,No,Yes,No,215.0,180.0,108.0,37.02,60.0,89.0,No,18980 days
2570,3,0,0.0,0.0,No,No,Yes,199.0,161.0,102.0,29.17,58.0,81.96365524402907,No,17155 days
2571,4,1,15.0,0.0,No,No,No,226.0,115.0,80.0,25.19,72.0,74.0,No,14235 days
2572,1,0,0.0,0.0,No,Yes,No,333.0,139.0,96.0,28.38,75.0,78.0,No,21170 days
2573,2,1,20.0,0.0,No,No,No,235.0,120.0,80.0,22.37,85.0,81.96365524402907,No,14600 days
2574,1,0,0.0,0.0,No,Yes,No,304.0,147.0,102.0,31.67,70.0,77.0,No,17885 days
2575,3,0,0.0,0.0,No,Yes,No,350.0,175.0,85.0,30.99,92.0,63.0,No,18980 days
2576,2,1,20.0,0.0,No,No,No,275.0,112.5,85.0,28.04,73.0,71.0,Yes,14600 days
2577,2,1,5.0,0.0,No,No,No,315.0,123.0,77.5,26.21,75.0,84.0,No,20075 days
2578,4,1,3.0,0.0,No,No,No,290.0,116.5,83.0,23.27,75.0,85.0,No,21170 days
2579,1,0,0.0,0.0,No,No,No,251.0,112.0,77.0,30.28,80.0,88.0,No,17520 days
2580,3,0,0.0,0.0,No,No,No,248.0,131.0,71.0,24.89,80.0,73.0,No,19710 days
2581,2,1,19.0,0.0,No,No,No,231.0,122.0,78.0,28.09,80.0,67.0,No,21900 days
2582,2,0,0.0,0.0,No,No,No,180.0,115.0,84.0,20.11,75.0,64.0,No,14965 days
2583,2,1,3.0,0.0,No,No,No,236.69952267303103,130.0,84.0,31.57,72.0,112.0,No,14600 days
2584,1,1,1.0,0.0,No,No,No,256.0,129.0,86.0,25.89,96.0,72.0,No,15695 days
2585,1,1,20.0,0.0,No,No,No,231.0,120.0,79.0,27.49,85.0,81.96365524402907,No,19710 days
2586,4,0,0.0,0.0,No,Yes,No,168.0,165.0,99.0,27.1,73.0,86.0,No,17885 days
2587,4,0,0.0,0.0,No,No,No,207.0,102.5,72.5,26.5,72.0,95.0,No,19345 days
2588,2,1,20.0,0.0,No,No,No,246.0,142.0,92.0,23.85,76.0,65.0,Yes,16060 days
2589,1,0,0.0,0.0,No,Yes,No,236.69952267303103,173.0,100.0,33.6,60.0,81.96365524402907,No,24455 days
2590,2,1,20.0,0.0,No,No,No,295.0,114.0,85.0,23.1,85.0,84.0,No,16060 days
2591,2,1,15.0,0.0,No,No,No,216.0,119.0,75.0,27.01,70.0,73.0,No,15330 days
2592,2,0,0.0,0.0,No,No,No,249.0,108.0,74.0,23.28,82.0,66.0,No,13505 days
2593,3,1,9.0,0.0,No,No,No,304.0,119.0,72.5,22.91,53.0,81.96365524402907,No,19345 days
2594,4,0,0.0,0.0,No,No,No,221.0,105.0,70.0,23.95,52.0,83.0,No,16425 days
2595,4,0,0.0,0.0,No,Yes,No,270.0,155.0,93.0,35.35,83.0,112.0,No,23360 days
2596,3,1,20.0,0.0,No,No,No,214.0,107.5,66.0,22.02,80.0,103.0,No,13140 days
2597,1,1,20.0,0.0,No,Yes,No,214.0,155.0,99.0,22.46,75.0,82.0,No,23360 days
2598,3,1,2.0,0.0,No,No,No,213.0,144.0,82.0,29.45,63.0,72.0,No,19710 days
2599,1,1,5.0,0.0,No,Yes,No,240.0,135.0,95.0,28.69,75.0,108.0,No,20075 days
2600,1,1,3.0,0.0,No,Yes,Yes,230.0,182.0,102.0,25.91,66.0,147.0,Yes,21535 days
2601,3,1,20.0,0.0,No,Yes,No,252.0,129.0,84.0,23.55,80.0,72.0,No,20075 days
2602,2,0,0.0,0.0,No,No,No,354.0,130.0,82.5,26.76,65.0,79.0,No,21900 days
2603,1,0,0.0,0.0,No,Yes,No,320.0,125.0,72.5,25.27,83.0,82.0,No,20805 days
2604,1,0,0.0,0.0,No,No,No,193.0,137.5,82.5,30.55,63.0,69.0,No,15330 days
2605,3,1,40.0,0.0,No,Yes,No,243.0,162.0,91.0,33.0,85.0,81.0,Yes,21535 days
2606,1,0,0.0,0.0,No,Yes,No,268.0,170.0,104.0,24.51,70.0,75.0,No,21170 days
2607,1,0,0.0,0.0,No,Yes,No,382.0,133.0,77.0,24.27,75.0,81.0,No,20805 days
2608,1,0,0.0,0.0,No,Yes,No,252.0,208.0,136.0,25.79,92.0,82.0,No,18980 days
2609,3,0,0.0,0.0,No,Yes,No,241.0,143.5,85.5,23.96,96.0,81.96365524402907,Yes,21170 days
2610,4,1,10.0,0.0,No,No,No,231.0,110.0,72.0,21.19,75.0,81.0,No,18615 days
2611,1,1,20.0,0.0,No,No,No,288.0,128.0,89.0,35.96,73.0,75.0,No,17885 days
2612,1,1,10.0,0.0,No,Yes,No,236.69952267303103,160.0,98.0,26.24,85.0,81.96365524402907,No,23360 days
2613,1,0,0.0,0.0,No,No,No,211.0,129.0,73.0,29.09,62.0,117.0,No,18980 days
2614,3,1,20.0,0.0,No,Yes,No,240.0,166.0,71.0,35.53,90.0,57.0,No,14965 days
2615,1,1,9.0,0.0,No,No,No,214.0,118.0,72.0,24.08,60.0,81.96365524402907,No,17155 days
2616,4,1,25.0,0.0,No,No,No,210.0,103.0,78.0,34.89,62.0,77.0,No,16060 days
2617,2,1,30.0,1.0,No,Yes,No,287.0,141.0,86.0,27.42,80.0,94.0,No,14600 days
2618,1,0,0.0,0.0,No,No,No,205.0,139.5,87.0,20.7,67.0,85.0,No,14235 days
2619,2,1,20.0,0.0,No,No,No,195.0,116.0,72.0,24.45,75.0,90.0,No,13870 days
2620,1,0,0.0,0.0,No,Yes,No,188.0,191.0,106.0,37.38,82.0,84.0,No,23360 days
2621,2,1,30.0,0.0,No,No,No,240.0,134.0,88.0,31.62,70.0,61.0,No,16060 days
2622,4,0,0.0,0.0,No,No,No,241.0,113.0,84.0,28.27,62.0,73.0,No,19345 days
2623,2,0,0.0,0.0,No,No,No,308.0,110.0,70.0,24.83,55.0,83.0,No,15695 days
2624,2,0,0.0,0.0,No,No,No,213.0,133.0,89.0,17.89,75.0,73.0,No,19345 days
2625,3,0,0.0,0.0,No,Yes,No,232.0,152.5,85.0,23.03,85.0,123.0,Yes,21900 days
2626,2,1,20.0,0.0,No,No,No,211.0,130.0,73.0,19.72,82.0,81.96365524402907,Yes,17520 days
2627,1,0,0.0,0.0,No,No,No,225.0,132.0,80.0,21.35,60.0,74.0,No,17520 days
2628,1,0,0.0,0.0,No,Yes,No,312.0,165.0,90.0,30.47,72.0,83.0,No,18250 days
2629,2,1,20.0,0.0,No,No,No,280.0,116.0,69.0,26.45,99.0,92.0,No,16425 days
2630,2,1,30.0,0.0,No,No,No,288.0,123.0,70.0,18.62,72.0,96.0,No,20440 days
2631,1,1,5.0,0.0,No,No,No,222.0,139.0,67.0,22.01,92.0,72.0,No,22265 days
2632,2,0,0.0,0.0,No,No,No,267.0,131.0,79.0,30.32,70.0,79.0,No,16060 days
2633,2,0,0.0,0.0,No,No,No,202.0,121.5,86.5,20.82,92.0,77.0,Yes,15695 days
2634,2,1,35.0,0.0,No,Yes,No,345.0,182.5,103.0,31.52,83.0,76.0,Yes,21535 days
2635,1,0,0.0,0.0,No,No,No,295.0,118.0,83.0,29.01,75.0,75.0,No,14965 days
2636,2,1,10.0,0.0,No,No,No,173.0,105.0,70.0,21.98,60.0,79.0,No,15330 days
2637,1,1,20.0,0.0,No,No,No,215.0,114.0,72.5,25.86,65.0,61.0,Yes,22265 days
2638,1,0,0.0,0.0,No,No,No,193.0,108.5,71.0,31.31,60.0,81.96365524402907,No,22265 days
2639,1,0,0.0,0.0,No,No,No,260.0,127.0,79.5,26.01,63.0,77.0,No,15695 days
2640,1,0,0.0,0.0,No,Yes,No,342.0,144.0,96.0,32.6,75.0,81.96365524402907,No,19345 days
2641,4,1,4.0,0.0,No,No,No,243.0,121.0,61.0,20.32,84.0,110.0,No,17155 days
2642,1,0,0.0,0.0,No,Yes,No,246.0,147.0,86.5,24.8,75.0,76.0,No,20075 days
2643,1,0,0.0,0.0,No,No,No,205.0,125.0,85.0,28.03,60.0,84.0,No,13870 days
2644,1,1,20.0,0.0,No,No,No,219.0,118.0,79.0,24.17,70.0,90.0,No,16790 days
2645,1,0,0.0,0.0,No,Yes,Yes,203.0,205.0,83.0,28.27,75.0,118.0,Yes,24090 days
2646,1,0,0.0,0.0,No,Yes,No,262.0,160.0,82.0,21.11,108.0,90.0,No,23360 days
2647,1,1,5.0,0.0,No,No,No,155.0,120.0,73.5,21.32,65.0,78.0,No,14600 days
2648,2,0,0.0,0.0,No,No,No,254.0,114.0,78.0,33.88,94.0,84.0,No,21900 days
2649,1,0,0.0,0.0,No,Yes,Yes,150.0,152.0,88.0,36.54,72.0,170.0,No,22995 days
2650,1,0,0.0,0.0,No,Yes,No,255.0,147.5,93.0,25.16,95.0,84.0,No,23360 days
2651,2,0,0.0,0.0,No,No,No,279.0,143.5,90.0,21.07,90.0,87.0,No,16425 days
2652,2,1,20.0,0.0,No,No,No,210.0,131.0,74.0,18.88,60.0,86.0,No,17155 days
2653,4,0,0.0,0.0,No,No,No,226.0,122.5,77.5,27.93,92.0,71.0,No,19710 days
2654,1,1,20.0,0.0,No,No,No,171.0,111.0,81.0,29.47,75.0,77.0,No,15330 days
2655,4,0,0.0,0.0,No,Yes,No,240.0,139.0,80.0,22.0,68.0,81.96365524402907,No,18980 days
2656,1,0,0.0,0.0,No,No,No,220.0,119.0,80.0,25.86,75.0,95.0,No,16790 days
2657,1,0,0.0,0.0,No,Yes,No,208.0,190.0,130.0,56.8,90.0,86.0,Yes,20075 days
2658,2,1,20.0,0.0,No,No,No,250.0,104.0,74.0,18.75,90.0,81.96365524402907,No,14600 days
2659,2,1,20.0,0.0,No,No,No,211.0,145.0,88.0,23.39,60.0,79.0,No,16060 days
2660,3,1,30.0,0.0,No,No,No,248.0,119.0,82.0,26.55,65.0,100.0,No,18980 days
2661,3,0,0.0,0.0,No,No,No,344.0,120.0,75.0,25.41,87.0,98.0,No,23725 days
2662,1,0,0.0,0.0,No,Yes,No,285.0,151.5,79.0,26.91,84.0,76.0,No,18615 days
2663,1,0,0.0,0.0,No,No,No,158.0,127.5,90.0,31.75,120.0,92.0,No,15330 days
2664,2,1,20.0,0.0,No,No,No,272.0,125.5,80.5,25.35,66.0,71.0,No,15330 days
2665,1,1,15.0,0.0,No,No,No,175.0,83.5,58.0,29.66,95.0,115.0,No,21170 days
2666,1,1,10.0,0.0,No,No,No,209.0,96.0,67.0,23.46,52.0,70.0,No,14600 days
2667,3,1,30.0,0.0,No,Yes,No,292.0,152.0,73.0,25.21,75.0,112.0,No,14965 days
2668,2,0,0.0,1.0,No,Yes,Yes,318.0,161.0,90.0,38.11,68.0,112.0,No,20805 days
2669,4,0,0.0,0.0,No,No,No,222.0,129.0,86.5,33.76,95.0,92.0,Yes,20075 days
2670,1,0,0.0,1.0,No,Yes,No,230.0,159.0,87.0,22.91,70.0,65.0,Yes,23725 days
2671,2,0,0.0,0.0,No,No,No,364.0,142.0,84.0,26.24,67.0,70.0,No,21535 days
2672,1,1,15.0,0.0,No,No,No,339.0,137.5,81.0,24.22,80.0,85.0,Yes,18615 days
2673,1,1,20.0,0.0,No,No,No,242.0,115.0,75.0,25.64,83.0,83.0,No,13140 days
2674,1,1,10.0,0.0,No,Yes,No,230.0,152.5,88.0,24.1,72.0,74.0,No,22995 days
2675,2,1,30.0,0.0,No,No,No,179.0,131.5,81.0,24.99,64.0,68.0,No,13505 days
2676,4,1,20.0,0.0,No,No,No,215.0,115.0,69.0,25.7,68.0,77.0,No,18615 days
2677,2,0,0.0,0.0,No,No,No,210.0,128.0,87.0,26.25,67.0,61.0,No,18980 days
2678,3,1,9.0,0.0,No,No,No,250.0,98.0,73.0,24.39,60.0,88.0,No,17155 days
2679,1,0,0.0,0.0,No,No,No,307.0,118.0,80.0,29.67,60.0,70.0,No,20440 days
2680,2,0,0.0,0.0,No,No,No,253.0,127.0,68.0,23.29,85.0,75.0,No,14235 days
2681,2,0,0.0,0.0,No,No,No,242.0,146.5,71.0,25.21,100.0,96.0,No,24820 days
2682,1,0,0.0,0.0,Yes,Yes,No,291.0,150.0,94.0,28.68,67.0,74.0,No,18980 days
2683,1,0,0.0,0.0,No,Yes,No,295.0,210.0,135.0,24.73,72.0,93.0,Yes,23725 days
2684,3,1,25.0,0.0,No,No,No,173.0,117.5,77.5,20.23,68.0,75.0,No,17155 days
2685,1,0,0.0,0.0,No,No,No,248.0,131.5,83.0,26.84,67.0,63.0,No,19710 days
2686,1,1,10.0,0.0,No,Yes,No,194.0,171.0,84.0,21.64,75.0,88.0,No,24455 days
2687,3,0,0.0,0.0,No,Yes,No,204.0,158.0,109.0,28.4,75.0,71.0,No,22995 days
2688,2,0,0.0,0.0,No,No,No,220.0,121.0,75.0,25.33,73.0,76.0,No,21170 days
2689,2,0,0.0,0.0,No,No,No,159.0,142.0,90.5,22.31,100.0,81.96365524402907,No,14600 days
2690,1,0,0.0,0.0,No,No,No,246.0,116.0,69.0,23.44,65.0,78.0,Yes,22995 days
2691,2,1,20.0,0.0,No,No,No,207.0,110.0,80.0,23.55,78.0,78.0,No,21170 days
2692,2,1,20.0,0.0,No,No,No,177.0,115.0,63.5,22.54,71.0,73.0,No,13140 days
2693,1,0,0.0,0.0,No,No,No,208.0,122.0,76.0,18.4,75.0,70.0,No,16790 days
2694,1,1,20.0,0.0,No,No,No,259.0,115.0,81.0,20.09,72.0,78.0,No,23360 days
2695,3,0,0.0,0.0,No,No,No,180.0,124.0,75.5,24.2,68.0,81.96365524402907,No,14965 days
2696,1,1,15.0,0.0,No,No,No,315.0,132.5,76.5,31.54,95.0,81.96365524402907,No,15695 days
2697,1,0,0.0,0.0,No,Yes,No,262.0,150.0,89.0,40.21,75.0,86.0,No,20440 days
2698,2,1,20.0,0.0,No,No,No,322.0,148.0,95.0,20.98,95.0,72.0,No,24820 days
2699,3,1,5.0,0.0,No,No,No,172.0,114.0,80.0,21.33,60.0,81.96365524402907,No,17520 days
2700,1,0,0.0,0.0,No,No,No,219.0,124.0,75.0,28.57,66.0,76.0,No,22995 days
2701,1,1,10.0,0.0,No,No,No,288.0,99.0,60.0,22.19,77.0,76.0,No,17885 days
2702,2,1,25.0,0.0,No,No,No,335.0,136.5,84.0,23.6,85.0,76.0,No,14600 days
2703,4,0,0.0,0.0,No,No,No,192.0,122.0,83.0,23.99,78.0,106.0,No,16790 days
2704,1,0,0.0,0.0,No,No,No,198.0,128.0,90.0,26.32,70.0,75.0,No,18615 days
2705,1,1,15.0,0.0,No,Yes,No,274.0,150.0,95.0,25.46,75.0,70.0,No,16060 days
2706,1,0,0.0,1.0,No,Yes,No,228.0,144.0,85.0,27.59,65.0,75.0,Yes,24455 days
2707,2,0,0.0,0.0,No,No,No,215.0,106.5,75.0,23.82,60.0,67.0,No,13870 days
2708,1,1,20.0,0.0,No,No,No,263.0,132.0,90.0,28.85,72.0,71.0,No,15695 days
2709,1,1,60.0,0.0,No,No,No,285.0,121.0,82.0,27.62,70.0,79.0,No,16790 days
2710,2,1,60.0,0.0,No,No,No,213.0,123.0,75.0,24.84,70.0,81.96365524402907,Yes,17885 days
2711,4,0,0.0,0.0,No,No,No,178.0,135.0,80.0,26.91,75.0,81.96365524402907,No,14965 days
2712,1,1,3.0,0.0,No,No,No,309.0,113.0,74.0,25.4,75.0,64.0,No,14965 days
2713,3,0,0.0,0.0,No,Yes,No,341.0,155.0,105.0,27.01,63.0,62.0,No,19710 days
2714,1,1,15.0,0.0,No,No,No,265.0,130.0,80.0,26.58,84.0,63.0,No,14965 days
2715,1,1,10.0,0.0,No,No,No,195.0,121.0,78.0,26.27,75.0,80.0,No,17520 days
2716,4,0,0.0,0.0,No,Yes,No,240.0,152.0,95.0,25.37,63.0,70.0,Yes,22630 days
2717,1,0,0.0,0.0,No,No,No,282.0,143.0,76.0,27.87,79.0,92.0,No,21170 days
2718,1,1,40.0,0.0,No,Yes,No,216.0,148.0,70.0,32.63,90.0,103.0,Yes,24455 days
2719,4,1,20.0,0.0,No,No,No,215.0,110.0,80.0,25.80080075811419,100.0,73.0,No,13870 days
2720,2,1,7.0,0.0,No,No,No,260.0,101.0,68.0,22.49,80.0,77.0,No,14965 days
2721,3,1,20.0,0.0,No,No,No,205.0,142.0,80.0,27.93,100.0,103.0,No,13505 days
2722,2,1,3.0,0.0,No,No,No,286.0,123.0,77.0,20.56,59.0,86.0,No,22630 days
2723,4,1,20.0,0.0,No,No,No,225.0,130.0,77.5,21.19,92.0,82.0,No,16060 days
2724,1,0,0.0,0.0,No,Yes,No,275.0,177.0,101.0,25.22,75.0,82.0,Yes,17520 days
2725,1,1,9.0,0.0,No,No,No,231.0,103.0,73.0,22.02,72.0,83.0,No,16060 days
2726,3,0,0.0,0.0,No,No,No,212.0,116.0,68.0,21.49,72.0,79.0,No,15330 days
2727,2,1,20.0,0.0,No,No,No,182.0,121.0,72.0,26.39,76.0,81.96365524402907,No,17520 days
2728,1,1,5.0,0.0,No,No,No,220.0,113.0,78.0,24.29,68.0,81.96365524402907,No,14600 days
2729,2,1,20.0,0.0,No,Yes,No,238.0,140.5,92.5,26.97,75.0,83.0,No,16790 days
2730,2,1,20.0,0.0,No,No,No,211.0,120.0,84.0,22.53,94.0,87.0,No,16790 days
2731,1,1,20.0,0.0,No,No,No,300.0,165.0,112.0,23.68,86.0,78.0,Yes,20440 days
2732,2,1,15.0,0.0,No,Yes,No,232.0,140.0,92.0,26.56,75.0,73.0,No,14600 days
2733,3,1,30.0,1.0,No,Yes,No,190.0,141.0,115.0,21.01,115.0,86.0,Yes,19345 days
2734,1,0,0.0,0.0,No,Yes,No,180.0,170.5,100.5,27.69,86.0,63.0,No,22995 days
2735,2,1,20.0,0.0,No,Yes,No,236.0,127.0,84.0,31.12,80.0,83.0,Yes,14965 days
2736,1,1,3.0,0.0,No,Yes,No,211.0,142.0,82.5,19.81,90.0,70.0,No,20075 days
2737,2,1,20.0,0.0,No,No,No,212.0,119.0,72.0,22.33,60.0,91.0,No,16425 days
2738,1,0,0.0,0.0,No,Yes,No,258.0,139.0,74.0,26.58,85.0,75.0,Yes,24820 days
2739,1,1,10.0,0.0,No,No,No,249.0,108.0,76.0,27.49,80.0,76.0,No,15695 days
2740,2,1,15.0,0.0,No,No,No,200.0,117.5,83.5,23.68,77.0,73.0,No,16425 days
2741,2,0,0.0,0.0,No,No,No,159.0,132.0,85.0,28.21,69.0,76.0,No,13870 days
2742,1,1,20.0,0.0,No,No,No,228.0,131.0,80.0,26.77,64.0,74.0,No,14600 days
2743,1,1,20.0,0.0,No,No,No,187.0,107.0,74.0,22.37,60.0,67.0,No,14600 days
2744,2,1,20.0,0.0,No,No,No,275.0,111.0,76.0,23.95,68.0,65.0,No,15695 days
2745,1,1,15.0,0.0,No,No,No,264.0,156.0,86.0,26.05,92.0,103.0,Yes,21170 days
2746,3,1,10.0,0.0,No,No,No,210.0,121.0,82.0,23.08,85.0,71.0,Yes,16425 days
2747,2,1,1.0,0.0,No,No,No,232.0,108.0,73.0,24.92,65.0,81.0,No,21535 days
2748,4,0,0.0,0.0,No,No,No,185.0,109.0,78.0,29.68,63.0,93.0,No,14235 days
2749,1,0,0.0,0.0,No,No,No,305.0,126.5,67.0,25.77,67.0,66.0,Yes,23360 days
2750,1,0,0.0,0.0,No,No,No,229.0,132.0,94.0,34.39,110.0,80.0,Yes,16060 days
2751,2,1,20.0,0.0,No,No,No,285.0,120.0,77.5,28.33,95.0,79.0,No,14235 days
2752,3,0,0.0,0.0,No,No,No,325.0,119.5,86.0,24.56,64.0,81.96365524402907,Yes,18980 days
2753,4,1,10.0,0.0,No,No,No,205.0,107.0,68.0,23.29,90.0,108.0,No,17155 days
2754,1,0,0.0,0.0,No,No,No,175.0,114.0,74.0,30.53,72.0,105.0,No,16425 days
2755,3,1,20.0,1.0,No,Yes,No,238.0,175.0,114.0,31.14,78.0,70.0,No,16425 days
2756,2,1,9.0,1.0,Yes,Yes,No,180.0,114.0,70.0,22.41,92.0,81.96365524402907,No,14965 days
2757,1,1,35.0,0.0,No,No,No,293.0,150.0,85.0,26.09,67.0,68.0,Yes,18250 days
2758,1,0,0.0,0.0,No,No,No,208.0,138.0,78.0,30.47,67.0,73.0,No,19710 days
2759,1,0,0.0,0.0,No,No,No,170.0,113.5,65.5,31.71,73.0,93.0,No,14965 days
2760,3,0,0.0,0.0,No,No,No,244.0,132.5,87.0,24.17,58.0,86.0,No,16060 days
2761,4,0,0.0,0.0,No,No,No,205.0,109.0,73.0,17.48,75.0,57.0,No,16060 days
2762,1,1,20.0,0.0,No,No,No,234.0,126.0,80.0,23.14,72.0,88.0,No,16425 days
2763,1,1,9.0,0.0,No,No,No,255.0,113.5,72.5,23.22,60.0,81.96365524402907,No,16790 days
2764,4,0,0.0,0.0,No,No,No,197.0,134.0,87.0,25.48,75.0,75.0,No,14965 days
2765,1,1,5.0,0.0,No,No,No,209.0,107.0,65.0,27.27,84.0,87.0,No,14965 days
2766,2,1,20.0,0.0,No,Yes,No,231.0,165.0,94.5,27.02,100.0,80.0,No,21170 days
2767,4,0,0.0,0.0,No,No,No,253.0,111.0,60.0,24.12,60.0,69.0,No,23725 days
2768,2,0,0.0,0.0,No,No,No,226.0,123.0,82.0,24.67,72.0,70.0,No,16060 days
2769,1,0,0.0,0.0,No,No,No,228.0,93.0,71.0,31.57,50.0,85.0,No,14965 days
2770,1,0,0.0,0.0,No,No,No,261.0,123.5,79.0,29.28,70.0,103.0,No,21900 days
2771,1,0,0.0,0.0,No,Yes,No,267.0,190.0,90.0,26.23,75.0,81.96365524402907,No,21535 days
2772,2,1,9.0,0.0,No,No,No,240.0,115.0,72.0,18.82,80.0,68.0,No,14600 days
2773,2,0,0.0,0.0,No,No,No,233.0,127.0,82.0,30.22,70.0,81.96365524402907,No,15330 days
2774,2,0,0.0,0.0,No,No,No,280.0,101.0,71.0,28.22,79.0,67.0,No,20440 days
2775,2,0,0.0,0.0,No,Yes,No,260.0,171.0,118.0,28.33,69.0,80.0,Yes,18980 days
2776,1,0,0.0,0.0,No,No,No,235.0,132.0,87.0,26.13,65.0,75.0,No,19710 days
2777,4,0,0.0,0.0,No,No,No,278.0,118.5,72.0,21.99,72.0,78.0,No,15330 days
2778,2,1,20.0,0.0,No,No,No,238.0,133.0,88.0,28.84,80.0,58.0,No,15330 days
2779,1,0,0.0,1.0,No,Yes,No,210.0,181.0,97.5,21.83,75.0,55.0,No,15695 days
2780,2,0,0.0,0.0,No,Yes,No,239.0,143.0,93.0,28.38,75.0,87.0,No,17885 days
2781,2,1,20.0,0.0,No,No,No,344.0,102.5,71.0,27.73,65.0,80.0,No,17155 days
2782,3,1,43.0,0.0,No,Yes,No,193.0,142.5,100.0,24.15,82.0,69.0,No,19345 days
2783,4,0,0.0,0.0,No,No,No,281.0,126.0,85.5,23.29,65.0,63.0,No,22630 days
2784,4,0,0.0,1.0,No,Yes,Yes,279.0,165.0,105.5,32.51,73.0,87.0,No,20075 days
2785,2,1,1.0,0.0,No,No,No,189.0,113.5,61.0,23.08,55.0,73.0,No,14965 days
2786,2,1,5.0,0.0,No,No,No,179.0,116.5,72.5,21.49,70.0,76.0,No,13870 days
2787,4,1,30.0,0.0,No,No,No,243.0,128.0,76.0,25.65,69.0,80.0,No,18250 days
2788,4,1,20.0,0.0,No,Yes,No,230.0,138.0,98.0,25.12,75.0,93.0,No,16060 days
2789,1,1,6.0,0.0,No,Yes,No,274.0,148.0,94.0,28.55,62.0,65.0,No,20075 days
2790,1,0,0.0,0.0,No,Yes,No,268.0,156.0,100.0,26.73,85.0,69.0,No,19345 days
2791,2,0,0.0,0.0,No,Yes,No,220.0,142.5,83.5,25.09,72.0,84.0,No,19710 days
2792,3,1,15.0,0.0,No,No,No,180.0,105.0,60.0,25.97,102.0,81.96365524402907,No,13140 days
2793,1,1,20.0,0.0,No,Yes,No,286.0,148.0,98.0,29.98,80.0,93.0,Yes,17155 days
2794,1,1,7.0,0.0,No,Yes,No,133.0,138.0,78.0,16.98,80.0,65.0,Yes,18615 days
2795,1,0,0.0,0.0,No,Yes,No,295.0,149.0,103.5,22.69,80.0,52.0,No,21900 days
2796,4,0,0.0,1.0,No,Yes,No,280.0,166.0,98.0,23.03,70.0,72.0,Yes,17885 days
2797,4,0,0.0,0.0,No,Yes,No,367.0,141.0,82.5,25.62,92.0,90.0,No,15695 days
2798,1,0,0.0,0.0,No,No,No,207.0,111.0,80.0,37.15,63.0,70.0,No,20805 days
2799,2,0,0.0,0.0,No,Yes,No,224.0,155.0,71.0,25.98,75.0,86.0,No,22265 days
2800,1,0,0.0,0.0,No,No,No,284.0,147.0,82.0,25.6,80.0,81.96365524402907,No,16790 days
2801,1,1,1.0,0.0,No,Yes,Yes,160.0,197.0,109.0,34.91,82.0,320.0,Yes,17155 days
2802,2,0,0.0,0.0,No,Yes,Yes,313.0,164.0,94.0,27.4,70.0,81.0,No,22630 days
2803,1,0,0.0,0.0,No,Yes,No,191.0,156.0,91.0,31.2,68.0,75.0,Yes,22630 days
2804,3,0,0.0,0.0,No,No,No,219.0,116.0,74.0,21.63,75.0,68.0,No,12775 days
2805,1,1,20.0,0.0,No,No,No,236.69952267303103,117.5,67.5,28.62,75.0,68.0,Yes,17520 days
2806,1,1,15.0,0.0,No,No,No,212.0,146.0,89.0,24.49,100.0,132.0,Yes,18615 days
2807,1,1,20.0,0.0,No,No,No,241.0,118.0,85.0,30.03,68.0,74.0,Yes,15330 days
2808,2,0,0.0,0.0,No,No,No,215.0,110.0,70.0,19.64,70.0,87.0,No,14600 days
2809,3,1,30.0,0.0,No,No,No,188.0,122.5,67.5,23.13,94.0,85.0,No,16060 days
2810,2,0,0.0,0.0,No,Yes,No,214.0,144.0,79.0,23.62,96.0,80.0,No,16790 days
2811,2,1,9.0,0.0,No,No,No,193.0,105.0,60.0,22.54,75.0,85.0,No,14600 days
2812,1,1,20.0,0.0,No,No,No,201.0,121.5,76.5,29.38,74.0,94.0,No,14600 days
2813,2,1,15.0,0.0,No,No,No,214.0,114.0,80.0,26.27,95.0,99.0,No,17520 days
2814,2,1,20.0,0.0,No,No,No,208.0,119.0,69.0,19.48,67.0,73.0,No,15695 days
2815,2,1,20.0,0.0,No,No,No,194.0,102.5,69.0,18.55,79.0,83.0,No,17520 days
2816,1,0,0.0,0.0,No,No,No,230.0,116.0,86.0,27.78,62.0,78.0,No,15695 days
2817,1,1,20.0,0.0,No,No,No,265.0,123.0,86.0,28.88,85.0,80.0,No,13870 days
2818,2,0,0.0,0.0,No,No,No,263.0,114.0,80.0,25.14,80.0,77.0,No,17520 days
2819,1,0,0.0,0.0,No,Yes,No,279.0,181.0,74.0,22.49,66.0,65.0,No,21170 days
2820,3,0,0.0,0.0,No,Yes,No,304.0,132.0,80.0,25.15,85.0,106.0,No,18615 days
2821,4,1,40.0,0.0,No,Yes,No,218.0,129.0,90.0,23.22,70.0,73.0,No,15330 days
2822,2,1,43.0,0.0,No,Yes,No,272.0,145.0,88.0,28.12,103.0,65.0,No,16790 days
2823,1,1,20.0,0.0,No,No,No,285.0,116.0,81.0,23.1,100.0,58.0,No,17520 days
2824,1,1,1.0,0.0,No,No,No,240.0,107.5,70.0,18.06,71.0,140.0,No,20075 days
2825,4,0,0.0,1.0,No,Yes,No,282.0,135.0,87.0,28.96,72.0,81.96365524402907,No,21535 days
2826,2,0,0.0,0.0,No,No,No,232.0,117.5,77.5,20.62,53.0,75.0,No,14965 days
2827,1,1,20.0,0.0,No,No,No,252.0,139.0,82.0,26.36,84.0,70.0,Yes,20805 days
2828,1,0,0.0,0.0,No,No,No,237.0,135.0,87.5,24.87,65.0,63.0,No,18615 days
2829,2,1,20.0,0.0,No,Yes,No,220.0,131.0,90.0,24.21,62.0,79.0,No,15330 days
2830,2,0,0.0,0.0,No,No,No,177.0,108.0,73.0,24.73,80.0,72.0,No,14965 days
2831,3,1,20.0,0.0,No,No,No,230.0,138.0,85.0,22.54,66.0,67.0,No,16425 days
2832,2,0,0.0,0.0,No,No,No,219.0,102.0,59.0,18.14,72.0,62.0,No,22265 days
2833,3,1,1.0,0.0,No,No,No,185.0,125.0,84.0,23.18,75.0,55.0,No,15695 days
2834,1,0,0.0,0.0,No,Yes,No,230.0,126.0,93.0,25.36,80.0,84.0,Yes,19710 days
2835,1,1,50.0,0.0,No,No,No,220.0,124.0,79.0,20.7,90.0,57.0,No,14600 days
2836,1,0,0.0,1.0,No,Yes,No,297.0,198.0,108.0,28.06,85.0,109.0,No,21535 days
2837,3,1,15.0,0.0,No,No,No,203.0,123.0,82.0,24.74,75.0,78.0,No,14600 days
2838,1,0,0.0,1.0,No,Yes,No,173.0,135.0,97.5,30.71,63.0,86.0,No,21900 days
2839,3,1,25.0,0.0,No,No,No,282.0,134.0,79.0,26.87,67.0,78.0,No,17885 days
2840,1,0,0.0,0.0,No,Yes,No,220.0,163.0,87.0,25.12,100.0,94.0,No,18980 days
2841,1,1,40.0,0.0,No,No,No,264.0,119.0,82.0,28.55,85.0,63.0,No,18615 days
2842,1,0,0.0,0.0,No,No,No,257.0,115.0,75.0,25.61,72.0,74.0,No,17885 days
2843,1,0,0.0,0.0,No,No,No,208.0,141.0,85.0,24.85,75.0,68.0,No,18980 days
2844,2,1,20.0,0.0,No,No,No,184.0,114.5,76.0,29.89,66.0,59.0,No,15330 days
2845,3,1,15.0,0.0,No,No,No,237.0,124.0,83.0,27.17,70.0,88.0,No,16060 days
2846,4,1,9.0,0.0,No,No,No,206.0,140.0,92.0,28.21,85.0,81.96365524402907,Yes,18250 days
2847,2,1,30.0,0.0,No,Yes,No,308.0,145.5,96.0,25.61,72.0,81.96365524402907,No,18250 days
2848,1,0,0.0,0.0,No,No,No,262.0,113.5,80.0,26.42,75.0,67.0,No,19710 days
2849,2,1,20.0,0.0,No,No,Yes,172.0,131.0,79.0,35.12,75.0,108.0,No,17520 days
2850,2,1,20.0,0.0,No,No,No,240.0,135.0,82.0,27.73,100.0,87.0,No,18980 days
2851,2,0,0.0,0.0,No,Yes,No,263.0,150.0,88.0,23.68,96.0,78.0,No,15330 days
2852,1,0,0.0,0.0,No,No,No,280.0,126.0,76.0,21.82,65.0,74.0,No,18250 days
2853,4,1,40.0,0.0,No,No,No,165.0,107.0,82.0,24.67,60.0,77.0,No,16790 days
2854,1,1,40.0,0.0,No,Yes,No,188.0,111.0,72.0,21.48,75.0,44.0,No,21535 days
2855,4,0,0.0,0.0,No,No,Yes,314.0,135.0,77.5,22.17,75.0,170.0,No,21535 days
2856,3,1,30.0,0.0,No,Yes,No,320.0,190.0,110.0,25.45,90.0,71.0,No,18250 days
2857,1,0,0.0,0.0,No,No,No,153.0,107.0,82.0,20.99,75.0,82.0,No,14235 days
2858,1,0,0.0,0.0,No,No,No,186.0,113.0,78.0,22.98,64.0,81.96365524402907,No,17520 days
2859,2,1,20.0,0.0,No,No,No,255.0,136.0,85.5,25.33,82.0,62.0,No,21170 days
2860,3,0,0.0,0.0,No,No,No,205.0,106.0,75.0,23.44,75.0,97.0,No,17155 days
2861,2,0,0.0,0.0,No,No,No,163.0,112.0,71.0,22.66,70.0,78.0,No,20805 days
2862,3,0,0.0,0.0,No,No,No,281.0,125.0,80.0,21.35,75.0,99.0,No,22995 days
2863,2,0,0.0,0.0,No,No,No,194.0,122.5,82.0,35.16,75.0,80.0,No,15695 days
2864,1,0,0.0,1.0,No,Yes,No,226.0,175.5,113.0,30.77,60.0,70.0,No,20440 days
2865,2,1,20.0,0.0,No,No,No,163.0,96.5,72.5,20.72,75.0,77.0,No,18250 days
2866,4,1,10.0,0.0,No,Yes,No,214.0,132.0,95.0,24.23,70.0,77.0,No,17155 days
2867,3,1,20.0,0.0,No,No,No,215.0,114.0,64.0,21.51,74.0,64.0,No,17520 days
2868,2,0,0.0,0.0,No,No,No,212.0,130.0,79.0,27.73,64.0,100.0,No,20440 days
2869,2,1,20.0,0.0,No,No,No,152.0,119.0,86.0,23.35,75.0,66.0,No,14600 days
2870,1,1,43.0,0.0,No,Yes,No,253.0,172.0,82.0,24.19,66.0,137.0,Yes,22995 days
2871,1,0,0.0,0.0,No,No,No,280.0,118.0,71.0,21.84,96.0,62.0,No,18980 days
2872,1,0,0.0,0.0,No,Yes,No,236.69952267303103,185.0,121.0,35.22,80.0,81.96365524402907,No,22265 days
2873,3,0,0.0,0.0,No,Yes,No,240.0,149.0,88.0,27.48,80.0,82.0,No,21535 days
2874,1,1,20.0,0.0,No,No,No,228.0,122.0,85.0,23.99,69.0,68.0,No,15330 days
2875,2,1,20.0,0.0,No,No,No,264.0,126.5,82.0,23.96,75.0,78.0,Yes,14965 days
2876,4,1,3.0,0.0,No,Yes,No,247.0,142.5,86.5,24.87,53.0,68.0,No,17520 days
2877,2,1,20.0,0.0,No,Yes,No,291.0,160.0,99.0,29.91,85.0,88.0,No,17885 days
2878,1,1,20.0,0.0,No,No,No,175.0,103.0,64.5,17.81,86.0,78.0,No,15695 days
2879,3,0,0.0,0.0,No,No,No,280.0,135.0,87.0,27.17,80.0,80.0,No,19345 days
2880,2,1,17.0,0.0,No,No,No,211.0,128.0,89.0,31.07,75.0,76.0,Yes,17885 days
2881,3,0,0.0,0.0,No,Yes,No,260.0,140.0,88.0,24.67,55.0,65.0,No,24455 days
2882,4,1,15.0,1.0,No,Yes,No,222.0,143.0,92.0,27.38,78.0,89.0,No,15330 days
2883,1,0,0.0,1.0,No,Yes,No,234.0,181.0,107.0,39.4,80.0,90.0,Yes,21535 days
2884,4,1,20.0,0.0,No,Yes,No,238.0,163.5,102.0,28.65,73.0,100.0,No,16790 days
2885,4,0,0.0,0.0,No,No,No,253.0,152.5,87.5,26.84,56.0,81.96365524402907,No,16060 days
2886,1,0,0.0,0.0,No,No,No,205.0,122.0,78.0,23.78,67.0,83.0,No,17155 days
2887,2,1,43.0,0.0,No,No,No,201.0,124.0,73.0,25.25,95.0,100.0,No,13140 days
2888,1,0,0.0,0.0,No,Yes,No,292.0,166.0,89.0,27.51,68.0,88.0,No,18615 days
2889,4,0,0.0,0.0,No,No,No,189.0,102.0,66.5,23.88,70.0,70.0,No,17885 days
2890,3,0,0.0,0.0,No,No,No,241.0,103.0,66.0,22.73,85.0,66.0,No,19710 days
2891,1,0,0.0,0.0,No,No,Yes,248.0,130.5,82.0,27.29,52.0,254.0,No,17885 days
2892,1,1,2.0,0.0,No,No,No,144.0,113.0,62.0,22.9,58.0,69.0,No,24455 days
2893,3,0,0.0,0.0,No,No,Yes,346.0,102.5,66.5,17.17,80.0,394.0,Yes,22630 days
2894,1,1,9.0,0.0,No,No,No,224.0,90.0,70.0,18.18,75.0,57.0,No,13870 days
2895,2,1,30.0,0.0,No,Yes,No,181.0,138.5,90.0,26.32,90.0,81.96365524402907,No,16425 days
2896,3,0,0.0,0.0,No,No,No,250.0,109.0,70.0,20.74,75.0,77.0,No,18250 days
2897,1,0,0.0,0.0,No,No,No,290.0,124.0,72.5,24.24,92.0,87.0,No,16425 days
2898,4,1,30.0,0.0,No,No,No,178.0,132.5,73.0,24.67,80.0,70.0,No,17520 days
2899,1,1,40.0,0.0,No,Yes,No,231.0,171.0,95.0,26.11,85.0,77.0,Yes,21170 days
2900,2,0,0.0,0.0,No,No,No,203.0,112.5,73.5,24.47,70.0,73.0,No,13140 days
2901,4,0,0.0,0.0,No,No,No,270.0,117.0,71.0,23.79,71.0,72.0,No,20075 days
2902,2,0,0.0,0.0,No,No,No,236.69952267303103,119.0,81.0,24.6,75.0,81.96365524402907,No,14600 days
2903,1,1,20.0,0.0,No,No,No,174.0,120.0,62.0,25.13,95.0,77.0,Yes,20805 days
2904,2,1,10.0,0.0,No,No,No,250.0,109.0,78.0,25.75,65.0,81.96365524402907,No,14600 days
2905,1,1,20.0,0.0,No,No,No,190.0,135.0,81.0,24.38,65.0,81.96365524402907,No,14965 days
2906,1,1,20.0,0.0,No,No,No,206.0,133.5,89.5,21.73,86.0,89.0,No,15695 days
2907,1,0,0.0,0.0,No,Yes,No,179.0,149.0,89.0,40.81,92.0,77.0,No,22995 days
2908,2,1,9.0,0.0,No,No,No,229.0,127.5,76.0,23.65,74.0,70.0,No,21535 days
2909,2,0,0.0,1.0,No,Yes,Yes,303.0,204.0,96.0,27.86,75.0,394.0,Yes,24455 days
2910,2,1,20.0,0.0,No,No,No,223.0,129.0,79.0,28.04,98.0,100.0,No,15330 days
2911,4,0,0.0,0.0,No,No,No,340.0,114.0,83.0,31.02,78.0,80.0,No,18980 days
2912,2,0,0.0,0.0,No,No,No,252.0,125.0,86.0,20.74,75.0,93.0,No,14235 days
2913,2,0,0.0,0.0,No,No,No,183.0,120.0,76.0,21.12,100.0,72.0,No,15330 days
2914,2,1,15.0,0.0,No,No,No,230.0,118.0,70.5,26.24,100.0,67.0,No,15695 days
2915,1,0,0.0,0.0,No,No,No,263.0,132.5,87.0,30.42,75.0,64.0,No,18980 days
2916,1,0,0.0,0.0,No,No,No,210.0,120.0,72.0,22.01,75.0,93.0,No,16425 days
2917,1,0,0.0,0.0,No,Yes,No,243.0,142.0,89.0,27.3,65.0,67.0,Yes,22265 days
2918,3,0,0.0,0.0,No,No,No,192.0,122.0,82.5,28.61,68.0,58.0,No,20440 days
2919,4,1,25.0,0.0,No,No,No,296.0,137.0,90.0,23.97,72.0,97.0,No,15695 days
2920,4,1,20.0,0.0,No,Yes,No,228.0,151.5,103.0,23.58,65.0,66.0,No,20440 days
2921,1,1,45.0,0.0,No,No,No,345.0,134.0,89.0,27.38,72.0,60.0,No,20075 days
2922,1,1,20.0,0.0,No,No,No,273.0,132.5,69.0,26.83,120.0,88.0,No,16790 days
2923,1,1,30.0,0.0,No,No,No,252.0,112.0,78.0,24.25,90.0,65.0,Yes,15695 days
2924,2,0,0.0,0.0,No,No,No,206.0,107.5,73.5,24.17,60.0,71.0,Yes,15695 days
2925,2,1,20.0,0.0,No,No,No,225.0,120.0,75.0,25.80080075811419,70.0,94.0,No,23360 days
2926,1,0,0.0,0.0,No,No,Yes,258.0,127.0,80.0,24.1,75.0,124.0,No,18250 days
2927,2,1,20.0,0.0,No,Yes,No,230.0,140.5,89.0,23.34,66.0,80.0,Yes,17520 days
2928,4,0,0.0,0.0,No,Yes,No,254.0,142.0,87.0,27.94,60.0,63.0,No,17885 days
2929,1,1,15.0,0.0,No,Yes,No,212.0,132.0,92.0,22.08,63.0,81.96365524402907,No,16790 days
2930,1,1,43.0,0.0,No,Yes,No,283.0,207.5,118.0,38.61,100.0,83.0,Yes,20805 days
2931,3,0,0.0,0.0,No,No,No,218.0,115.0,75.0,25.62,82.0,62.0,No,18615 days
2932,3,1,30.0,0.0,No,No,No,280.0,115.0,81.0,21.32,62.0,84.0,No,14600 days
2933,1,1,30.0,0.0,No,No,No,240.0,127.0,80.0,28.85,70.0,67.0,Yes,18615 days
2934,1,1,20.0,0.0,No,No,No,163.0,102.0,59.5,22.27,67.0,82.0,No,14965 days
2935,1,0,0.0,0.0,No,Yes,No,254.0,181.0,101.0,24.67,76.0,68.0,No,21535 days
2936,1,0,0.0,0.0,No,No,No,295.0,191.0,97.0,31.27,62.0,90.0,No,22265 days
2937,3,1,20.0,0.0,No,No,No,276.0,138.0,88.0,20.4,82.0,70.0,No,15695 days
2938,1,0,0.0,0.0,No,Yes,No,225.0,145.0,91.0,29.8,80.0,83.0,Yes,23725 days
2939,2,0,0.0,0.0,No,No,No,176.0,136.0,87.0,30.91,80.0,73.0,No,15330 days
2940,3,1,20.0,0.0,No,No,No,217.0,110.0,79.0,21.27,100.0,95.0,No,14965 days
2941,1,0,0.0,0.0,No,No,No,328.0,106.0,77.0,29.65,75.0,81.96365524402907,No,20075 days
2942,1,0,0.0,0.0,No,No,No,220.0,113.0,83.0,25.12,58.0,86.0,No,20440 days
2943,2,0,0.0,0.0,No,No,No,220.0,126.5,74.5,28.3,82.0,80.0,Yes,20440 days
2944,2,1,43.0,0.0,No,Yes,No,210.0,162.5,87.5,24.32,95.0,81.96365524402907,No,17520 days
2945,3,0,0.0,0.0,No,Yes,No,287.0,150.5,94.0,26.01,75.0,99.0,No,20440 days
2946,3,0,0.0,0.0,No,No,No,250.0,148.5,90.0,24.58,80.0,81.96365524402907,No,18615 days
2947,2,0,0.0,0.0,No,No,No,279.0,132.0,88.0,26.48,78.0,88.0,No,21535 days
2948,1,0,0.0,0.0,No,No,No,217.0,116.0,72.0,22.49,80.0,77.0,No,19710 days
2949,2,1,43.0,0.0,No,Yes,No,218.0,147.0,81.0,20.39,75.0,81.96365524402907,No,17155 days
2950,3,0,0.0,0.0,No,No,No,254.0,104.0,73.0,19.46,60.0,77.0,No,16425 days
2951,1,0,0.0,0.0,No,No,No,328.0,121.0,70.0,30.75,90.0,77.0,No,19345 days
2952,1,0,0.0,0.0,No,Yes,No,306.0,195.0,110.0,32.1,72.0,68.0,No,19710 days
2953,1,0,0.0,0.0,No,No,No,281.0,130.5,86.0,25.11,80.0,83.0,No,21535 days
2954,1,1,40.0,0.0,No,No,No,260.0,137.5,80.0,26.89,75.0,55.0,Yes,14965 days
2955,3,1,5.0,0.0,No,No,No,237.0,110.0,77.0,25.62,100.0,83.0,No,17155 days
2956,1,0,0.0,0.0,No,Yes,No,205.0,167.5,92.5,24.72,87.0,81.96365524402907,No,23725 days
2957,1,1,20.0,0.0,No,No,No,160.0,131.0,81.5,25.71,75.0,70.0,No,16060 days
2958,4,0,0.0,0.0,No,Yes,No,180.0,147.5,100.0,25.11,70.0,70.0,Yes,19710 days
2959,1,0,0.0,0.0,No,Yes,No,180.0,165.0,88.0,22.57,68.0,77.0,Yes,20075 days
2960,1,1,15.0,0.0,No,Yes,No,260.0,142.0,88.0,23.65,96.0,77.0,No,19345 days
2961,1,0,0.0,0.0,No,Yes,Yes,258.0,177.0,111.0,30.38,80.0,270.0,Yes,18980 days
2962,2,1,20.0,0.0,No,No,No,274.0,108.0,75.0,23.6,70.0,68.0,No,18615 days
2963,3,0,0.0,0.0,No,No,No,228.0,124.0,72.0,21.18,74.0,88.0,No,17885 days
2964,1,1,15.0,0.0,No,No,No,193.0,145.0,67.0,23.13,75.0,72.0,Yes,24820 days
2965,1,1,20.0,0.0,No,No,No,202.0,108.0,74.0,25.51,64.0,104.0,No,14235 days
2966,3,0,0.0,0.0,No,Yes,No,248.0,155.0,92.5,29.86,85.0,66.0,No,19710 days
2967,2,1,3.0,0.0,No,No,No,244.0,105.0,60.0,23.24,76.0,81.96365524402907,No,16060 days
2968,1,1,43.0,0.0,No,No,No,237.0,105.0,72.5,33.49,67.0,79.0,No,16790 days
2969,4,1,20.0,1.0,No,Yes,No,262.0,147.5,97.5,24.96,60.0,67.0,No,17885 days
2970,1,0,0.0,0.0,No,No,No,229.0,127.5,80.0,22.34,84.0,77.0,No,16790 days
2971,2,1,9.0,0.0,No,Yes,No,219.0,162.0,91.0,33.66,70.0,81.96365524402907,No,22995 days
2972,1,1,15.0,0.0,No,No,No,352.0,136.5,87.0,25.79,73.0,67.0,No,18615 days
2973,2,1,20.0,0.0,No,No,No,280.0,134.0,85.5,29.86,80.0,75.0,No,20075 days
2974,2,0,0.0,0.0,No,Yes,No,270.0,174.5,101.5,29.87,80.0,76.0,No,22265 days
2975,2,1,20.0,0.0,No,No,No,220.0,126.0,88.0,24.46,77.0,74.0,No,13870 days
2976,1,1,20.0,0.0,No,No,No,252.0,126.0,77.0,25.23,75.0,63.0,No,13140 days
2977,1,1,30.0,0.0,No,No,No,225.0,133.5,86.0,29.38,79.0,106.0,Yes,18250 days
2978,1,1,20.0,0.0,No,No,No,234.0,125.0,86.0,28.09,70.0,70.0,No,15330 days
2979,2,0,0.0,0.0,No,Yes,No,258.0,148.5,88.0,23.46,85.0,90.0,No,16425 days
2980,4,1,9.0,0.0,No,No,No,280.0,105.0,85.0,25.5,85.0,79.0,No,17520 days
2981,1,1,20.0,0.0,No,Yes,No,233.0,158.0,88.0,28.26,68.0,94.0,Yes,18250 days
2982,3,0,0.0,0.0,No,No,No,265.0,130.0,84.0,27.09,63.0,69.0,No,18980 days
2983,1,1,15.0,1.0,No,Yes,No,258.0,198.0,106.0,26.73,102.0,73.0,No,18250 days
2984,1,1,20.0,0.0,No,Yes,No,241.0,152.5,105.0,25.18,92.0,85.0,No,21170 days
2985,1,0,0.0,1.0,No,Yes,No,432.0,153.0,85.0,26.13,98.0,75.0,Yes,20805 days
2986,2,0,0.0,0.0,No,Yes,No,188.0,142.5,87.5,39.21,70.0,81.96365524402907,No,14965 days
2987,2,0,0.0,0.0,No,Yes,No,326.0,144.0,81.0,25.71,85.0,81.96365524402907,No,20075 days
2988,2,1,40.0,0.0,No,No,No,189.0,130.0,90.0,22.33,90.0,64.0,No,16060 days
2989,4,1,3.0,0.0,No,No,No,230.0,107.5,75.0,26.38,75.0,76.0,No,14600 days
2990,1,1,5.0,0.0,No,Yes,No,240.0,150.0,84.0,26.85,75.0,94.0,Yes,21170 days
2991,4,0,0.0,0.0,No,Yes,No,252.0,160.0,105.0,31.72,65.0,83.0,No,16425 days
2992,2,1,2.0,0.0,No,No,No,172.0,98.0,53.0,22.18,68.0,82.0,No,13870 days
2993,1,0,0.0,0.0,No,Yes,No,239.0,122.0,83.0,28.85,62.0,94.0,No,22265 days
2994,2,0,0.0,0.0,No,No,No,245.0,134.0,84.0,29.28,100.0,81.96365524402907,No,20805 days
2995,2,0,0.0,0.0,No,No,No,317.0,126.0,75.0,23.29,71.0,86.0,No,22630 days
2996,1,0,0.0,0.0,No,No,No,229.0,121.0,85.5,23.09,63.0,75.0,No,18250 days
2997,4,1,40.0,0.0,No,No,No,200.0,103.0,67.5,30.82,67.0,72.0,No,13140 days
2998,1,0,0.0,0.0,No,No,No,234.0,135.0,88.0,25.65,52.0,83.0,No,16060 days
2999,1,0,0.0,0.0,No,Yes,No,260.0,127.0,80.0,31.69,69.0,73.0,No,16060 days
3000,2,1,40.0,0.0,No,No,No,232.0,125.0,86.0,23.23,72.0,80.0,No,16060 days
3001,4,0,0.0,0.0,No,Yes,No,200.0,115.0,76.0,31.04,78.0,81.96365524402907,Yes,18615 days
3002,3,1,20.0,0.0,No,No,Yes,216.0,125.0,80.0,27.18,86.0,244.0,No,20075 days
3003,2,1,20.0,0.0,No,Yes,No,258.0,150.0,105.0,25.94,83.0,60.0,No,17520 days
3004,1,0,0.0,0.0,No,No,No,185.0,94.0,62.0,26.11,70.0,68.0,No,23360 days
3005,1,1,20.0,0.0,No,Yes,No,181.0,163.5,87.0,34.69,80.0,71.0,No,19345 days
3006,2,0,0.0,0.0,No,No,No,217.0,126.0,80.0,25.91,75.0,62.0,No,13505 days
3007,2,1,20.0,0.0,No,No,No,239.0,123.0,72.0,23.35,62.0,81.96365524402907,No,17885 days
3008,3,1,70.0,0.0,No,Yes,No,210.0,132.0,86.0,31.57,98.0,80.0,No,14600 days
3009,1,1,20.0,0.0,No,No,No,264.0,118.5,81.0,26.35,75.0,90.0,Yes,16425 days
3010,1,0,0.0,0.0,No,No,No,188.0,105.0,65.0,22.85,63.0,76.0,No,14235 days
3011,1,0,0.0,0.0,No,No,No,204.0,131.0,87.0,24.68,63.0,70.0,No,20075 days
3012,4,1,20.0,0.0,No,Yes,No,246.0,160.0,92.5,30.74,84.0,76.0,No,20805 days
3013,4,0,0.0,0.0,No,No,No,191.0,118.0,80.0,24.98,62.0,63.0,No,15330 days
3014,4,1,20.0,0.0,No,Yes,No,200.0,131.0,94.0,26.77,70.0,82.0,No,18980 days
3015,2,1,5.0,0.0,No,No,No,165.0,106.0,64.0,19.14,68.0,70.0,No,12775 days
3016,4,0,0.0,0.0,No,No,No,216.0,126.0,86.0,22.72,90.0,70.0,No,14235 days
3017,1,0,0.0,0.0,No,No,No,195.0,122.0,88.5,24.11,76.0,67.0,No,19710 days
3018,1,1,20.0,0.0,No,No,No,240.0,125.0,79.0,27.38,80.0,82.0,No,20440 days
3019,2,1,20.0,0.0,No,No,No,273.0,147.0,89.0,24.26,85.0,62.0,No,17885 days
3020,2,1,9.0,0.0,No,No,No,273.0,148.0,103.0,28.62,75.0,74.0,No,14235 days
3021,2,1,0.0,0.0,No,No,No,276.0,130.0,86.0,24.21,58.0,82.0,No,19345 days
3022,2,0,0.0,0.0,No,Yes,No,250.0,120.5,80.5,27.59,80.0,75.0,Yes,21535 days
3023,2,0,0.0,0.0,No,No,No,300.0,137.0,79.0,25.4,86.0,73.0,No,18980 days
3024,3,1,15.0,0.0,No,No,No,266.0,109.0,70.0,23.72,75.0,71.0,No,16425 days
3025,2,1,20.0,0.0,No,No,No,239.0,122.0,82.0,29.4,70.0,84.0,No,19345 days
3026,1,0,0.0,0.0,No,Yes,No,273.0,197.0,91.0,23.22,95.0,80.0,No,24090 days
3027,4,1,17.0,0.0,No,Yes,No,261.0,147.5,97.0,31.65,75.0,73.0,No,14965 days
3028,1,0,0.0,0.0,No,No,No,282.0,115.0,71.0,22.54,60.0,96.0,No,16425 days
3029,2,1,18.0,0.0,No,No,No,290.0,131.0,84.0,18.28,75.0,68.0,No,16790 days
3030,3,1,3.0,0.0,No,No,No,232.0,125.0,80.0,25.38,72.0,79.0,No,14965 days
3031,4,0,0.0,0.0,No,Yes,No,313.0,186.5,99.0,25.65,72.0,84.0,No,21535 days
3032,1,1,10.0,0.0,No,No,No,310.0,141.0,76.0,20.52,52.0,90.0,No,16060 days
3033,4,1,5.0,0.0,No,No,No,285.0,124.0,80.0,24.54,52.0,106.0,No,20440 days
3034,4,1,0.0,0.0,No,No,No,229.0,115.0,69.0,24.43,80.0,93.0,No,20805 days
3035,4,0,0.0,0.0,No,No,No,225.0,108.5,73.0,26.55,54.0,73.0,No,19345 days
3036,2,0,0.0,0.0,No,No,No,226.0,112.5,77.5,24.99,100.0,72.0,No,12410 days
3037,4,1,10.0,0.0,No,No,No,226.0,142.0,93.0,29.76,105.0,63.0,No,13870 days
3038,1,0,0.0,0.0,No,No,No,195.0,114.0,79.0,25.01,60.0,76.0,No,16060 days
3039,3,0,0.0,0.0,No,No,No,271.0,121.0,77.0,23.96,68.0,82.0,No,16425 days
3040,1,0,0.0,0.0,No,Yes,No,287.0,149.0,86.0,26.33,62.0,65.0,No,20805 days
3041,1,0,0.0,0.0,No,No,No,257.0,124.5,80.0,23.84,64.0,76.0,Yes,22265 days
3042,4,1,3.0,0.0,No,No,No,177.0,126.0,80.0,23.84,90.0,79.0,No,13870 days
3043,4,0,0.0,0.0,No,No,No,235.0,123.0,78.0,28.53,60.0,74.0,No,20805 days
3044,1,0,0.0,0.0,No,No,No,266.0,107.0,77.0,30.61,75.0,64.0,No,17155 days
3045,4,1,15.0,0.0,No,No,No,208.0,135.0,80.0,20.71,70.0,81.96365524402907,No,14235 days
3046,1,0,0.0,0.0,No,No,No,192.0,130.0,87.0,27.76,69.0,81.96365524402907,No,19710 days
3047,1,0,0.0,0.0,No,Yes,No,239.0,147.0,98.0,26.51,65.0,68.0,No,21170 days
3048,2,0,0.0,0.0,No,Yes,No,215.0,164.0,80.0,17.23,100.0,81.96365524402907,No,25185 days
3049,3,1,3.0,0.0,No,No,No,270.0,130.0,72.5,20.84,75.0,102.0,No,21900 days
3050,3,0,0.0,0.0,No,Yes,No,241.0,153.0,89.0,32.57,65.0,75.0,Yes,22995 days
3051,3,1,9.0,0.0,No,No,Yes,210.0,134.0,80.0,18.26,64.0,81.96365524402907,No,18250 days
3052,1,0,0.0,0.0,No,No,No,243.0,128.5,75.0,27.68,80.0,89.0,No,20440 days
3053,3,0,0.0,0.0,No,No,No,278.0,127.5,83.0,23.08,63.0,78.0,No,19710 days
3054,2,1,20.0,1.0,No,Yes,No,315.0,193.0,109.0,27.99,70.0,74.0,No,20805 days
3055,2,1,5.0,0.0,No,Yes,No,150.0,175.0,110.0,26.4,100.0,81.96365524402907,No,17520 days
3056,1,1,8.0,0.0,No,No,No,351.0,106.0,65.0,25.34,95.0,69.0,No,16060 days
3057,1,1,20.0,0.0,No,Yes,No,174.0,164.0,113.0,18.64,65.0,93.0,Yes,21900 days
3058,2,1,20.0,0.0,No,Yes,No,196.0,154.0,99.0,23.46,82.0,56.0,No,14965 days
3059,2,1,20.0,0.0,No,No,No,275.0,123.0,83.0,24.29,90.0,64.0,No,18250 days
3060,1,0,0.0,0.0,No,Yes,No,254.0,131.0,92.0,29.22,75.0,65.0,No,17885 days
3061,2,0,0.0,0.0,No,Yes,No,239.0,148.5,100.0,27.83,80.0,90.0,No,18250 days
3062,1,1,20.0,0.0,No,Yes,No,220.0,215.0,129.0,24.69,92.0,81.96365524402907,Yes,22265 days
3063,1,0,0.0,0.0,No,No,No,280.0,127.5,81.5,33.9,82.0,70.0,No,18980 days
3064,4,0,0.0,0.0,No,No,No,165.0,136.0,75.0,24.95,88.0,90.0,No,12045 days
3065,1,0,0.0,0.0,No,Yes,No,328.0,130.0,86.5,27.17,65.0,82.0,No,16790 days
3066,2,1,20.0,0.0,No,No,No,243.0,116.0,64.0,23.78,69.0,70.0,No,18980 days
3067,2,1,5.0,0.0,No,No,No,217.0,130.0,82.0,26.95,50.0,85.0,No,16425 days
3068,3,1,30.0,0.0,No,No,No,196.0,114.0,75.0,21.01,60.0,69.0,No,16790 days
3069,1,1,6.0,0.0,No,Yes,No,256.0,138.5,77.5,28.85,80.0,84.0,No,22995 days
3070,1,1,5.0,0.0,No,No,No,192.0,123.0,72.0,19.16,62.0,90.0,Yes,14965 days
3071,1,0,0.0,0.0,No,No,No,193.0,127.0,83.0,21.49,60.0,80.0,No,14965 days
3072,2,0,0.0,0.0,No,No,No,214.0,98.0,67.0,23.43,68.0,90.0,No,18980 days
3073,3,0,0.0,0.0,No,No,No,297.0,133.0,92.0,25.98,69.0,64.0,No,16790 days
3074,2,0,0.0,0.0,No,Yes,No,184.0,196.0,101.0,28.27,86.0,82.0,Yes,22995 days
3075,3,0,0.0,0.0,No,No,No,257.0,105.0,70.0,31.47,75.0,80.0,No,13505 days
3076,1,1,10.0,0.0,No,No,No,269.0,139.0,96.0,24.38,77.0,71.0,No,15695 days
3077,1,0,0.0,0.0,No,No,No,223.0,111.0,73.0,27.89,90.0,63.0,Yes,24455 days
3078,1,0,0.0,0.0,No,No,No,245.0,117.5,90.0,22.65,85.0,96.0,No,15330 days
3079,1,0,0.0,0.0,No,Yes,No,177.0,141.0,92.0,29.64,72.0,130.0,Yes,18615 days
3080,1,0,0.0,0.0,No,Yes,No,289.0,158.0,80.0,32.66,75.0,84.0,No,22995 days
3081,2,0,0.0,0.0,No,No,No,163.0,111.0,73.0,30.18,70.0,90.0,No,13140 days
3082,4,0,0.0,0.0,No,No,No,260.0,127.5,92.0,32.98,56.0,93.0,No,18615 days
3083,2,0,0.0,0.0,No,Yes,No,177.0,147.5,92.0,24.81,64.0,90.0,No,15695 days
3084,1,1,15.0,0.0,No,No,No,220.0,131.5,82.5,24.35,80.0,78.0,No,14600 days
3085,2,1,9.0,0.0,No,Yes,No,278.0,152.0,93.0,29.76,64.0,63.0,Yes,17885 days
3086,1,1,30.0,0.0,No,No,No,167.0,127.0,69.0,28.13,83.0,107.0,No,20805 days
3087,2,0,0.0,0.0,No,No,No,216.0,122.5,77.0,24.06,60.0,67.0,No,14235 days
3088,1,0,0.0,1.0,Yes,Yes,No,274.0,159.0,90.0,28.4,72.0,81.0,No,21170 days
3089,2,0,0.0,0.0,No,Yes,No,165.0,151.0,100.0,23.74,92.0,81.96365524402907,No,19710 days
3090,1,0,0.0,0.0,No,Yes,No,300.0,150.5,89.0,25.80080075811419,68.0,72.0,Yes,22265 days
3091,3,1,20.0,0.0,No,Yes,No,204.0,152.0,74.0,24.8,78.0,89.0,No,19345 days
3092,2,0,0.0,0.0,No,Yes,No,298.0,133.0,89.0,25.09,83.0,81.0,No,21900 days
3093,4,0,0.0,0.0,No,Yes,No,192.0,141.5,108.5,36.01,76.0,78.0,No,14600 days
3094,1,1,0.0,0.0,No,Yes,No,214.0,172.0,111.0,40.51,80.0,70.0,Yes,17885 days
3095,4,1,20.0,0.0,No,No,No,254.0,114.0,80.0,16.59,75.0,74.0,No,18980 days
3096,1,1,30.0,0.0,No,Yes,No,249.0,139.0,83.0,23.81,85.0,76.0,No,20805 days
3097,1,1,30.0,0.0,No,No,No,303.0,115.0,78.0,22.5,70.0,67.0,No,16790 days
3098,1,1,43.0,0.0,No,No,No,290.0,136.0,88.0,34.71,110.0,81.96365524402907,No,15330 days
3099,2,0,0.0,0.0,No,No,No,230.0,127.0,72.0,29.62,85.0,70.0,No,14600 days
3100,2,0,0.0,0.0,No,Yes,No,252.0,146.0,87.0,33.11,90.0,100.0,No,19710 days
3101,2,0,0.0,0.0,No,Yes,No,262.0,150.5,95.0,30.79,75.0,77.0,No,18615 days
3102,1,1,30.0,0.0,No,Yes,No,177.0,162.5,99.5,22.97,65.0,93.0,Yes,19710 days
3103,1,0,0.0,0.0,No,No,No,236.0,115.0,71.0,23.48,80.0,84.0,No,18615 days
3104,2,0,0.0,0.0,No,No,No,337.0,120.0,79.5,23.07,68.0,77.0,No,14235 days
3105,2,0,0.0,0.0,No,No,No,243.0,147.5,86.5,26.42,64.0,81.96365524402907,No,19710 days
3106,3,1,0.0,0.0,No,No,No,321.0,132.0,88.0,28.14,90.0,74.0,No,17155 days
3107,1,0,0.0,0.0,No,Yes,No,248.0,130.0,73.5,23.5,98.0,83.0,No,22995 days
3108,2,1,0.0,0.0,No,No,No,285.0,121.0,82.0,27.62,85.0,65.0,No,14235 days
3109,2,1,3.0,0.0,No,No,No,256.0,124.0,79.0,24.23,80.0,81.0,No,14600 days
3110,1,1,3.0,0.0,No,No,No,236.69952267303103,126.0,85.0,28.24,72.0,81.96365524402907,No,16425 days
3111,2,0,0.0,0.0,No,No,No,236.69952267303103,127.5,80.0,32.78,73.0,81.96365524402907,No,22995 days
3112,4,1,15.0,0.0,No,Yes,Yes,210.0,163.5,97.0,28.24,105.0,183.0,No,17155 days
3113,4,1,5.0,0.0,No,Yes,No,184.0,149.0,95.0,28.77,80.0,94.0,No,15330 days
3114,4,1,30.0,0.0,No,No,No,275.0,117.5,85.0,28.94,72.0,74.0,No,13870 days
3115,1,0,0.0,0.0,No,No,No,238.0,132.0,86.0,27.22,75.0,85.0,No,16060 days
3116,1,0,0.0,0.0,No,No,No,195.0,129.5,83.0,25.74,77.0,74.0,No,16425 days
3117,3,1,30.0,0.0,No,Yes,No,268.0,163.0,97.0,27.88,80.0,65.0,No,19345 days
3118,4,1,15.0,0.0,No,No,No,205.0,128.5,96.0,22.34,100.0,81.96365524402907,No,15695 days
3119,3,1,6.0,0.0,No,No,No,260.0,116.0,86.0,24.05,85.0,85.0,No,19710 days
3120,3,1,9.0,0.0,No,No,No,248.0,114.5,70.0,27.69,95.0,75.0,No,17520 days
3121,4,1,15.0,0.0,No,Yes,No,267.0,179.5,97.0,20.44,76.0,67.0,No,13870 days
3122,2,0,0.0,0.0,No,No,No,240.0,125.0,87.0,28.76,76.0,76.0,Yes,19710 days
3123,1,0,0.0,0.0,No,No,No,224.0,121.5,77.5,28.66,75.0,81.96365524402907,No,22630 days
3124,3,0,0.0,0.0,No,Yes,No,198.0,142.5,80.0,23.86,76.0,100.0,No,18615 days
3125,3,0,0.0,0.0,No,No,No,221.0,126.0,80.0,23.9,64.0,80.0,No,14235 days
3126,1,1,20.0,0.0,No,No,No,182.0,120.0,78.0,20.23,75.0,85.0,No,16790 days
3127,3,0,0.0,0.0,No,No,No,213.0,126.0,76.0,19.05,85.0,84.0,No,16060 days
3128,2,0,0.0,0.0,No,No,No,274.0,134.0,84.0,31.78,85.0,80.0,No,17520 days
3129,3,0,0.0,0.0,No,No,No,260.0,118.5,74.5,22.19,60.0,75.0,No,15330 days
3130,1,0,0.0,0.0,No,No,No,222.0,125.0,76.0,25.23,60.0,77.0,No,18980 days
3131,2,0,0.0,0.0,No,Yes,No,326.0,160.0,90.0,33.7,72.0,84.0,No,22630 days
3132,2,1,3.0,0.0,No,Yes,No,279.0,155.0,105.0,26.47,78.0,66.0,No,19710 days
3133,2,0,0.0,0.0,No,No,No,280.0,133.0,82.0,28.92,54.0,65.0,No,23360 days
3134,4,0,0.0,0.0,No,No,No,272.0,137.0,81.0,25.74,90.0,97.0,No,23725 days
3135,1,0,0.0,0.0,No,No,No,286.0,144.0,91.0,29.35,65.0,67.0,No,17885 days
3136,1,1,15.0,0.0,Yes,Yes,No,254.0,177.0,101.0,23.27,92.0,79.0,Yes,21900 days
3137,2,0,0.0,1.0,No,Yes,No,231.0,136.0,84.0,31.78,60.0,95.0,No,25550 days
3138,1,1,9.0,0.0,No,No,No,273.0,114.0,83.0,27.33,70.0,65.0,No,16060 days
3139,1,1,43.0,0.0,No,Yes,No,226.0,138.0,99.0,35.02,95.0,73.0,No,14600 days
3140,2,0,0.0,0.0,No,No,Yes,221.0,140.0,94.0,28.84,80.0,85.0,No,17155 days
3141,1,0,0.0,0.0,No,No,No,243.0,116.0,79.0,22.44,85.0,82.0,No,14235 days
3142,1,0,0.0,0.0,No,No,No,257.0,133.0,94.0,17.71,143.0,75.0,No,20805 days
3143,1,1,15.0,0.0,No,Yes,No,275.0,140.0,78.0,19.18,78.0,74.0,Yes,21170 days
3144,2,0,0.0,1.0,No,Yes,No,295.0,170.0,89.0,35.35,66.0,63.0,No,24455 days
3145,2,1,20.0,0.0,No,No,No,310.0,124.0,72.5,22.32,96.0,74.0,No,15330 days
3146,2,1,9.0,0.0,No,Yes,No,280.0,150.5,90.0,33.45,90.0,81.96365524402907,No,21900 days
3147,2,0,0.0,0.0,No,No,No,246.0,136.0,84.0,20.15,101.0,86.0,No,18980 days
3148,4,0,0.0,0.0,No,Yes,No,275.0,159.0,99.0,28.57,60.0,88.0,Yes,18615 days
3149,2,1,9.0,0.0,No,Yes,No,236.69952267303103,147.5,96.0,30.57,78.0,81.96365524402907,Yes,16060 days
3150,3,0,0.0,0.0,No,Yes,No,305.0,151.0,106.5,25.38,100.0,75.0,No,18250 days
3151,2,1,20.0,0.0,No,Yes,No,293.0,132.0,86.0,24.62,65.0,75.0,No,14965 days
3152,2,1,5.0,0.0,No,No,No,193.0,107.0,73.0,20.73,85.0,72.0,No,13870 days
3153,1,0,0.0,0.0,No,No,No,219.0,125.0,83.0,23.22,65.0,115.0,No,20805 days
3154,2,1,20.0,0.0,No,No,No,200.0,131.0,87.0,23.93,71.0,70.0,No,12775 days
3155,1,1,30.0,0.0,No,No,No,270.0,122.0,82.0,30.31,72.0,142.0,No,15330 days
3156,3,1,0.0,0.0,No,No,No,188.0,123.5,77.0,26.62,65.0,80.0,No,13505 days
3157,2,0,0.0,0.0,No,No,No,201.0,107.5,64.5,23.85,88.0,81.96365524402907,No,16425 days
3158,2,0,0.0,0.0,No,Yes,No,200.0,161.0,96.0,25.02,80.0,81.96365524402907,No,21170 days
3159,2,1,20.0,0.0,No,No,No,234.0,122.5,76.5,25.16,75.0,85.0,No,12775 days
3160,4,1,9.0,0.0,No,Yes,No,696.0,157.0,87.0,24.44,95.0,84.0,No,18615 days
3161,1,0,0.0,0.0,No,Yes,No,240.0,154.0,92.0,29.49,55.0,67.0,No,22630 days
3162,1,1,20.0,0.0,No,No,No,234.0,103.0,71.0,21.88,68.0,82.0,Yes,15330 days
3163,2,1,8.0,0.0,No,No,No,179.0,122.0,70.0,24.37,72.0,81.96365524402907,No,16060 days
3164,2,1,30.0,0.0,No,Yes,No,292.0,153.0,100.0,28.09,110.0,69.0,Yes,14235 days
3165,3,1,30.0,0.0,No,No,No,363.0,140.0,87.0,26.44,95.0,79.0,No,16060 days
3166,3,0,0.0,0.0,No,No,No,226.0,108.0,72.0,24.87,55.0,86.0,No,21535 days
3167,1,1,10.0,0.0,No,Yes,No,217.0,167.0,109.0,24.86,95.0,72.0,Yes,21900 days
3168,1,0,0.0,0.0,No,No,No,265.0,132.0,80.0,26.25,67.0,76.0,Yes,19345 days
3169,3,1,9.0,0.0,No,No,No,189.0,115.0,81.0,22.73,80.0,103.0,No,14600 days
3170,3,0,0.0,0.0,No,No,No,253.0,115.0,81.0,28.09,70.0,84.0,No,19345 days
3171,2,1,20.0,0.0,No,No,No,201.0,122.0,76.5,23.81,70.0,73.0,No,14965 days
3172,1,0,0.0,0.0,No,Yes,No,279.0,140.5,89.0,22.43,80.0,69.0,No,21900 days
3173,2,0,0.0,0.0,No,No,No,209.0,107.0,73.5,21.59,75.0,73.0,No,13140 days
3174,2,1,20.0,0.0,No,No,No,311.0,117.5,76.0,26.27,68.0,67.0,Yes,16425 days
3175,4,1,9.0,0.0,No,No,No,256.0,136.5,81.0,23.07,75.0,78.0,No,18250 days
3176,2,1,20.0,0.0,No,No,No,195.0,113.0,81.0,34.32,70.0,87.0,No,15695 days
3177,2,1,0.0,0.0,No,No,No,248.0,121.0,72.0,27.88,64.0,88.0,No,16425 days
3178,3,0,0.0,0.0,No,No,No,278.0,131.0,93.0,31.4,80.0,66.0,No,17885 days
3179,2,1,20.0,0.0,No,No,No,223.0,119.5,87.0,23.56,70.0,73.0,No,15330 days
3180,1,0,0.0,0.0,No,No,No,331.0,128.0,84.0,21.18,70.0,76.0,No,20075 days
3181,4,1,20.0,0.0,No,Yes,No,271.0,164.0,98.0,26.05,94.0,81.0,Yes,16425 days
3182,1,0,0.0,0.0,No,Yes,No,267.0,152.0,89.0,28.49,94.0,103.0,No,19345 days
3183,2,1,5.0,0.0,No,No,No,188.0,113.0,81.0,26.44,85.0,87.0,No,14235 days
3184,2,1,10.0,0.0,No,No,No,226.0,117.5,72.0,20.71,72.0,73.0,No,13870 days
3185,3,0,0.0,0.0,No,Yes,No,252.0,151.5,95.0,25.74,78.0,73.0,No,15330 days
3186,1,1,5.0,0.0,No,No,No,235.0,120.0,81.0,23.36,86.0,80.0,No,17520 days
3187,1,0,0.0,0.0,No,No,No,164.0,126.0,79.0,27.89,66.0,69.0,No,22630 days
3188,1,0,0.0,0.0,No,Yes,No,190.0,148.0,90.0,27.13,72.0,86.0,No,22995 days
3189,2,0,0.0,0.0,No,No,No,165.0,120.0,66.5,21.45,71.0,74.0,No,17885 days
3190,4,1,10.0,0.0,No,No,No,229.0,97.5,72.0,18.99,80.0,81.96365524402907,Yes,16790 days
3191,1,1,30.0,0.0,No,No,No,175.0,150.0,88.0,22.72,56.0,81.96365524402907,Yes,20075 days
3192,4,1,9.0,0.0,No,No,No,207.0,95.5,70.0,19.78,93.0,79.0,No,15695 days
3193,2,0,0.0,0.0,No,No,No,155.0,116.0,81.5,25.56,72.0,82.0,No,16425 days
3194,1,1,9.0,0.0,No,No,No,220.0,105.0,69.0,24.69,110.0,87.0,No,13870 days
3195,1,1,30.0,0.0,No,Yes,No,187.0,140.0,94.0,24.3,100.0,67.0,Yes,16790 days
3196,4,0,0.0,0.0,No,No,No,195.0,124.0,80.0,23.96,52.0,73.0,No,17520 days
3197,1,1,20.0,0.0,No,No,No,218.0,130.0,87.0,24.1,72.0,64.0,No,16425 days
3198,1,0,0.0,0.0,No,No,No,225.0,132.0,80.0,28.41,58.0,88.0,No,21535 days
3199,3,0,0.0,0.0,No,No,No,237.0,104.0,74.0,23.02,60.0,77.0,No,15695 days
3200,2,1,20.0,0.0,No,Yes,No,297.0,142.0,91.0,35.02,87.0,86.0,No,16425 days
3201,1,1,20.0,0.0,No,No,No,277.0,120.0,80.0,19.72,60.0,75.0,No,17885 days
3202,3,1,23.0,0.0,No,Yes,No,165.0,128.0,80.0,25.62,90.0,85.0,No,13870 days
3203,1,1,9.0,0.0,No,Yes,Yes,214.0,144.0,92.0,22.73,72.0,57.0,No,17155 days
3204,1,0,0.0,0.0,No,No,No,275.0,105.0,86.0,32.92,75.0,92.0,No,16425 days
3205,1,0,0.0,0.0,No,No,No,224.0,140.0,88.0,23.79,80.0,86.0,No,17885 days
3206,4,0,0.0,0.0,No,No,No,253.0,122.0,81.0,27.98,75.0,93.0,No,13505 days
3207,3,1,20.0,0.0,No,No,No,205.0,136.5,92.5,31.05,70.0,81.96365524402907,Yes,18980 days
3208,1,0,0.0,0.0,No,No,No,184.0,137.5,88.5,16.48,100.0,68.0,No,13505 days
3209,1,1,6.0,0.0,No,No,No,216.0,127.5,82.5,27.15,70.0,67.0,No,16425 days
3210,1,0,0.0,0.0,No,No,No,206.0,124.0,80.0,23.04,66.0,60.0,No,20805 days
3211,1,0,0.0,0.0,No,Yes,No,313.0,170.0,107.0,27.78,95.0,62.0,No,16790 days
3212,2,1,30.0,0.0,No,No,No,208.0,138.5,85.5,23.85,82.0,64.0,No,17520 days
3213,1,1,40.0,0.0,No,No,No,210.0,154.0,91.0,26.25,88.0,82.0,No,16790 days
3214,1,0,0.0,0.0,No,No,No,194.0,199.5,107.0,26.84,60.0,69.0,Yes,20805 days
3215,1,0,0.0,0.0,No,Yes,No,226.0,141.0,84.0,27.6,69.0,73.0,No,20075 days
3216,1,0,0.0,0.0,No,Yes,No,219.0,161.0,103.0,29.06,94.0,106.0,No,14235 days
3217,2,0,0.0,0.0,No,No,No,196.0,126.0,85.0,22.81,73.0,96.0,No,14600 days
3218,1,1,20.0,0.0,No,No,No,225.0,111.0,71.0,23.43,95.0,85.0,No,15330 days
3219,4,0,0.0,0.0,No,No,No,260.0,137.0,70.0,24.83,92.0,78.0,No,22265 days
3220,2,0,0.0,1.0,No,Yes,No,279.0,152.0,102.0,30.43,95.0,78.0,Yes,23725 days
3221,1,1,5.0,0.0,No,No,No,195.0,109.0,69.0,23.24,70.0,70.0,No,13140 days
3222,1,0,0.0,0.0,No,No,No,200.0,128.0,82.0,23.24,80.0,73.0,No,16060 days
3223,2,1,20.0,0.0,No,No,No,258.0,123.0,70.0,19.72,80.0,71.0,No,18250 days
3224,1,0,0.0,0.0,No,No,No,202.0,124.0,92.0,21.26,75.0,74.0,No,15695 days
3225,1,0,0.0,0.0,No,Yes,No,236.0,152.0,92.0,24.47,120.0,67.0,Yes,18250 days
3226,1,1,20.0,0.0,No,No,No,203.0,120.0,70.0,21.26,80.0,63.0,No,14965 days
3227,2,1,15.0,0.0,No,No,No,300.0,120.0,78.0,28.18,75.0,106.0,Yes,15695 days
3228,1,1,25.0,0.0,No,No,No,172.0,108.0,73.0,22.5,85.0,73.0,No,14965 days
3229,1,0,0.0,0.0,No,No,No,290.0,132.0,81.0,27.86,85.0,92.0,No,20075 days
3230,2,1,3.0,0.0,No,No,No,187.0,136.5,84.0,25.08,63.0,68.0,No,21170 days
3231,3,1,6.0,0.0,No,Yes,No,315.0,165.0,85.0,32.89,110.0,91.0,No,16790 days
3232,4,0,0.0,0.0,No,No,No,201.0,128.5,73.0,24.56,85.0,82.0,No,16425 days
3233,1,0,0.0,0.0,No,Yes,No,263.0,193.0,95.0,27.07,115.0,94.0,Yes,24090 days
3234,4,1,20.0,0.0,No,No,No,304.0,110.0,72.0,20.88,85.0,75.0,Yes,17155 days
3235,3,0,0.0,0.0,No,No,No,204.0,119.0,80.0,24.03,85.0,87.0,No,18615 days
3236,4,0,0.0,0.0,No,No,No,255.0,117.0,77.0,26.35,90.0,76.0,No,16790 days
3237,1,1,20.0,0.0,No,No,No,200.0,115.0,80.0,26.66,60.0,81.0,No,15695 days
3238,1,0,0.0,0.0,No,Yes,No,327.0,134.0,93.0,25.14,70.0,72.0,Yes,15330 days
3239,1,1,20.0,0.0,No,No,No,272.0,131.0,85.0,21.82,70.0,80.0,No,23360 days
3240,2,1,20.0,0.0,No,No,No,230.0,134.0,92.0,28.44,75.0,56.0,No,14235 days
3241,2,1,1.0,0.0,No,Yes,No,285.0,132.5,97.5,24.74,98.0,77.0,No,16425 days
3242,3,1,35.0,0.0,No,Yes,Yes,281.0,133.0,93.0,32.27,115.0,80.0,No,18980 days
3243,2,0,0.0,0.0,No,No,No,258.0,129.0,84.0,24.56,80.0,75.0,No,18250 days
3244,1,0,0.0,0.0,No,No,No,235.0,146.0,92.0,26.85,80.0,108.0,No,21900 days
3245,1,0,0.0,0.0,No,No,No,265.0,135.0,80.0,27.94,50.0,80.0,No,22630 days
3246,4,0,0.0,0.0,No,No,No,230.0,115.5,85.0,30.75,48.0,85.0,No,18615 days
3247,1,1,40.0,0.0,No,No,No,212.0,122.5,73.0,22.34,75.0,74.0,No,18615 days
3248,1,1,20.0,0.0,No,No,No,272.0,123.0,75.0,23.08,80.0,63.0,No,14600 days
3249,1,0,0.0,0.0,No,No,No,275.0,131.0,80.0,25.79,94.0,84.0,No,14235 days
3250,3,1,20.0,0.0,No,No,No,281.0,119.0,81.0,23.72,80.0,65.0,No,17155 days
3251,3,1,20.0,0.0,No,No,No,259.0,129.0,81.0,21.08,75.0,65.0,No,17520 days
3252,4,1,30.0,0.0,No,No,No,205.0,131.0,81.0,23.74,66.0,87.0,No,14600 days
3253,3,1,20.0,0.0,No,No,No,202.0,114.0,78.0,26.61,82.0,87.0,No,15695 days
3254,4,1,30.0,0.0,No,No,No,342.0,110.0,70.0,28.86,72.0,87.0,Yes,18615 days
3255,3,1,30.0,0.0,No,Yes,No,239.0,168.0,100.0,27.87,65.0,96.0,Yes,21535 days
3256,4,0,0.0,0.0,No,Yes,Yes,254.0,145.0,85.0,21.27,75.0,137.0,No,16060 days
3257,4,1,6.0,0.0,No,Yes,No,239.0,143.0,84.0,20.06,55.0,73.0,No,23360 days
3258,4,0,0.0,0.0,No,No,No,268.0,108.0,69.0,25.14,65.0,67.0,No,18250 days
3259,4,0,0.0,0.0,No,No,No,165.0,108.0,75.0,21.84,75.0,83.0,No,13505 days
3260,4,0,0.0,0.0,No,No,No,265.0,121.0,82.0,23.52,60.0,67.0,No,19710 days
3261,3,1,10.0,0.0,No,No,No,227.0,122.0,80.0,25.64,58.0,80.0,No,21900 days
3262,3,0,0.0,0.0,No,No,No,286.0,117.0,73.0,20.92,85.0,103.0,No,25185 days
3263,2,1,20.0,0.0,No,No,No,226.0,124.5,84.5,21.63,68.0,74.0,No,13140 days
3264,1,1,2.0,0.0,No,No,No,261.0,127.0,81.0,20.24,75.0,96.0,No,18615 days
3265,2,1,43.0,0.0,No,No,No,224.0,106.0,72.0,23.59,82.0,71.0,No,14600 days
3266,2,0,0.0,0.0,No,No,No,225.0,105.5,74.0,25.68,50.0,93.0,No,21170 days
3267,1,1,20.0,0.0,No,Yes,No,316.0,135.0,95.0,25.48,75.0,68.0,No,16060 days
3268,3,0,0.0,0.0,No,No,No,216.0,113.5,77.0,28.23,64.0,77.0,No,16060 days
3269,1,1,5.0,0.0,No,No,No,197.0,102.0,70.5,24.68,83.0,45.0,No,15330 days
3270,1,1,30.0,0.0,No,No,No,305.0,118.5,73.0,20.99,70.0,84.0,No,17520 days
3271,1,0,0.0,0.0,No,Yes,No,185.0,121.0,85.0,31.31,80.0,97.0,No,16790 days
3272,2,0,0.0,0.0,No,No,No,194.0,117.0,78.0,24.94,65.0,79.0,No,16060 days
3273,3,1,20.0,0.0,No,No,No,167.0,115.0,70.0,22.71,75.0,100.0,No,17155 days
3274,1,1,43.0,0.0,No,No,No,270.0,116.5,87.0,28.53,75.0,71.0,No,16790 days
3275,2,1,2.0,0.0,No,No,No,159.0,99.0,62.0,19.09,80.0,67.0,No,14965 days
3276,1,1,20.0,0.0,No,No,No,260.0,115.0,79.0,23.65,56.0,78.0,No,22265 days
3277,2,0,0.0,0.0,No,No,No,218.0,122.0,75.0,18.11,100.0,85.0,No,15330 days
3278,1,1,4.0,0.0,No,Yes,No,232.0,151.0,74.0,24.14,75.0,62.0,No,25185 days
3279,1,0,0.0,0.0,No,No,No,307.0,142.0,94.0,25.7,85.0,60.0,No,19345 days
3280,3,1,20.0,0.0,No,No,No,241.0,112.0,66.0,23.36,75.0,74.0,No,24090 days
3281,2,1,20.0,0.0,No,No,No,229.0,117.0,78.0,22.79,85.0,86.0,No,16425 days
3282,2,1,20.0,0.0,No,No,No,200.0,123.0,85.0,25.63,90.0,84.0,No,13870 days
3283,3,1,30.0,0.0,No,No,No,200.0,112.0,74.5,23.37,75.0,62.0,No,21170 days
3284,2,1,10.0,0.0,No,No,No,194.0,112.5,77.5,21.51,67.0,84.0,No,14235 days
3285,2,1,20.0,0.0,No,No,No,236.69952267303103,121.0,70.0,23.09,80.0,83.0,No,17155 days
3286,1,0,0.0,0.0,No,Yes,No,290.0,164.5,102.0,30.33,70.0,105.0,No,20440 days
3287,2,1,5.0,0.0,No,No,No,175.0,130.0,80.0,19.18,75.0,117.0,No,16060 days
3288,2,0,0.0,0.0,No,No,No,239.0,127.0,88.5,27.2,90.0,78.0,No,21535 days
3289,1,0,0.0,0.0,No,Yes,No,242.0,142.5,85.0,28.25,75.0,73.0,No,22995 days
3290,4,0,0.0,0.0,No,No,No,221.0,155.0,92.0,31.34,58.0,81.96365524402907,No,23725 days
3291,3,0,0.0,0.0,No,No,No,199.0,124.5,84.5,24.45,74.0,81.96365524402907,No,15695 days
3292,3,1,15.0,0.0,No,No,No,205.0,120.0,80.0,20.67,86.0,64.0,No,14965 days
3293,2,1,20.0,0.0,No,No,No,283.0,137.0,82.0,28.49,75.0,85.0,No,20075 days
3294,1,0,0.0,0.0,No,No,No,193.0,124.5,72.0,26.84,75.0,80.0,No,16790 days
3295,1,1,20.0,0.0,No,No,No,250.0,112.5,60.0,22.72,82.0,74.0,No,16790 days
3296,2,1,1.0,0.0,No,Yes,No,250.0,148.0,94.0,30.08,85.0,81.96365524402907,No,14235 days
3297,1,0,0.0,0.0,No,No,No,215.0,128.0,86.5,22.72,89.0,85.0,No,17520 days
3298,3,1,20.0,0.0,No,No,No,267.0,119.0,65.0,29.15,83.0,75.0,Yes,16790 days
3299,1,1,4.0,0.0,No,No,No,253.0,120.0,77.5,24.53,70.0,98.0,No,17520 days
3300,1,0,0.0,0.0,No,No,Yes,213.0,136.5,87.0,25.51,58.0,119.0,No,20805 days
3301,2,1,20.0,0.0,No,No,No,165.0,101.0,59.0,23.06,60.0,76.0,No,14600 days
3302,1,1,20.0,0.0,No,No,No,262.0,129.0,85.0,21.77,80.0,74.0,No,22265 days
3303,1,0,0.0,0.0,No,No,No,259.0,139.0,79.0,29.34,70.0,71.0,Yes,17155 days
3304,2,1,11.0,0.0,No,No,No,229.0,127.0,76.5,23.48,65.0,64.0,No,17155 days
3305,1,1,9.0,0.0,No,No,No,200.0,119.0,75.0,22.91,57.0,69.0,No,15330 days
3306,3,0,0.0,0.0,No,No,No,193.0,114.0,80.0,28.41,60.0,88.0,No,20440 days
3307,1,0,0.0,0.0,No,No,No,225.0,110.0,60.0,25.54,75.0,58.0,No,14965 days
3308,1,1,43.0,0.0,No,No,No,216.0,138.0,91.0,22.67,72.0,81.96365524402907,Yes,14600 days
3309,2,1,0.0,0.0,No,No,No,235.0,127.5,76.0,21.02,81.0,135.0,No,21170 days
3310,4,1,40.0,0.0,No,No,No,247.0,133.0,77.5,33.99,81.0,95.0,Yes,17520 days
3311,1,1,20.0,0.0,No,No,No,177.0,119.0,82.5,21.18,60.0,88.0,No,23725 days
3312,1,1,9.0,0.0,No,No,No,259.0,134.5,87.0,22.91,70.0,91.0,No,22265 days
3313,3,1,9.0,0.0,No,No,No,275.0,102.0,70.5,20.4,65.0,81.96365524402907,No,18980 days
3314,1,0,0.0,0.0,Yes,No,No,220.0,124.0,75.5,24.71,65.0,68.0,No,17155 days
3315,2,1,16.0,0.0,No,Yes,No,243.0,159.0,100.0,27.78,78.0,71.0,No,14965 days
3316,1,0,0.0,0.0,No,No,No,346.0,118.5,81.0,34.56,70.0,81.96365524402907,No,17155 days
3317,1,1,9.0,0.0,No,No,No,235.0,108.5,73.5,21.76,65.0,102.0,No,21900 days
3318,3,1,20.0,0.0,No,No,No,254.0,119.0,62.5,28.78,70.0,69.0,No,13505 days
3319,2,1,25.0,0.0,No,No,No,215.0,110.0,67.0,23.1,63.0,84.0,No,13140 days
3320,4,0,0.0,1.0,No,Yes,No,264.0,181.0,112.5,24.8,74.0,77.0,Yes,18980 days
3321,2,0,0.0,0.0,No,Yes,Yes,265.0,143.5,85.0,21.68,91.0,107.0,No,21170 days
3322,1,1,3.0,0.0,No,Yes,No,225.0,177.5,120.0,25.48,72.0,96.0,Yes,20805 days
3323,3,1,20.0,0.0,No,No,No,198.0,119.0,80.0,22.18,78.0,79.0,No,16425 days
3324,2,1,10.0,0.0,No,No,No,226.0,125.0,75.0,24.0,75.0,73.0,No,21170 days
3325,1,1,5.0,0.0,No,Yes,No,243.0,157.0,96.0,28.83,75.0,71.0,No,22630 days
3326,3,0,0.0,0.0,No,No,No,235.0,102.0,74.5,19.22,67.0,83.0,No,22265 days
3327,4,1,25.0,0.0,No,No,Yes,241.0,111.0,78.0,27.78,85.0,167.0,Yes,16060 days
3328,3,0,0.0,0.0,No,No,No,175.0,131.0,52.0,24.95,75.0,77.0,No,17520 days
3329,1,1,3.0,0.0,No,No,No,194.0,122.0,68.0,26.08,60.0,73.0,No,23725 days
3330,1,1,15.0,0.0,No,No,No,212.0,138.0,86.5,24.88,60.0,81.96365524402907,No,18980 days
3331,1,0,0.0,0.0,No,No,No,186.0,124.0,80.0,29.7,75.0,102.0,No,14235 days
3332,3,0,0.0,0.0,No,No,No,193.0,106.5,70.5,26.18,75.0,81.96365524402907,No,16790 days
3333,1,1,3.0,0.0,No,No,No,173.0,125.0,75.0,25.67,65.0,102.0,No,14600 days
3334,1,1,20.0,0.0,No,Yes,No,228.0,141.0,82.0,25.84,82.0,81.0,Yes,22995 days
3335,2,0,0.0,0.0,No,Yes,No,200.0,141.0,87.0,24.04,75.0,70.0,No,14235 days
3336,2,0,0.0,0.0,No,No,No,240.0,107.5,70.0,26.76,67.0,102.0,No,18250 days
3337,1,1,20.0,0.0,No,Yes,No,253.0,159.0,100.0,27.31,64.0,70.0,No,16790 days
3338,2,1,30.0,0.0,No,No,No,198.0,143.0,87.0,20.86,85.0,79.0,Yes,17155 days
3339,2,0,0.0,1.0,No,Yes,No,209.0,133.0,93.0,25.80080075811419,80.0,81.96365524402907,Yes,22265 days
3340,1,0,0.0,1.0,No,Yes,No,285.0,160.0,87.0,29.97,65.0,87.0,No,23360 days
3341,2,1,20.0,0.0,No,Yes,No,254.0,154.5,93.0,21.82,85.0,89.0,No,21535 days
3342,3,0,0.0,0.0,No,No,No,297.0,133.5,92.0,25.09,80.0,74.0,No,22995 days
3343,2,1,20.0,0.0,No,No,No,326.0,112.0,83.0,20.82,104.0,70.0,Yes,18615 days
3344,1,1,30.0,0.0,No,Yes,No,190.0,147.5,92.5,31.31,77.0,82.0,No,17155 days
3345,2,1,15.0,0.0,No,No,No,150.0,123.0,76.0,20.39,60.0,82.0,No,13870 days
3346,1,0,0.0,0.0,No,No,No,288.0,135.0,88.0,25.23,85.0,79.0,No,16425 days
3347,1,0,0.0,0.0,No,No,No,195.0,113.0,77.0,25.51,80.0,96.0,No,22265 days
3348,2,1,5.0,0.0,No,Yes,No,290.0,168.0,103.0,29.11,80.0,64.0,Yes,18615 days
3349,4,1,20.0,0.0,No,No,No,257.0,117.5,82.5,24.62,58.0,86.0,No,16425 days
3350,1,0,0.0,0.0,No,No,No,197.0,138.0,80.0,31.82,72.0,73.0,No,19710 days
3351,2,1,15.0,0.0,No,Yes,No,259.0,195.0,110.0,20.09,75.0,63.0,Yes,23360 days
3352,4,0,0.0,0.0,No,No,No,232.0,125.0,83.0,22.17,70.0,77.0,No,17885 days
3353,3,0,0.0,1.0,No,Yes,No,223.0,159.0,102.0,28.3,62.0,83.0,No,21535 days
3354,1,1,15.0,0.0,No,No,No,240.0,126.0,84.0,25.82,73.0,60.0,No,17520 days
3355,1,0,0.0,0.0,No,Yes,No,306.0,140.0,94.0,23.95,65.0,70.0,No,17520 days
3356,3,1,20.0,0.0,No,No,No,291.0,134.5,80.0,22.49,77.0,70.0,No,22995 days
3357,4,0,0.0,0.0,No,No,No,275.0,115.0,78.0,28.52,73.0,79.0,Yes,20075 days
3358,1,1,9.0,0.0,No,No,No,231.0,110.0,80.0,19.12,78.0,70.0,No,15330 days
3359,1,0,0.0,0.0,No,No,No,274.0,144.5,91.5,26.08,67.0,63.0,No,21535 days
3360,2,0,0.0,0.0,No,Yes,No,272.0,149.5,86.0,26.91,85.0,62.0,No,23360 days
3361,2,0,0.0,0.0,No,Yes,No,261.0,142.0,90.0,28.58,95.0,84.0,No,18615 days
3362,3,1,40.0,0.0,No,No,No,250.0,114.0,82.0,24.39,65.0,62.0,No,19710 days
3363,1,0,0.0,0.0,No,Yes,No,312.0,150.0,74.0,25.59,72.0,90.0,Yes,24090 days
3364,1,1,15.0,0.0,No,Yes,No,253.0,159.0,89.0,23.68,100.0,81.96365524402907,Yes,18980 days
3365,1,0,0.0,0.0,No,No,No,233.0,128.0,86.5,35.31,83.0,76.0,No,13140 days
3366,2,0,0.0,0.0,No,Yes,No,320.0,165.0,84.0,38.31,80.0,99.0,No,19710 days
3367,3,0,0.0,0.0,No,No,No,231.0,102.5,66.0,23.4,70.0,78.0,No,17155 days
3368,1,0,0.0,0.0,No,No,No,181.0,112.0,75.5,25.14,72.0,95.0,No,14965 days
3369,4,1,40.0,0.0,No,No,No,260.0,127.5,75.0,25.35,65.0,103.0,Yes,22630 days
3370,1,0,0.0,0.0,No,No,No,274.0,143.5,93.0,26.82,79.0,63.0,No,23725 days
3371,1,0,0.0,0.0,No,Yes,No,234.0,143.0,90.0,29.36,70.0,86.0,Yes,18250 days
3372,3,1,15.0,0.0,No,No,No,215.0,121.5,81.5,28.45,71.0,98.0,No,20075 days
3373,4,0,0.0,0.0,No,No,No,154.0,98.0,66.0,22.86,63.0,82.0,No,18615 days
3374,4,1,30.0,0.0,No,No,No,210.0,120.0,72.0,23.8,75.0,97.0,No,13505 days
3375,2,0,0.0,0.0,No,No,No,257.0,144.0,95.0,29.25,80.0,77.0,No,24820 days
3376,1,1,20.0,0.0,No,Yes,No,253.0,141.0,92.0,24.1,75.0,76.0,No,21900 days
3377,1,0,0.0,0.0,No,No,No,205.0,133.0,93.0,27.82,68.0,60.0,No,17155 days
3378,1,0,0.0,0.0,No,No,No,184.0,102.0,73.0,25.69,86.0,78.0,No,13870 days
3379,3,1,20.0,0.0,No,No,No,221.0,116.5,81.0,25.85,65.0,75.0,No,17155 days
3380,1,1,5.0,0.0,No,No,No,262.0,141.0,88.0,25.21,80.0,81.96365524402907,No,17520 days
3381,2,0,0.0,0.0,No,Yes,No,227.0,158.0,105.0,27.22,60.0,96.0,Yes,18615 days
3382,1,0,0.0,0.0,No,Yes,No,254.0,168.0,92.0,31.63,80.0,90.0,No,22265 days
3383,1,1,43.0,0.0,No,Yes,No,240.0,128.5,87.5,31.5,80.0,81.96365524402907,No,20440 days
3384,2,0,0.0,0.0,No,No,No,245.0,139.0,84.0,28.76,95.0,68.0,No,14965 days
3385,1,1,15.0,0.0,No,No,No,206.0,125.0,72.0,21.14,80.0,74.0,No,17155 days
3386,2,1,25.0,0.0,No,No,No,330.0,119.0,86.0,26.3,86.0,81.96365524402907,No,18250 days
3387,2,1,30.0,0.0,No,No,No,249.0,112.0,70.0,22.79,56.0,76.0,No,13505 days
3388,1,1,20.0,0.0,No,No,No,163.0,138.0,80.0,31.08,70.0,70.0,No,21535 days
3389,1,1,20.0,0.0,No,No,No,265.0,110.0,65.0,24.45,69.0,70.0,No,18250 days
3390,1,0,0.0,0.0,No,No,No,178.0,113.0,78.0,31.93,64.0,74.0,No,16060 days
3391,1,0,0.0,0.0,No,Yes,No,217.0,182.0,86.0,26.98,105.0,113.0,No,22265 days
3392,3,1,5.0,0.0,No,No,No,214.0,121.0,84.0,24.68,80.0,74.0,No,15695 days
3393,1,0,0.0,0.0,No,No,No,157.0,130.0,87.0,28.73,72.0,47.0,No,22630 days
3394,4,1,9.0,0.0,No,No,No,382.0,140.0,94.0,21.2,98.0,70.0,No,20805 days
3395,1,1,20.0,0.0,No,No,No,228.0,122.5,87.0,31.6,100.0,73.0,No,14235 days
3396,2,1,20.0,0.0,No,No,No,179.0,111.0,80.0,20.87,72.0,76.0,No,16790 days
3397,1,1,20.0,0.0,No,Yes,No,270.0,160.5,106.5,30.33,75.0,65.0,No,17885 days
3398,2,1,3.0,0.0,No,No,No,239.0,103.0,67.0,26.58,66.0,73.0,No,16060 days
3399,4,0,0.0,0.0,No,No,No,288.0,118.5,71.0,26.18,68.0,87.0,No,22630 days
3400,1,1,20.0,0.0,No,Yes,No,281.0,165.0,108.0,24.14,75.0,66.0,No,20075 days
3401,4,1,9.0,0.0,No,No,No,229.0,140.0,89.5,25.96,80.0,83.0,No,21170 days
3402,1,1,11.0,1.0,No,Yes,No,228.0,132.5,55.0,19.97,90.0,83.0,Yes,19345 days
3403,2,1,30.0,0.0,No,No,No,250.0,123.0,76.0,21.66,55.0,78.0,No,16790 days
3404,1,0,0.0,0.0,No,Yes,No,258.0,162.0,97.5,30.53,76.0,87.0,No,22630 days
3405,4,0,0.0,0.0,No,No,No,225.0,132.0,88.0,23.35,72.0,69.0,No,18980 days
3406,2,1,20.0,0.0,No,No,No,212.0,112.0,63.5,25.2,80.0,76.0,Yes,14965 days
3407,1,1,40.0,0.0,No,No,No,158.0,150.5,87.0,21.44,75.0,98.0,Yes,16060 days
3408,1,0,0.0,0.0,No,No,No,280.0,135.5,72.5,22.38,96.0,81.96365524402907,No,21535 days
3409,1,0,0.0,0.0,No,Yes,No,241.0,153.0,106.0,26.94,98.0,84.0,No,21170 days
3410,4,1,10.0,0.0,No,No,No,240.0,112.0,83.0,24.1,75.0,77.0,No,18615 days
3411,1,1,9.0,0.0,No,No,No,188.0,113.0,82.0,29.01,74.0,93.0,No,22995 days
3412,3,0,0.0,0.0,No,No,No,204.0,108.0,70.5,27.71,75.0,65.0,No,15330 days
3413,1,0,0.0,0.0,No,Yes,No,229.0,142.0,92.0,25.21,72.0,76.0,No,16060 days
3414,2,0,0.0,0.0,No,No,No,286.0,153.0,87.0,27.64,75.0,83.0,No,20805 days
3415,2,1,20.0,0.0,No,No,No,346.0,130.0,80.0,22.54,83.0,77.0,No,17885 days
3416,4,0,0.0,0.0,No,No,No,219.0,108.0,65.0,22.19,70.0,76.0,No,19345 days
3417,1,0,0.0,0.0,No,No,No,250.0,123.0,75.0,25.91,65.0,71.0,No,19710 days
3418,1,0,0.0,0.0,No,Yes,No,361.0,167.0,100.0,27.31,85.0,103.0,Yes,22995 days
3419,1,1,20.0,0.0,No,No,No,197.0,113.0,70.0,23.72,67.0,67.0,No,22995 days
3420,4,0,0.0,0.0,No,No,No,238.0,125.0,77.5,22.9,95.0,77.0,No,15330 days
3421,2,1,25.0,0.0,No,No,No,232.0,129.0,83.0,28.08,75.0,68.0,No,14965 days
3422,1,0,0.0,0.0,No,Yes,No,260.0,167.0,96.0,29.04,65.0,82.0,No,24090 days
3423,1,0,0.0,0.0,No,Yes,No,220.0,151.0,102.0,25.82,95.0,85.0,No,18980 days
3424,3,0,0.0,0.0,No,No,No,281.0,127.0,79.5,22.83,84.0,80.0,No,17520 days
3425,2,1,20.0,0.0,No,Yes,No,256.0,128.0,90.0,23.65,105.0,102.0,No,19345 days
3426,4,0,0.0,0.0,No,No,No,333.0,122.0,80.0,24.39,75.0,80.0,No,16425 days
3427,1,1,20.0,0.0,No,Yes,No,208.0,119.0,66.0,28.09,75.0,66.0,No,14600 days
3428,1,1,40.0,0.0,No,Yes,No,215.0,145.5,92.5,28.35,75.0,94.0,No,14235 days
3429,1,0,0.0,0.0,No,Yes,No,230.0,168.5,97.0,26.36,57.0,77.0,No,18615 days
3430,1,1,25.0,0.0,No,Yes,No,232.0,165.0,86.0,23.86,78.0,68.0,No,16425 days
3431,2,0,0.0,0.0,No,No,No,210.0,133.0,85.5,25.14,75.0,90.0,No,16060 days
3432,1,1,0.0,0.0,No,Yes,No,213.0,163.0,91.0,28.66,69.0,66.0,No,20075 days
3433,4,1,3.0,0.0,No,No,No,266.0,114.0,72.0,22.64,65.0,83.0,No,20440 days
3434,1,1,9.0,0.0,No,No,No,255.0,115.0,67.0,26.97,83.0,58.0,No,18615 days
3435,2,0,0.0,0.0,No,No,No,240.0,132.0,89.5,29.35,75.0,103.0,No,15330 days
3436,1,0,0.0,0.0,No,No,No,285.0,135.0,86.0,27.78,88.0,93.0,No,18980 days
3437,1,1,20.0,0.0,No,No,No,203.0,101.5,67.0,24.43,65.0,74.0,No,13140 days
3438,4,0,0.0,0.0,No,No,No,236.0,124.0,80.0,21.5,65.0,60.0,No,15330 days
3439,1,1,20.0,0.0,No,No,No,170.0,122.0,70.0,23.62,90.0,73.0,Yes,17520 days
3440,3,1,3.0,0.0,No,No,No,271.0,112.5,60.0,23.29,60.0,61.0,No,18250 days
3441,1,1,5.0,0.0,No,No,No,180.0,118.0,80.0,29.59,75.0,84.0,No,13140 days
3442,1,1,20.0,0.0,No,No,No,263.0,112.0,61.0,24.46,68.0,95.0,No,22630 days
3443,2,0,0.0,0.0,No,Yes,No,194.0,148.0,89.0,23.48,100.0,101.0,No,22265 days
3444,1,1,5.0,0.0,No,Yes,No,222.0,147.0,94.0,26.79,76.0,71.0,No,13140 days
3445,1,1,2.0,0.0,No,No,No,271.0,146.0,92.0,23.07,75.0,83.0,Yes,21170 days
3446,4,0,0.0,0.0,No,Yes,No,310.0,147.5,90.0,32.09,67.0,73.0,Yes,20805 days
3447,2,0,0.0,0.0,No,Yes,No,221.0,136.0,90.0,28.3,100.0,80.0,No,17885 days
3448,4,0,0.0,0.0,No,No,No,241.0,129.0,86.0,20.41,65.0,67.0,No,17520 days
3449,1,1,10.0,1.0,No,Yes,Yes,241.0,174.0,97.0,29.22,90.0,135.0,Yes,20440 days
3450,2,1,20.0,0.0,No,Yes,No,231.0,128.0,87.0,26.3,82.0,93.0,No,22265 days
3451,3,0,0.0,0.0,No,No,No,242.0,108.0,77.0,22.91,68.0,80.0,No,18615 days
3452,2,1,9.0,0.0,No,No,No,195.0,126.0,81.0,22.26,84.0,77.0,No,15330 days
3453,2,1,20.0,0.0,No,Yes,No,206.0,159.5,93.5,18.53,75.0,58.0,No,21170 days
3454,4,0,0.0,0.0,No,Yes,No,254.0,138.0,96.0,29.73,63.0,69.0,No,17155 days
3455,1,1,20.0,0.0,No,No,No,231.0,126.0,76.0,20.17,100.0,81.96365524402907,No,18250 days
3456,3,1,20.0,0.0,No,Yes,No,287.0,139.0,88.0,26.55,110.0,81.96365524402907,Yes,18980 days
3457,4,0,0.0,0.0,No,No,No,216.0,125.0,72.0,24.98,75.0,95.0,No,18980 days
3458,3,1,15.0,0.0,No,No,Yes,245.0,132.0,77.0,23.01,76.0,207.0,No,20805 days
3459,2,0,0.0,0.0,No,No,No,219.0,120.0,72.5,22.35,76.0,92.0,No,22265 days
3460,1,0,0.0,0.0,No,Yes,No,312.0,156.0,105.0,22.35,77.0,82.0,No,22630 days
3461,2,1,15.0,0.0,No,Yes,No,214.0,142.0,66.0,24.47,95.0,94.0,No,20440 days
3462,1,0,0.0,0.0,No,No,No,178.0,123.0,79.0,26.36,74.0,78.0,Yes,20805 days
3463,1,1,30.0,0.0,No,No,No,248.0,135.0,85.0,23.06,80.0,61.0,No,21900 days
3464,1,1,20.0,0.0,No,No,No,259.0,108.0,81.0,22.81,80.0,72.0,No,18250 days
3465,1,1,5.0,0.0,No,No,No,267.0,115.0,72.5,20.72,70.0,81.96365524402907,No,19710 days
3466,1,0,0.0,0.0,No,No,No,248.0,128.0,83.5,25.88,68.0,75.0,No,18980 days
3467,3,0,0.0,0.0,No,No,No,230.0,135.0,85.0,19.18,86.0,89.0,No,19710 days
3468,4,1,1.0,0.0,No,No,No,253.0,118.0,68.0,22.72,68.0,110.0,No,16060 days
3469,1,0,0.0,0.0,No,No,No,249.0,138.0,72.0,25.02,60.0,70.0,No,21535 days
3470,4,0,0.0,0.0,No,Yes,No,282.0,175.0,79.0,28.24,57.0,67.0,No,22630 days
3471,3,0,0.0,0.0,No,No,No,230.0,128.5,87.5,23.75,82.0,62.0,No,16425 days
3472,4,1,25.0,0.0,No,No,No,258.0,112.0,78.0,28.57,80.0,70.0,No,14600 days
3473,2,0,0.0,0.0,No,Yes,No,245.0,144.5,95.0,27.15,70.0,45.0,No,15695 days
3474,2,1,15.0,0.0,No,Yes,No,453.0,158.0,108.0,28.89,90.0,110.0,No,15330 days
3475,1,0,0.0,0.0,No,No,No,156.0,110.0,74.0,20.79,56.0,76.0,No,14600 days
3476,2,0,0.0,0.0,No,No,No,165.0,115.0,80.0,26.79,75.0,78.0,No,17520 days
3477,2,0,0.0,0.0,No,No,No,232.0,127.0,79.0,30.79,75.0,54.0,No,15695 days
3478,4,1,20.0,0.0,No,Yes,No,232.0,151.5,110.0,26.89,68.0,69.0,No,21535 days
3479,4,0,0.0,0.0,No,No,No,250.0,133.0,89.5,27.13,90.0,81.96365524402907,No,21900 days
3480,1,0,0.0,0.0,No,Yes,No,222.0,159.0,90.0,21.9,80.0,95.0,Yes,22995 days
3481,1,1,3.0,0.0,No,Yes,No,238.0,158.0,74.0,35.68,69.0,98.0,No,18250 days
3482,2,0,0.0,0.0,No,Yes,No,256.0,123.0,92.0,25.42,62.0,82.0,No,13870 days
3483,2,1,1.0,0.0,No,No,No,194.0,100.5,69.0,17.92,75.0,73.0,No,12775 days
3484,1,0,0.0,0.0,No,Yes,No,254.0,166.0,107.0,21.97,75.0,83.0,No,20440 days
3485,4,1,20.0,0.0,No,No,No,200.0,113.0,75.5,21.51,88.0,72.0,No,16425 days
3486,2,0,0.0,0.0,No,No,No,185.0,111.0,79.0,22.9,75.0,81.0,No,14600 days
3487,2,1,20.0,0.0,No,No,No,168.0,83.5,55.0,16.71,79.0,63.0,Yes,12775 days
3488,2,0,0.0,0.0,No,No,No,292.0,144.0,89.0,21.93,96.0,81.96365524402907,No,24455 days
3489,2,0,0.0,1.0,No,Yes,No,298.0,248.0,130.0,37.1,96.0,77.0,Yes,22630 days
3490,4,0,0.0,0.0,No,No,No,233.0,126.0,73.0,23.16,74.0,62.0,No,22265 days
3491,1,1,3.0,0.0,No,No,No,173.0,121.0,79.0,26.21,75.0,68.0,No,19710 days
3492,1,1,30.0,0.0,No,No,No,281.0,111.0,72.5,27.22,95.0,80.0,No,13870 days
3493,1,0,0.0,0.0,Yes,Yes,No,273.0,152.0,70.0,19.69,80.0,79.0,Yes,22995 days
3494,3,0,0.0,0.0,No,No,No,259.0,155.0,90.0,27.94,68.0,95.0,No,21900 days
3495,1,1,1.0,0.0,No,No,No,185.0,108.0,70.0,20.13,107.0,58.0,No,17885 days
3496,2,0,0.0,0.0,No,Yes,No,325.0,172.5,112.5,28.47,75.0,74.0,No,19345 days
3497,1,0,0.0,0.0,No,No,No,204.0,122.0,81.0,32.22,63.0,73.0,No,18250 days
3498,1,1,6.0,0.0,No,Yes,No,237.0,163.0,94.0,25.62,85.0,84.0,Yes,22630 days
3499,1,0,0.0,0.0,No,No,No,235.0,123.0,81.0,31.44,75.0,78.0,No,20075 days
3500,2,0,0.0,0.0,No,No,No,221.0,108.0,73.0,20.06,73.0,85.0,No,16790 days
3501,2,1,20.0,0.0,No,No,No,242.0,112.5,62.5,27.65,75.0,70.0,No,14600 days
3502,1,1,15.0,0.0,No,No,No,183.0,107.5,71.0,23.74,57.0,74.0,No,13870 days
3503,2,0,0.0,0.0,No,Yes,No,256.0,143.0,82.5,23.81,90.0,90.0,No,20075 days
3504,1,1,20.0,0.0,No,No,No,231.0,129.0,87.0,23.29,89.0,99.0,No,14600 days
3505,2,0,0.0,0.0,No,Yes,No,149.0,98.0,60.0,24.73,105.0,71.0,Yes,21170 days
3506,3,0,0.0,0.0,No,No,No,210.0,116.0,76.0,28.86,65.0,71.0,No,17885 days
3507,2,1,16.0,0.0,No,No,No,214.0,114.0,72.0,22.93,66.0,83.0,No,18250 days
3508,1,0,0.0,0.0,No,No,No,252.0,124.0,89.0,22.82,82.0,71.0,No,16425 days
3509,1,1,20.0,0.0,No,Yes,No,306.0,196.0,109.0,27.72,102.0,87.0,No,15330 days
3510,4,1,9.0,0.0,No,Yes,No,251.0,160.0,98.0,24.63,98.0,85.0,No,18615 days
3511,3,0,0.0,0.0,No,No,No,267.0,122.5,85.0,24.22,92.0,100.0,No,20440 days
3512,3,0,0.0,0.0,No,No,No,294.0,156.0,95.0,26.05,94.0,115.0,No,19345 days
3513,3,0,0.0,0.0,No,No,No,240.0,126.5,75.5,24.38,71.0,64.0,No,13870 days
3514,4,0,0.0,0.0,No,No,No,281.0,139.0,82.0,29.51,80.0,75.0,No,21535 days
3515,1,1,30.0,0.0,No,No,No,205.0,108.0,75.0,17.5,63.0,70.0,No,17520 days
3516,3,1,15.0,0.0,No,No,No,211.0,122.0,81.0,30.55,75.0,91.0,No,14600 days
3517,1,0,0.0,1.0,No,Yes,No,186.0,176.5,92.0,22.53,79.0,60.0,Yes,22630 days
3518,2,0,0.0,0.0,No,No,No,197.0,115.0,65.0,20.42,68.0,77.0,No,13140 days
3519,3,1,30.0,0.0,No,No,No,218.0,121.0,69.0,24.21,65.0,103.0,No,15695 days
3520,3,0,0.0,0.0,No,No,No,246.0,131.0,79.0,27.69,90.0,65.0,No,20440 days
3521,1,0,0.0,0.0,No,No,No,190.0,127.0,77.0,28.47,80.0,100.0,No,21535 days
3522,1,1,25.0,0.0,No,Yes,No,258.0,161.5,96.0,38.96,88.0,84.0,No,15695 days
3523,3,1,10.0,0.0,No,No,No,285.0,100.5,66.0,22.05,65.0,75.0,No,15695 days
3524,1,1,20.0,0.0,No,No,No,195.0,131.5,83.0,24.61,75.0,78.0,No,18250 days
3525,1,0,0.0,0.0,No,No,No,217.0,131.5,77.0,20.25,65.0,76.0,No,16790 days
3526,1,0,0.0,0.0,No,Yes,No,231.0,174.0,110.0,25.05,85.0,82.0,No,21900 days
3527,1,1,15.0,0.0,No,No,No,175.0,125.0,76.0,24.92,80.0,95.0,No,15695 days
3528,4,1,15.0,0.0,No,No,No,217.0,131.0,83.0,26.46,62.0,81.0,Yes,22265 days
3529,3,0,0.0,0.0,No,No,No,224.0,143.5,77.5,26.13,65.0,81.0,No,21900 days
3530,3,0,0.0,0.0,No,No,No,309.0,136.0,90.0,26.83,70.0,75.0,No,17520 days
3531,1,1,5.0,0.0,No,No,No,201.0,123.5,78.0,27.14,79.0,77.0,No,13870 days
3532,3,1,3.0,0.0,No,Yes,No,352.0,164.0,119.0,28.92,73.0,72.0,Yes,16060 days
3533,1,0,0.0,0.0,No,Yes,No,233.0,149.0,91.5,26.03,68.0,81.96365524402907,No,17885 days
3534,1,1,30.0,0.0,No,No,No,223.0,133.0,82.0,21.18,66.0,77.0,No,18980 days
3535,2,1,20.0,0.0,No,No,No,260.0,139.0,81.0,24.68,74.0,70.0,No,21900 days
3536,1,1,20.0,0.0,No,No,No,185.0,124.0,84.0,24.53,66.0,70.0,No,22630 days
3537,4,0,0.0,0.0,No,Yes,No,320.0,139.0,81.5,23.65,80.0,82.0,Yes,21170 days
3538,2,1,20.0,0.0,No,No,No,246.0,113.0,87.0,18.01,60.0,63.0,No,17520 days
3539,1,1,20.0,0.0,No,No,No,302.0,116.0,77.0,22.67,75.0,98.0,No,16060 days
3540,1,1,43.0,1.0,No,Yes,No,237.0,182.0,110.0,28.88,72.0,83.0,No,17155 days
3541,4,0,0.0,0.0,No,No,No,216.0,113.0,74.0,22.19,80.0,76.0,No,16060 days
3542,2,1,20.0,0.0,No,No,No,275.0,126.0,71.0,24.91,80.0,71.0,No,16790 days
3543,1,0,0.0,0.0,No,No,No,192.0,112.0,67.0,24.61,80.0,58.0,No,13505 days
3544,1,0,0.0,0.0,No,No,No,242.0,130.0,74.0,28.9,60.0,53.0,No,20805 days
3545,2,0,0.0,0.0,No,No,No,202.0,104.0,76.0,31.68,62.0,74.0,No,20075 days
3546,1,0,0.0,0.0,No,No,No,241.0,106.0,77.0,27.64,78.0,74.0,No,19710 days
3547,2,0,0.0,0.0,No,Yes,No,309.0,177.5,110.0,22.89,63.0,73.0,No,20075 days
3548,1,1,43.0,0.0,No,No,No,262.0,121.0,78.0,24.24,75.0,72.0,No,16790 days
3549,2,0,0.0,0.0,No,No,No,197.0,134.0,78.0,30.36,100.0,83.0,No,14235 days
3550,1,0,0.0,0.0,No,No,No,209.0,110.0,77.5,17.93,77.0,80.0,No,13505 days
3551,4,1,30.0,0.0,No,No,No,235.0,128.5,80.0,18.83,90.0,70.0,No,15695 days
3552,1,1,30.0,0.0,No,No,Yes,217.0,115.0,72.0,21.34,90.0,73.0,No,16790 days
3553,3,0,0.0,0.0,No,Yes,No,241.0,154.0,96.0,30.12,103.0,70.0,No,24820 days
3554,1,1,7.0,1.0,No,Yes,No,280.0,202.0,124.0,28.06,66.0,63.0,Yes,16790 days
3555,1,1,20.0,0.0,No,Yes,No,260.0,151.0,85.0,33.08,95.0,91.0,Yes,14965 days
3556,2,1,9.0,0.0,No,Yes,No,265.0,154.0,87.0,20.92,96.0,66.0,No,20075 days
3557,2,1,30.0,0.0,No,Yes,No,186.0,162.0,109.0,29.72,90.0,129.0,No,14235 days
3558,2,1,9.0,0.0,No,No,No,206.0,122.0,78.0,22.54,85.0,81.96365524402907,No,14965 days
3559,1,1,15.0,0.0,No,No,No,210.0,117.0,78.5,22.54,72.0,115.0,No,16790 days
3560,4,1,5.0,0.0,No,No,No,150.0,123.0,72.5,25.1,78.0,81.96365524402907,No,17520 days
3561,1,1,20.0,0.0,No,No,No,222.0,123.0,82.0,25.52,72.0,67.0,No,19345 days
3562,1,0,0.0,0.0,No,No,No,292.0,110.0,83.0,26.98,65.0,73.0,No,21170 days
3563,2,1,15.0,0.0,No,No,No,221.0,117.0,72.0,25.51,75.0,83.0,Yes,20805 days
3564,4,0,0.0,0.0,No,No,No,161.0,122.0,85.0,30.8,75.0,85.0,Yes,14600 days
3565,3,0,0.0,0.0,No,No,No,273.0,154.0,80.0,20.26,75.0,63.0,No,17885 days
3566,2,1,20.0,0.0,No,No,No,291.0,106.0,65.0,23.83,68.0,82.0,No,15695 days
3567,2,0,0.0,0.0,No,No,No,212.0,114.5,77.0,31.22,87.0,68.0,No,13505 days
3568,2,1,20.0,0.0,No,No,No,276.0,99.0,62.0,22.17,60.0,80.0,No,15695 days
3569,3,1,25.0,0.0,No,No,No,165.0,99.5,66.0,21.67,72.0,66.0,No,16790 days
3570,2,0,0.0,0.0,No,Yes,No,276.0,185.0,95.0,26.21,80.0,110.0,Yes,22630 days
3571,2,0,0.0,0.0,No,Yes,No,366.0,148.0,88.0,32.52,85.0,81.96365524402907,No,19345 days
3572,2,0,0.0,0.0,No,No,No,310.0,108.0,70.0,30.23,60.0,65.0,No,22265 days
3573,2,0,0.0,0.0,No,Yes,No,245.0,159.0,95.5,26.23,110.0,81.96365524402907,No,12775 days
3574,1,0,0.0,1.0,No,Yes,No,184.0,121.0,82.0,21.14,60.0,78.0,Yes,17885 days
3575,2,1,20.0,0.0,No,No,No,186.0,116.0,67.0,24.62,70.0,83.0,No,20440 days
3576,1,1,9.0,0.0,No,Yes,No,236.69952267303103,185.0,110.0,19.53,100.0,81.96365524402907,No,24455 days
3577,1,0,0.0,0.0,No,Yes,No,207.0,158.0,89.0,31.44,67.0,112.0,No,19710 days
3578,3,1,20.0,0.0,No,No,No,190.0,85.0,70.0,22.43,88.0,60.0,No,14235 days
3579,1,1,0.0,0.0,No,No,No,196.0,123.0,73.0,22.06,66.0,81.96365524402907,No,15330 days
3580,1,1,3.0,0.0,No,No,No,217.0,169.0,111.0,32.54,65.0,78.0,No,23725 days
3581,1,1,5.0,0.0,No,No,No,209.0,130.0,84.5,39.94,77.0,104.0,Yes,14600 days
3582,1,0,0.0,0.0,No,No,No,199.0,117.0,86.0,34.54,72.0,84.0,No,14965 days
3583,3,1,15.0,0.0,No,No,No,202.0,105.5,67.0,22.66,90.0,63.0,No,13140 days
3584,1,0,0.0,0.0,No,No,No,235.0,135.0,88.0,27.61,92.0,137.0,No,17520 days
3585,2,0,0.0,0.0,No,No,No,193.0,146.0,89.0,25.37,115.0,84.0,No,18980 days
3586,1,1,15.0,0.0,No,Yes,No,207.0,165.0,100.0,21.33,72.0,77.0,No,22995 days
3587,1,0,0.0,0.0,No,Yes,No,206.0,143.0,96.0,27.04,70.0,87.0,Yes,22265 days
3588,4,1,30.0,0.0,No,No,No,292.0,110.0,65.0,22.55,62.0,78.0,No,16060 days
3589,1,1,43.0,0.0,No,Yes,No,246.0,176.0,109.0,32.32,72.0,59.0,No,19345 days
3590,1,1,9.0,0.0,No,No,No,140.0,118.0,74.0,26.51,80.0,82.0,No,16060 days
3591,2,0,0.0,0.0,No,No,No,205.0,104.0,74.0,20.55,68.0,81.96365524402907,No,14235 days
3592,1,1,20.0,0.0,No,Yes,No,246.0,136.0,94.0,24.56,85.0,86.0,No,16060 days
3593,1,0,0.0,0.0,No,No,No,244.0,117.0,81.5,28.96,67.0,78.0,No,17520 days
3594,1,1,5.0,0.0,No,Yes,No,268.0,130.0,94.0,34.27,85.0,93.0,No,16425 days
3595,1,1,10.0,0.0,No,Yes,No,252.0,135.0,84.0,28.24,85.0,79.0,No,21170 days
3596,2,1,15.0,0.0,No,No,No,200.0,122.5,75.0,20.25,60.0,67.0,No,14600 days
3597,4,1,3.0,0.0,No,Yes,No,230.0,140.0,97.0,25.31,72.0,81.96365524402907,No,14235 days
3598,2,1,30.0,0.0,No,No,No,175.0,107.0,69.0,23.64,92.0,70.0,No,17155 days
3599,2,1,20.0,0.0,No,Yes,No,270.0,167.5,92.5,21.28,85.0,77.0,No,16060 days
3600,1,1,20.0,0.0,No,Yes,No,226.0,122.5,80.0,24.62,72.0,68.0,No,17155 days
3601,2,1,10.0,0.0,No,Yes,No,238.0,133.0,72.0,18.09,100.0,115.0,No,20805 days
3602,1,0,0.0,0.0,No,No,No,275.0,138.0,87.0,29.64,85.0,86.0,No,21900 days
3603,4,0,0.0,0.0,No,No,No,280.0,117.5,80.0,28.68,65.0,65.0,No,14965 days
3604,2,0,0.0,0.0,Yes,No,No,206.0,101.0,75.0,18.73,55.0,84.0,No,15330 days
3605,3,0,0.0,0.0,No,No,No,250.0,109.0,78.5,25.26,90.0,83.0,No,21170 days
3606,4,0,0.0,0.0,No,No,Yes,189.0,132.0,78.0,28.4,75.0,177.0,No,16425 days
3607,2,1,15.0,0.0,No,No,No,236.69952267303103,131.5,80.0,24.73,100.0,81.96365524402907,No,14600 days
3608,1,0,0.0,0.0,No,No,No,238.0,123.0,66.0,28.6,70.0,98.0,No,22995 days
3609,3,1,40.0,0.0,No,No,No,167.0,119.0,67.0,25.83,79.0,83.0,No,17885 days
3610,2,1,15.0,0.0,No,No,No,220.0,137.0,79.0,21.66,80.0,74.0,No,18615 days
3611,2,0,0.0,0.0,No,No,No,193.0,130.0,89.0,28.32,96.0,84.0,No,14600 days
3612,2,0,0.0,0.0,No,No,No,308.0,128.0,78.0,24.82,80.0,70.0,No,17885 days
3613,3,0,0.0,0.0,No,No,No,166.0,128.5,74.5,21.02,81.0,81.96365524402907,No,14965 days
3614,1,0,0.0,0.0,No,Yes,No,212.0,161.0,85.0,28.26,66.0,63.0,Yes,20075 days
3615,3,1,20.0,0.0,No,No,No,270.0,120.0,75.0,23.76,83.0,96.0,No,13870 days
3616,2,1,15.0,0.0,No,Yes,No,262.0,230.0,110.0,24.76,93.0,97.0,No,19710 days
3617,3,1,9.0,0.0,No,No,No,180.0,118.0,86.5,22.69,89.0,67.0,No,14600 days
3618,4,1,2.0,0.0,No,No,No,238.0,121.0,85.0,25.31,88.0,81.96365524402907,No,18250 days
3619,1,1,20.0,0.0,No,No,No,235.0,143.0,75.0,32.99,85.0,102.0,No,19710 days
3620,2,0,0.0,0.0,No,No,Yes,189.0,140.0,71.0,27.56,70.0,119.0,No,24090 days
3621,1,0,0.0,0.0,No,Yes,No,178.0,155.0,79.0,25.9,55.0,61.0,No,22995 days
3622,1,0,0.0,0.0,No,Yes,No,170.0,153.0,102.5,29.35,91.0,67.0,No,18980 days
3623,3,0,0.0,0.0,No,No,No,202.0,146.5,79.0,22.19,82.0,95.0,No,17520 days
3624,3,1,25.0,0.0,No,No,No,205.0,117.5,77.0,21.44,100.0,81.96365524402907,No,13870 days
3625,3,1,25.0,0.0,No,No,No,208.0,137.5,82.5,25.58,75.0,63.0,Yes,19710 days
3626,1,0,0.0,0.0,No,No,No,182.0,138.0,72.0,21.67,85.0,108.0,No,13870 days
3627,4,1,25.0,0.0,No,No,No,215.0,147.5,95.0,29.08,82.0,88.0,Yes,23725 days
3628,2,0,0.0,0.0,No,No,No,196.0,129.0,80.0,26.32,75.0,89.0,No,19345 days
3629,2,1,15.0,0.0,No,No,No,244.0,101.0,66.0,25.38,85.0,76.0,No,16060 days
3630,3,1,20.0,0.0,No,No,No,236.69952267303103,120.0,77.5,23.39,82.0,81.96365524402907,No,17155 days
3631,1,0,0.0,0.0,No,Yes,No,190.0,162.0,85.0,30.59,65.0,80.0,No,17155 days
3632,1,0,0.0,0.0,No,Yes,No,285.0,197.0,72.0,23.41,68.0,78.0,Yes,20805 days
3633,4,1,5.0,0.0,No,No,No,231.0,133.0,89.0,29.29,70.0,83.0,No,16060 days
3634,2,1,20.0,0.0,No,Yes,No,286.0,164.0,89.0,24.44,75.0,87.0,No,15695 days
3635,1,1,10.0,0.0,No,Yes,No,202.0,189.0,121.0,33.81,65.0,72.0,Yes,18250 days
3636,2,1,5.0,0.0,No,No,No,226.0,125.5,82.0,23.8,67.0,75.0,No,14965 days
3637,3,0,0.0,0.0,No,No,No,297.0,134.0,93.0,28.81,92.0,74.0,No,16425 days
3638,1,1,3.0,0.0,No,No,No,193.0,118.0,92.0,21.14,75.0,78.0,No,16790 days
3639,2,0,0.0,0.0,No,No,No,270.0,142.5,85.0,21.86,72.0,75.0,No,18250 days
3640,1,0,0.0,0.0,No,No,No,216.0,124.0,82.0,28.74,70.0,67.0,No,15330 days
3641,1,0,0.0,0.0,No,No,No,240.0,126.0,52.0,25.66,75.0,63.0,No,21170 days
3642,4,0,0.0,0.0,No,No,No,240.0,136.0,95.5,26.36,75.0,73.0,No,17520 days
3643,3,0,0.0,0.0,No,No,No,188.0,112.0,78.0,22.54,63.0,73.0,No,13140 days
3644,1,1,3.0,0.0,No,No,No,246.0,112.5,72.5,27.56,60.0,72.0,No,20075 days
3645,1,1,15.0,0.0,No,No,No,157.0,106.0,48.0,26.73,65.0,65.0,Yes,24820 days
3646,1,1,15.0,0.0,No,No,No,275.0,118.0,71.0,23.1,64.0,95.0,No,13505 days
3647,1,1,10.0,0.0,No,No,No,225.0,120.0,70.0,18.46,57.0,81.96365524402907,No,20440 days
3648,1,1,15.0,0.0,No,Yes,No,204.0,147.0,100.0,39.94,85.0,90.0,No,18250 days
3649,2,0,0.0,0.0,No,No,No,220.0,108.0,81.0,28.71,56.0,81.96365524402907,No,19345 days
3650,3,0,0.0,0.0,No,No,No,211.0,128.0,78.0,27.99,56.0,83.0,Yes,22630 days
3651,2,1,1.0,0.0,No,No,No,178.0,142.0,84.0,34.46,88.0,77.0,No,14600 days
3652,3,1,15.0,0.0,No,Yes,No,268.0,140.0,92.5,24.71,75.0,90.0,No,14965 days
3653,1,1,30.0,0.0,No,No,No,164.0,113.0,68.0,25.75,70.0,75.0,No,13870 days
3654,1,1,40.0,0.0,No,Yes,No,270.0,151.0,89.0,26.76,75.0,75.0,No,19345 days
3655,4,1,30.0,0.0,No,Yes,No,193.0,139.0,93.0,28.67,57.0,67.0,Yes,20440 days
3656,2,1,15.0,0.0,No,Yes,No,207.0,144.0,88.0,23.65,85.0,86.0,No,16790 days
3657,1,0,0.0,0.0,No,Yes,No,190.0,153.0,102.5,39.22,100.0,69.0,No,18615 days
3658,2,0,0.0,0.0,No,Yes,No,226.0,146.0,86.0,24.41,85.0,85.0,No,14235 days
3659,2,1,20.0,0.0,No,No,No,257.0,141.0,93.0,41.29,80.0,58.0,No,13505 days
3660,4,0,0.0,0.0,No,No,No,236.69952267303103,122.0,75.5,23.03,75.0,81.96365524402907,No,22630 days
3661,1,0,0.0,0.0,No,Yes,No,210.0,138.5,95.5,23.09,75.0,81.96365524402907,No,15695 days
3662,3,1,20.0,0.0,No,No,No,200.0,112.5,71.0,18.68,80.0,77.0,No,16790 days
3663,1,0,0.0,0.0,No,No,No,227.0,100.0,76.0,29.45,75.0,67.0,Yes,17520 days
3664,4,0,0.0,0.0,No,Yes,No,273.0,140.0,90.0,27.48,67.0,78.0,No,17520 days
3665,2,0,0.0,0.0,No,No,No,220.0,114.0,82.0,24.68,69.0,60.0,No,17885 days
3666,1,0,0.0,0.0,No,Yes,No,226.0,155.0,92.5,30.85,80.0,87.0,No,21900 days
3667,1,1,20.0,0.0,No,No,No,155.0,128.0,82.0,23.58,69.0,77.0,No,17885 days
3668,4,1,20.0,0.0,No,No,No,243.0,97.0,63.0,22.53,76.0,64.0,No,14965 days
3669,3,1,20.0,0.0,No,No,No,175.0,112.0,73.0,19.49,70.0,71.0,No,13870 days
3670,3,0,0.0,0.0,No,Yes,No,282.0,148.0,89.0,25.69,90.0,81.96365524402907,No,21535 days
3671,1,0,0.0,1.0,Yes,Yes,No,208.0,167.0,92.0,24.66,60.0,75.0,Yes,20440 days
3672,1,1,10.0,0.0,No,No,No,240.0,113.0,73.0,24.21,80.0,77.0,No,19710 days
3673,4,1,60.0,0.0,No,No,No,232.0,136.0,81.0,25.83,80.0,78.0,No,17520 days
3674,3,0,0.0,1.0,No,Yes,No,203.0,166.0,90.0,25.4,77.0,80.0,No,25185 days
3675,3,0,0.0,1.0,No,Yes,No,223.0,214.0,94.0,25.86,80.0,87.0,Yes,24455 days
3676,2,1,20.0,0.0,No,Yes,No,192.0,143.0,88.0,27.94,75.0,79.0,No,15695 days
3677,4,1,15.0,0.0,No,No,No,194.0,134.5,90.5,25.68,60.0,72.0,No,17520 days
3678,1,1,35.0,0.0,No,No,No,263.0,132.0,91.0,40.08,90.0,91.0,Yes,17520 days
3679,2,1,2.0,0.0,No,No,No,230.0,124.0,80.0,24.87,90.0,77.0,No,15330 days
3680,2,1,20.0,0.0,No,Yes,Yes,211.0,159.5,82.5,34.08,86.0,250.0,Yes,17155 days
3681,3,1,10.0,0.0,No,No,No,255.0,145.0,100.0,27.94,79.0,81.96365524402907,No,21900 days
3682,1,0,0.0,0.0,No,No,Yes,282.0,125.0,75.0,29.88,75.0,136.0,No,22630 days
3683,1,1,20.0,0.0,No,No,No,260.0,123.0,73.0,27.51,65.0,83.0,Yes,20805 days
3684,1,1,9.0,0.0,No,No,No,163.0,117.5,75.0,28.3,75.0,70.0,No,13870 days
3685,1,0,0.0,0.0,No,No,No,220.0,132.5,82.5,29.77,77.0,81.96365524402907,No,20440 days
3686,2,1,5.0,0.0,No,No,No,315.0,119.0,75.0,25.79,75.0,55.0,No,18615 days
3687,2,1,20.0,0.0,No,No,No,186.0,131.0,81.0,22.14,86.0,87.0,No,14600 days
3688,2,1,20.0,0.0,No,No,No,250.0,123.0,74.0,26.01,75.0,90.0,No,15695 days
3689,3,1,20.0,0.0,No,No,No,155.0,117.5,72.5,23.51,85.0,65.0,No,12410 days
3690,1,0,0.0,0.0,No,Yes,No,185.0,140.0,84.0,25.94,78.0,90.0,No,20075 days
3691,4,0,0.0,0.0,No,No,No,205.0,116.0,70.0,21.99,68.0,85.0,No,16060 days
3692,2,0,0.0,0.0,No,Yes,No,252.0,114.0,75.0,30.89,60.0,69.0,No,18250 days
3693,3,0,0.0,0.0,No,No,No,225.0,119.0,65.0,26.89,62.0,74.0,No,18980 days
3694,1,0,0.0,0.0,No,No,No,235.0,125.0,79.0,24.38,96.0,83.0,No,22995 days
3695,3,1,20.0,0.0,No,No,No,240.0,147.5,88.0,25.6,65.0,113.0,No,15695 days
3696,2,1,40.0,0.0,No,No,No,242.0,124.5,86.5,28.8,87.0,67.0,No,14965 days
3697,2,1,20.0,0.0,No,No,No,180.0,111.0,56.0,21.51,91.0,78.0,No,12410 days
3698,4,0,0.0,0.0,No,Yes,No,195.0,141.0,84.0,25.66,83.0,117.0,No,13505 days
3699,2,0,0.0,0.0,No,No,No,210.0,105.0,77.0,23.96,60.0,86.0,No,18250 days
3700,4,1,9.0,0.0,No,No,No,212.0,127.0,83.0,26.82,75.0,75.0,No,13140 days
3701,1,1,5.0,0.0,No,No,No,254.0,126.5,79.0,25.92,60.0,77.0,No,21535 days
3702,3,1,20.0,0.0,No,No,No,248.0,136.5,78.0,24.6,90.0,99.0,No,14600 days
3703,2,1,30.0,0.0,No,No,No,283.0,145.0,95.0,27.53,75.0,84.0,No,15330 days
3704,1,0,0.0,0.0,No,No,No,186.0,134.0,86.5,25.71,88.0,92.0,No,15330 days
3705,1,1,40.0,0.0,No,Yes,No,212.0,135.0,86.0,30.22,100.0,75.0,No,15695 days
3706,4,1,15.0,0.0,No,Yes,No,309.0,145.0,92.0,32.13,60.0,73.0,No,17885 days
3707,2,1,20.0,0.0,No,Yes,No,308.0,138.0,94.0,24.33,70.0,90.0,No,17155 days
3708,1,0,0.0,0.0,No,Yes,No,225.0,149.0,96.0,27.73,80.0,60.0,No,21900 days
3709,1,1,20.0,0.0,No,Yes,No,275.0,170.0,118.0,36.12,82.0,84.0,No,16790 days
3710,3,1,30.0,0.0,No,Yes,No,154.0,141.0,90.0,22.76,65.0,65.0,No,16790 days
3711,2,1,3.0,0.0,No,Yes,No,246.0,141.0,92.0,27.92,75.0,76.0,No,17885 days
3712,2,0,0.0,0.0,No,No,No,234.0,124.0,80.5,20.06,75.0,81.96365524402907,No,15330 days
3713,1,0,0.0,0.0,No,No,No,242.0,121.0,80.0,27.83,72.0,81.96365524402907,No,15330 days
3714,2,0,0.0,0.0,No,Yes,No,198.0,142.5,82.0,23.84,57.0,78.0,Yes,19345 days
3715,2,1,0.0,0.0,No,No,No,270.0,120.0,79.0,24.83,95.0,81.0,No,20805 days
3716,2,0,0.0,1.0,No,Yes,No,208.0,142.0,88.0,31.29,69.0,77.0,No,16060 days
3717,3,0,0.0,0.0,No,Yes,No,286.0,172.5,85.0,22.0,72.0,71.0,Yes,21900 days
3718,2,1,5.0,0.0,No,No,No,236.0,128.0,81.0,27.42,60.0,93.0,No,17155 days
3719,1,1,20.0,0.0,No,No,No,214.0,109.5,69.0,20.32,80.0,81.0,No,14600 days
3720,4,0,0.0,0.0,No,No,No,175.0,104.0,78.0,26.26,55.0,82.0,No,16060 days
3721,1,1,9.0,0.0,No,Yes,Yes,271.0,144.5,88.0,32.41,82.0,116.0,No,23725 days
3722,3,1,15.0,0.0,No,No,No,208.0,118.0,73.0,24.16,75.0,75.0,No,17885 days
3723,1,1,3.0,0.0,No,Yes,No,265.0,150.0,84.0,28.66,65.0,73.0,No,20440 days
3724,3,0,0.0,0.0,No,Yes,No,240.0,158.0,102.0,23.68,75.0,81.0,No,14965 days
3725,1,0,0.0,0.0,No,Yes,No,212.0,148.0,91.5,26.22,62.0,75.0,No,16790 days
3726,3,1,1.0,0.0,No,Yes,No,260.0,120.0,84.0,36.18,80.0,76.0,No,20440 days
3727,3,0,0.0,0.0,No,Yes,No,330.0,155.0,90.0,23.94,75.0,96.0,No,21535 days
3728,3,0,0.0,0.0,No,No,No,185.0,108.0,70.0,20.5,60.0,87.0,No,16425 days
3729,3,0,0.0,0.0,No,Yes,No,161.0,196.0,102.0,28.43,56.0,88.0,No,22995 days
3730,1,1,15.0,0.0,No,No,No,259.0,116.0,83.0,27.93,80.0,83.0,No,21535 days
3731,1,0,0.0,0.0,No,Yes,No,220.0,167.5,110.0,30.41,90.0,84.0,Yes,21900 days
3732,4,1,9.0,0.0,No,Yes,No,340.0,143.0,93.0,23.08,85.0,83.0,No,17520 days
3733,4,1,30.0,0.0,No,No,No,165.0,96.5,62.5,23.48,87.0,78.0,No,18250 days
3734,2,1,3.0,0.0,No,No,No,220.0,133.5,85.5,25.38,65.0,73.0,No,16425 days
3735,1,0,0.0,0.0,No,No,No,257.0,132.0,81.0,27.49,60.0,86.0,No,20075 days
3736,1,0,0.0,0.0,No,No,No,237.0,124.0,84.0,28.18,63.0,97.0,No,20075 days
3737,2,1,20.0,0.0,No,No,No,220.0,126.0,78.0,20.7,86.0,79.0,No,14965 days
3738,1,1,1.0,0.0,No,Yes,No,254.0,146.5,81.0,41.61,72.0,85.0,Yes,20805 days
3739,1,0,0.0,0.0,No,Yes,Yes,193.0,153.0,100.0,32.0,75.0,107.0,No,23725 days
3740,2,0,0.0,0.0,No,No,No,230.0,122.0,78.0,26.53,45.0,78.0,No,13140 days
3741,3,0,0.0,0.0,Yes,Yes,No,203.0,140.0,95.0,28.04,60.0,83.0,No,21900 days
3742,3,1,20.0,0.0,No,Yes,No,284.0,143.0,92.0,21.19,84.0,88.0,No,16060 days
3743,2,1,40.0,0.0,No,No,No,218.0,112.5,60.0,24.0,65.0,81.96365524402907,No,14235 days
3744,1,1,9.0,0.0,No,Yes,No,244.0,145.5,94.0,28.86,62.0,72.0,No,20075 days
3745,1,0,0.0,0.0,No,Yes,No,240.0,163.0,112.5,26.8,75.0,82.0,No,22265 days
3746,2,1,3.0,0.0,No,No,No,180.0,115.0,86.0,24.91,70.0,81.96365524402907,No,13870 days
3747,2,0,0.0,0.0,No,Yes,No,233.0,149.0,85.0,24.67,120.0,72.0,No,21535 days
3748,1,0,0.0,0.0,No,No,No,275.0,134.0,74.0,19.91,66.0,85.0,No,21900 days
3749,1,0,0.0,0.0,No,No,Yes,223.0,110.0,67.5,21.22,78.0,294.0,No,19710 days
3750,2,1,10.0,0.0,No,Yes,No,232.0,163.0,101.0,23.26,100.0,74.0,No,16425 days
3751,2,1,35.0,0.0,No,No,No,192.0,107.0,71.0,24.28,75.0,81.96365524402907,No,13870 days
3752,2,0,0.0,0.0,No,No,No,225.0,113.0,75.5,27.51,86.0,104.0,No,20440 days
3753,3,0,0.0,0.0,No,No,No,190.0,115.0,77.0,23.95,70.0,80.0,No,12775 days
3754,1,1,5.0,0.0,No,No,No,185.0,100.5,66.0,24.42,70.0,115.0,No,12410 days
3755,1,1,7.0,0.0,No,No,No,189.0,107.5,78.0,26.95,60.0,81.96365524402907,No,16060 days
3756,3,1,15.0,0.0,No,Yes,No,274.0,158.0,97.0,22.83,92.0,78.0,No,16790 days
3757,1,1,20.0,0.0,No,No,No,212.0,118.0,71.0,21.03,66.0,83.0,No,16425 days
3758,4,1,15.0,0.0,No,No,No,261.0,110.0,76.0,23.31,75.0,85.0,No,18250 days
3759,3,0,0.0,0.0,No,Yes,No,262.0,122.5,84.0,28.68,66.0,76.0,Yes,20075 days
3760,1,1,20.0,0.0,No,No,No,231.0,130.0,71.5,25.23,75.0,75.0,No,19345 days
3761,1,1,5.0,0.0,No,Yes,No,246.0,160.0,92.0,26.38,80.0,73.0,No,21900 days
3762,2,1,15.0,0.0,No,No,No,318.0,118.0,75.5,27.52,65.0,70.0,No,14235 days
3763,4,0,0.0,0.0,No,Yes,Yes,231.0,161.5,88.0,31.03,85.0,166.0,No,22265 days
3764,4,1,10.0,0.0,No,No,No,185.0,108.5,86.0,19.68,75.0,81.96365524402907,No,12410 days
3765,2,1,20.0,0.0,No,No,No,176.0,99.0,59.0,22.13,65.0,78.0,No,14600 days
3766,1,1,20.0,0.0,No,No,No,239.0,125.0,88.0,23.86,67.0,123.0,No,18980 days
3767,2,1,20.0,0.0,No,No,No,227.0,106.0,73.0,29.27,70.0,79.0,No,12775 days
3768,2,1,2.0,0.0,No,No,No,262.0,115.0,83.0,22.86,65.0,57.0,Yes,17885 days
3769,2,1,45.0,0.0,No,Yes,No,201.0,126.0,82.0,29.48,76.0,92.0,No,15695 days
3770,1,1,20.0,0.0,No,No,No,290.0,120.0,89.0,27.99,80.0,66.0,No,14600 days
3771,1,1,5.0,0.0,No,No,No,199.0,97.0,64.5,23.41,71.0,81.96365524402907,No,14600 days
3772,2,1,10.0,0.0,No,No,No,215.0,102.0,64.5,24.5,68.0,62.0,No,14235 days
3773,1,1,30.0,0.0,No,No,No,196.0,131.0,80.0,20.42,108.0,81.96365524402907,No,18250 days
3774,2,0,0.0,0.0,No,No,No,295.0,131.0,87.0,24.41,85.0,77.0,No,18615 days
3775,1,0,0.0,0.0,No,Yes,No,254.0,143.5,92.5,35.11,80.0,81.96365524402907,No,21535 days
3776,2,0,0.0,0.0,No,No,No,228.0,113.0,83.0,24.81,58.0,73.0,No,13505 days
3777,1,1,20.0,0.0,No,No,No,286.0,141.0,81.0,23.61,80.0,52.0,No,22265 days
3778,1,1,20.0,0.0,No,No,Yes,186.0,139.0,85.0,27.9,80.0,125.0,No,17155 days
3779,4,0,0.0,0.0,No,No,No,281.0,101.0,59.0,23.1,63.0,85.0,Yes,24455 days
3780,2,1,20.0,0.0,No,Yes,No,282.0,142.0,82.0,24.02,78.0,81.96365524402907,No,23360 days
3781,1,0,0.0,0.0,No,No,No,204.0,100.5,62.0,29.44,82.0,88.0,No,20075 days
3782,1,0,0.0,0.0,No,No,No,252.0,133.0,90.0,26.83,83.0,64.0,No,14965 days
3783,4,0,0.0,0.0,No,No,No,247.0,131.0,81.0,22.19,95.0,94.0,Yes,21900 days
3784,2,1,3.0,0.0,No,No,No,220.0,129.0,81.0,19.74,80.0,61.0,No,15330 days
3785,1,0,0.0,0.0,No,No,No,214.0,115.0,90.0,25.69,80.0,65.0,No,13870 days
3786,1,1,30.0,0.0,No,No,No,277.0,137.0,86.0,26.25,75.0,85.0,No,17155 days
3787,3,0,0.0,0.0,No,No,No,203.0,125.0,70.0,22.52,72.0,81.96365524402907,No,17885 days
3788,1,0,0.0,0.0,No,No,No,238.0,119.0,78.0,25.36,80.0,75.0,No,22265 days
3789,3,0,0.0,0.0,No,Yes,No,232.0,154.0,92.0,26.51,90.0,74.0,No,18980 days
3790,4,0,0.0,0.0,No,Yes,No,246.0,136.0,87.0,26.21,80.0,72.0,Yes,20440 days
3791,4,1,30.0,0.0,No,Yes,No,234.0,152.5,80.0,23.5,75.0,75.0,No,19710 days
3792,3,0,0.0,0.0,No,No,No,227.0,102.0,68.0,24.96,80.0,75.0,No,12410 days
3793,3,0,0.0,1.0,Yes,Yes,No,241.0,164.0,97.0,32.18,65.0,54.0,No,21170 days
3794,2,1,20.0,1.0,No,Yes,No,325.0,170.0,107.0,25.07,90.0,64.0,No,19710 days
3795,1,0,0.0,0.0,No,Yes,No,224.0,152.5,90.0,29.8,67.0,85.0,No,17520 days
3796,1,0,0.0,0.0,No,No,No,254.0,116.0,71.0,25.48,75.0,98.0,Yes,21535 days
3797,2,0,0.0,0.0,No,No,Yes,234.0,113.0,68.0,24.8,76.0,108.0,Yes,19345 days
3798,2,0,0.0,0.0,No,No,No,210.0,127.5,82.5,27.94,78.0,80.0,No,15695 days
3799,3,1,30.0,0.0,No,Yes,No,267.0,141.5,91.0,25.36,92.0,87.0,Yes,19710 days
3800,1,0,0.0,0.0,No,No,No,274.0,110.0,84.0,22.51,110.0,78.0,No,17520 days
3801,3,0,0.0,0.0,No,No,No,262.0,125.0,80.0,25.23,85.0,72.0,No,17520 days
3802,3,1,10.0,0.0,No,No,No,205.0,115.0,75.0,19.48,55.0,78.0,No,16790 days
3803,2,1,40.0,0.0,No,Yes,No,188.0,137.0,87.0,26.28,75.0,73.0,No,15695 days
3804,4,0,0.0,0.0,No,Yes,No,263.0,173.0,89.0,23.03,65.0,82.0,Yes,19345 days
3805,1,1,40.0,0.0,No,Yes,No,227.0,162.5,104.0,34.97,90.0,65.0,Yes,18615 days
3806,2,1,20.0,0.0,No,No,No,410.0,105.0,67.5,27.33,75.0,90.0,No,18980 days
3807,4,0,0.0,0.0,No,No,No,223.0,100.0,70.0,22.73,63.0,68.0,No,15695 days
3808,1,1,6.0,0.0,No,Yes,No,238.0,146.0,86.0,29.47,75.0,66.0,No,23725 days
3809,3,0,0.0,0.0,No,Yes,Yes,232.0,148.5,94.0,25.78,80.0,88.0,Yes,18250 days
3810,1,1,5.0,0.0,No,No,No,350.0,135.0,86.5,25.56,75.0,83.0,Yes,17885 days
3811,2,1,20.0,0.0,No,No,No,223.0,128.0,82.0,19.99,80.0,67.0,No,12775 days
3812,1,1,9.0,0.0,No,No,No,252.0,119.0,77.0,23.2,65.0,65.0,No,22265 days
3813,3,0,0.0,0.0,No,No,No,257.0,129.0,93.0,27.56,75.0,76.0,No,16060 days
3814,4,1,30.0,0.0,No,No,No,289.0,109.0,74.0,25.8,70.0,86.0,No,14965 days
3815,1,0,0.0,0.0,No,No,No,266.0,115.5,82.5,23.68,82.0,83.0,Yes,21900 days
3816,1,0,0.0,0.0,No,Yes,No,391.0,126.0,84.0,24.83,80.0,78.0,No,20440 days
3817,2,1,20.0,0.0,No,Yes,Yes,296.0,141.0,93.0,28.5,68.0,332.0,Yes,17155 days
3818,2,1,20.0,0.0,No,No,No,235.0,129.0,94.0,23.71,102.0,81.0,No,14965 days
3819,2,0,0.0,0.0,No,Yes,No,230.0,170.0,113.0,29.55,115.0,115.0,No,19345 days
3820,1,0,0.0,0.0,No,No,No,231.0,121.0,81.0,27.56,70.0,85.0,No,17520 days
3821,2,1,25.0,0.0,No,No,No,206.0,124.0,78.0,19.98,69.0,80.0,No,14235 days
3822,3,0,0.0,0.0,No,No,No,185.0,100.0,72.0,22.15,85.0,83.0,No,13870 days
3823,1,0,0.0,0.0,No,Yes,No,223.0,158.0,90.0,27.26,85.0,93.0,Yes,23725 days
3824,3,1,8.0,0.0,No,No,No,192.0,109.0,61.0,23.36,64.0,84.0,No,14235 days
3825,2,0,0.0,0.0,No,No,No,185.0,99.0,59.0,22.52,70.0,69.0,No,13505 days
3826,1,0,0.0,0.0,No,No,No,181.0,120.5,80.0,26.29,71.0,67.0,No,13505 days
3827,3,0,0.0,0.0,No,No,No,190.0,133.0,87.0,32.09,56.0,80.0,No,14235 days
3828,1,1,10.0,0.0,No,No,No,188.0,130.0,71.0,23.88,80.0,89.0,No,18980 days
3829,4,0,0.0,0.0,No,No,No,232.0,132.5,87.0,20.72,72.0,71.0,No,20075 days
3830,1,0,0.0,0.0,No,No,No,252.0,156.5,93.0,28.65,88.0,97.0,Yes,22630 days
3831,1,1,20.0,0.0,No,No,No,288.0,131.0,81.0,25.94,90.0,80.0,No,16790 days
3832,2,1,30.0,0.0,No,No,No,222.0,108.0,70.0,23.09,72.0,61.0,No,18980 days
3833,1,0,0.0,0.0,No,Yes,No,276.0,127.0,66.5,25.78,75.0,104.0,Yes,24820 days
3834,3,1,20.0,0.0,No,No,No,207.0,111.0,72.0,21.49,67.0,87.0,No,16425 days
3835,1,0,0.0,0.0,No,No,No,266.0,124.0,69.0,22.9,66.0,82.0,Yes,22630 days
3836,2,0,0.0,0.0,No,Yes,No,279.0,167.0,101.0,30.85,90.0,87.0,No,19345 days
3837,3,0,0.0,0.0,No,No,No,215.0,111.0,72.0,25.38,77.0,55.0,No,15330 days
3838,1,0,0.0,1.0,No,Yes,No,342.0,168.5,98.5,23.87,75.0,60.0,No,23725 days
3839,1,0,0.0,0.0,No,Yes,Yes,260.0,155.5,98.0,30.08,67.0,109.0,Yes,22995 days
3840,3,1,15.0,0.0,No,No,No,267.0,107.0,74.0,27.8,65.0,75.0,No,17885 days
3841,2,0,0.0,0.0,No,No,No,209.0,111.0,79.0,23.63,96.0,70.0,No,18980 days
3842,1,0,0.0,0.0,No,No,No,219.0,123.5,80.5,24.45,65.0,83.0,No,16425 days
3843,1,1,3.0,0.0,No,No,No,218.0,120.0,80.0,29.87,90.0,73.0,Yes,19345 days
3844,3,1,20.0,1.0,No,Yes,Yes,358.0,215.0,110.0,37.62,110.0,368.0,Yes,22630 days
3845,3,1,30.0,0.0,No,No,No,190.0,110.0,70.0,24.63,60.0,72.0,No,14600 days
3846,1,0,0.0,1.0,No,Yes,No,321.0,192.5,113.0,25.94,63.0,90.0,Yes,20805 days
3847,1,1,0.0,0.0,No,No,No,171.0,135.0,82.5,24.35,79.0,82.0,No,14965 days
3848,4,1,30.0,0.0,No,No,No,170.0,111.0,74.0,26.0,80.0,67.0,No,13505 days
3849,2,1,15.0,0.0,No,No,Yes,233.0,106.0,60.0,20.84,75.0,348.0,No,16790 days
3850,2,1,30.0,0.0,No,Yes,No,266.0,149.0,91.0,31.08,69.0,61.0,No,13870 days
3851,2,1,40.0,0.0,No,No,No,228.0,110.0,70.0,21.47,70.0,76.0,No,17520 days
3852,1,0,0.0,0.0,No,No,No,242.0,137.0,75.0,30.51,60.0,78.0,No,22630 days
3853,4,0,0.0,0.0,No,Yes,No,260.0,172.5,100.5,32.27,58.0,72.0,Yes,20075 days
3854,1,0,0.0,0.0,No,No,No,237.0,130.0,62.0,33.52,60.0,82.0,No,24820 days
3855,1,0,0.0,0.0,No,No,No,213.0,130.0,80.0,27.25,68.0,75.0,No,16425 days
3856,1,1,20.0,0.0,No,No,No,290.0,124.0,76.0,21.65,63.0,81.0,No,21170 days
3857,1,0,0.0,0.0,No,No,No,199.0,102.0,56.0,21.96,80.0,84.0,No,16790 days
3858,2,1,20.0,0.0,No,No,No,163.0,104.5,65.0,17.84,75.0,71.0,Yes,15695 days
3859,1,1,20.0,0.0,No,No,No,204.0,133.0,86.5,26.01,100.0,79.0,No,15695 days
3860,4,0,0.0,0.0,No,No,No,254.0,120.5,76.0,22.73,75.0,78.0,No,13870 days
3861,3,0,0.0,0.0,No,Yes,No,200.0,151.0,90.0,21.99,70.0,87.0,No,23360 days
3862,3,1,5.0,1.0,No,Yes,No,245.0,169.0,82.0,26.05,122.0,122.0,No,24455 days
3863,4,1,10.0,0.0,No,Yes,No,255.0,111.0,80.0,30.92,72.0,80.0,No,16425 days
3864,2,1,20.0,0.0,No,No,No,220.0,130.0,83.0,26.71,68.0,81.96365524402907,No,13505 days
3865,3,0,0.0,0.0,No,No,No,347.0,157.0,98.0,26.63,88.0,80.0,No,16425 days
3866,1,0,0.0,0.0,No,Yes,No,259.0,147.5,87.5,25.1,65.0,73.0,Yes,17520 days
3867,3,1,30.0,0.0,No,No,No,228.0,123.0,88.0,26.88,95.0,67.0,No,22265 days
3868,4,0,0.0,0.0,No,No,Yes,232.0,130.0,74.0,32.52,95.0,248.0,Yes,18980 days
3869,2,0,0.0,0.0,No,Yes,No,279.0,172.0,87.0,24.01,80.0,70.0,No,23360 days
3870,1,0,0.0,0.0,No,Yes,No,277.0,148.0,89.5,31.82,86.0,89.0,No,20805 days
3871,1,1,20.0,0.0,No,Yes,No,256.0,144.0,96.0,26.6,75.0,83.0,No,16425 days
3872,2,1,20.0,0.0,No,No,No,291.0,124.0,81.0,22.02,78.0,81.96365524402907,Yes,16790 days
3873,4,0,0.0,0.0,No,No,No,188.0,135.0,95.0,26.84,60.0,78.0,No,16790 days
3874,4,1,15.0,0.0,No,No,No,248.0,110.0,61.0,22.17,85.0,55.0,Yes,13870 days
3875,1,1,40.0,0.0,No,Yes,No,214.0,147.0,65.0,17.68,110.0,87.0,Yes,20440 days
3876,1,0,0.0,0.0,No,Yes,No,244.0,160.0,85.0,29.41,72.0,85.0,No,21535 days
3877,3,0,0.0,0.0,No,Yes,No,205.0,140.0,99.0,24.41,100.0,92.0,No,17520 days
3878,1,0,0.0,0.0,No,No,No,300.0,127.0,75.0,24.93,48.0,81.96365524402907,No,22265 days
3879,4,1,40.0,0.0,No,No,No,334.0,120.0,77.0,22.66,82.0,92.0,No,14600 days
3880,2,0,0.0,0.0,No,No,No,246.0,111.5,67.0,18.76,65.0,60.0,No,14965 days
3881,1,0,0.0,0.0,No,No,No,285.0,120.0,80.0,27.45,84.0,93.0,No,16425 days
3882,1,1,43.0,0.0,No,No,No,162.0,117.0,73.0,25.01,96.0,87.0,No,21535 days
3883,2,0,0.0,0.0,No,Yes,No,345.0,188.0,102.0,28.89,95.0,81.96365524402907,No,21170 days
3884,4,0,0.0,0.0,No,Yes,No,270.0,152.5,108.0,26.09,90.0,88.0,Yes,17155 days
3885,4,0,0.0,0.0,No,No,No,181.0,112.0,71.0,21.8,77.0,67.0,No,14235 days
3886,4,0,0.0,0.0,No,No,No,205.0,106.0,73.0,23.14,66.0,87.0,No,23725 days
3887,1,1,30.0,0.0,No,No,No,189.0,127.0,85.0,32.35,88.0,84.0,No,13505 days
3888,2,0,0.0,0.0,No,No,No,192.0,128.0,81.0,25.41,75.0,76.0,No,14600 days
3889,1,0,0.0,0.0,No,Yes,No,272.0,165.0,95.0,28.92,100.0,100.0,No,19345 days
3890,3,1,20.0,0.0,No,No,No,167.0,105.0,70.0,19.76,80.0,80.0,No,13870 days
3891,4,0,0.0,0.0,No,Yes,No,236.0,164.0,100.0,25.45,90.0,67.0,No,20805 days
3892,1,1,20.0,0.0,No,No,No,143.0,119.0,73.0,22.04,60.0,70.0,No,15330 days
3893,2,0,0.0,0.0,No,No,No,202.0,100.5,67.0,21.33,63.0,81.96365524402907,No,14235 days
3894,4,1,25.0,0.0,No,No,No,200.0,110.0,68.0,20.24,79.0,62.0,No,14235 days
3895,1,0,0.0,0.0,No,Yes,Yes,304.0,139.0,75.0,25.12,82.0,116.0,No,23725 days
3896,1,1,10.0,0.0,No,No,No,263.0,110.0,65.0,27.27,84.0,73.0,No,16790 days
3897,2,0,0.0,0.0,No,Yes,No,230.0,128.0,88.0,25.98,75.0,58.0,No,21170 days
3898,1,0,0.0,0.0,No,No,No,258.0,128.0,79.0,29.54,85.0,86.0,No,24820 days
3899,4,0,0.0,0.0,No,Yes,No,240.0,150.0,98.0,40.38,70.0,74.0,No,14600 days
3900,4,0,0.0,0.0,No,No,No,210.0,116.5,74.0,21.19,65.0,89.0,No,13870 days
3901,1,0,0.0,0.0,No,No,No,199.0,134.0,80.0,26.41,120.0,81.96365524402907,No,20075 days
3902,1,1,20.0,0.0,No,Yes,No,232.0,155.0,80.5,29.6,72.0,67.0,No,18980 days
3903,1,0,0.0,0.0,No,Yes,No,258.0,166.0,92.0,26.91,75.0,81.96365524402907,No,22995 days
3904,1,0,0.0,0.0,No,No,No,260.0,173.0,88.0,27.2,73.0,87.0,No,19710 days
3905,1,0,0.0,0.0,No,Yes,No,212.0,130.0,94.0,26.97,80.0,64.0,No,16060 days
3906,3,0,0.0,0.0,No,No,No,230.0,137.0,79.0,27.13,75.0,76.0,Yes,17155 days
3907,2,0,0.0,0.0,No,No,No,205.0,112.0,65.0,27.35,79.0,60.0,No,15330 days
3908,3,1,20.0,0.0,No,Yes,No,206.0,187.0,97.0,26.0,100.0,69.0,No,21535 days
3909,1,1,20.0,0.0,No,No,No,243.0,116.0,72.0,24.73,95.0,72.0,No,20075 days
3910,2,0,0.0,0.0,No,No,No,202.0,139.0,85.0,22.01,85.0,64.0,No,14600 days
3911,2,0,0.0,0.0,No,No,No,200.0,141.0,89.0,26.59,80.0,105.0,No,15695 days
3912,4,1,20.0,0.0,No,No,No,184.0,127.5,81.0,28.31,108.0,75.0,No,15695 days
3913,2,1,25.0,0.0,No,No,No,190.0,122.0,83.0,23.07,85.0,81.96365524402907,No,13140 days
3914,2,0,0.0,0.0,No,Yes,No,233.0,173.0,98.5,21.88,62.0,76.0,No,20440 days
3915,1,0,0.0,0.0,No,Yes,No,203.0,129.0,97.0,37.58,90.0,77.0,No,18980 days
3916,1,1,30.0,0.0,No,No,No,373.0,138.5,85.0,23.35,80.0,67.0,No,22630 days
3917,2,1,10.0,0.0,No,No,No,222.0,130.0,86.0,27.42,100.0,84.0,No,16060 days
3918,1,0,0.0,0.0,No,No,No,316.0,92.5,66.5,23.1,62.0,76.0,Yes,22995 days
3919,1,0,0.0,0.0,No,Yes,No,155.0,143.0,96.0,31.01,63.0,88.0,No,20805 days
3920,1,1,9.0,0.0,No,No,No,305.0,114.0,80.0,28.61,75.0,71.0,No,13870 days
3921,3,1,35.0,0.0,No,No,No,164.0,110.0,76.0,23.85,68.0,83.0,No,13870 days
3922,2,0,0.0,0.0,No,No,No,155.0,131.5,77.5,25.94,74.0,84.0,No,13870 days
3923,1,0,0.0,0.0,No,Yes,No,248.0,151.5,71.0,27.14,75.0,110.0,No,21535 days
3924,2,1,0.0,0.0,No,Yes,No,292.0,157.0,112.0,29.56,95.0,84.0,No,18980 days
3925,1,0,0.0,0.0,No,Yes,No,173.0,109.0,82.0,27.27,85.0,81.96365524402907,No,14235 days
3926,2,1,20.0,0.0,No,No,No,185.0,131.5,84.0,20.32,64.0,76.0,No,12775 days
3927,1,0,0.0,1.0,Yes,Yes,No,225.0,194.0,111.0,51.28,80.0,103.0,No,22265 days
3928,2,1,60.0,0.0,No,Yes,No,261.0,170.0,100.0,22.71,72.0,79.0,Yes,24455 days
3929,2,1,25.0,0.0,No,No,No,273.0,130.5,82.0,25.48,90.0,91.0,No,20440 days
3930,3,0,0.0,0.0,No,Yes,No,237.0,153.0,80.0,28.9,74.0,72.0,No,20075 days
3931,2,1,25.0,0.0,No,Yes,No,249.0,132.0,95.0,29.79,90.0,53.0,No,17520 days
3932,3,1,15.0,0.0,No,Yes,No,275.0,150.0,99.0,23.17,75.0,65.0,No,18615 days
3933,4,1,10.0,0.0,No,No,No,214.0,133.0,86.0,22.72,74.0,77.0,No,15695 days
3934,1,1,20.0,0.0,No,No,No,191.0,130.5,63.0,23.92,79.0,66.0,No,14600 days
3935,1,0,0.0,0.0,No,No,No,212.0,118.0,79.0,26.83,70.0,72.0,No,16790 days
3936,1,0,0.0,0.0,No,Yes,No,208.0,144.0,80.0,31.42,75.0,66.0,Yes,22630 days
3937,2,0,0.0,0.0,No,No,No,175.0,121.5,74.5,20.86,92.0,93.0,No,12775 days
3938,3,1,4.0,0.0,No,Yes,No,227.0,150.0,91.0,24.3,88.0,83.0,No,17885 days
3939,2,0,0.0,0.0,No,No,No,239.0,116.0,84.0,31.47,88.0,76.0,No,17885 days
3940,1,1,30.0,0.0,No,No,No,260.0,126.5,81.0,26.58,90.0,82.0,No,17155 days
3941,4,1,10.0,0.0,No,No,No,202.0,93.5,58.0,21.25,60.0,60.0,No,16425 days
3942,3,1,0.0,0.0,No,No,No,197.0,126.5,76.5,19.71,55.0,63.0,No,14235 days
3943,4,0,0.0,0.0,No,No,No,219.0,125.0,84.0,20.12,72.0,76.0,No,18615 days
3944,2,0,0.0,0.0,No,Yes,No,346.0,152.0,96.5,25.29,102.0,79.0,No,18615 days
3945,1,0,0.0,0.0,No,No,No,250.0,132.0,88.0,22.62,78.0,70.0,No,20075 days
3946,2,0,0.0,0.0,No,Yes,No,250.0,152.5,92.5,32.31,75.0,94.0,No,20805 days
3947,1,1,20.0,0.0,No,Yes,No,283.0,145.0,79.0,30.12,72.0,81.96365524402907,Yes,18980 days
3948,1,0,0.0,0.0,No,No,No,179.0,111.0,79.0,25.87,85.0,82.0,No,14965 days
3949,2,1,10.0,0.0,No,No,No,260.0,124.5,75.5,20.42,68.0,85.0,No,17520 days
3950,1,0,0.0,0.0,No,No,No,202.0,111.5,72.0,26.18,74.0,77.0,No,17520 days
3951,1,0,0.0,0.0,No,No,No,200.0,126.0,86.0,26.32,73.0,92.0,Yes,17155 days
3952,1,0,0.0,1.0,Yes,Yes,No,291.0,137.0,83.0,38.94,75.0,73.0,No,19345 days
3953,2,1,10.0,0.0,No,Yes,No,174.0,174.0,130.0,33.99,80.0,63.0,No,16060 days
3954,4,1,43.0,0.0,No,No,No,217.0,110.0,68.0,21.99,72.0,68.0,Yes,22995 days
3955,1,0,0.0,0.0,No,Yes,No,313.0,150.0,82.0,27.27,62.0,94.0,No,21535 days
3956,4,0,0.0,0.0,No,No,No,240.0,118.0,81.0,25.48,80.0,80.0,No,14965 days
3957,4,1,40.0,0.0,No,No,No,254.0,141.0,100.0,27.68,110.0,81.96365524402907,Yes,14965 days
3958,1,1,43.0,0.0,No,Yes,No,291.0,177.5,100.0,25.74,67.0,91.0,No,14235 days
3959,2,1,20.0,0.0,No,No,No,211.0,117.0,76.0,25.74,70.0,79.0,No,14600 days
3960,1,0,0.0,0.0,No,No,No,236.69952267303103,120.0,75.5,24.77,65.0,81.96365524402907,No,18250 days
3961,2,1,40.0,0.0,No,No,No,236.69952267303103,105.0,67.5,24.43,90.0,81.96365524402907,No,14235 days
3962,1,0,0.0,0.0,No,No,No,304.0,161.0,90.0,23.48,80.0,57.0,Yes,24090 days
3963,1,0,0.0,0.0,No,No,No,292.0,125.0,87.0,31.92,75.0,67.0,No,18980 days
3964,3,0,0.0,0.0,No,No,No,213.0,125.0,87.0,16.73,110.0,75.0,No,14235 days
3965,2,0,0.0,0.0,No,Yes,No,223.0,144.0,87.0,21.75,72.0,92.0,No,20440 days
3966,1,0,0.0,0.0,No,No,No,263.0,102.5,63.5,28.82,64.0,99.0,No,23360 days
3967,2,1,30.0,0.0,No,Yes,No,270.0,129.5,100.0,30.13,82.0,88.0,Yes,15330 days
3968,2,0,0.0,0.0,No,No,No,172.0,120.5,80.0,19.93,80.0,61.0,No,15330 days
3969,1,1,17.0,0.0,No,No,No,205.0,96.0,66.0,23.26,85.0,75.0,No,19710 days
3970,2,1,5.0,0.0,No,No,No,250.0,112.5,76.5,25.23,66.0,63.0,No,15695 days
3971,3,0,0.0,0.0,No,Yes,Yes,195.0,176.0,78.0,24.9,95.0,370.0,No,23360 days
3972,2,0,0.0,0.0,No,No,No,306.0,120.0,87.0,25.38,82.0,84.0,No,20440 days
3973,1,0,0.0,0.0,No,Yes,No,309.0,146.0,82.5,28.55,64.0,71.0,Yes,22630 days
3974,1,0,0.0,0.0,No,Yes,Yes,262.0,147.0,90.0,26.51,85.0,173.0,No,23360 days
3975,2,1,43.0,0.0,No,No,No,240.0,126.0,79.0,21.38,88.0,40.0,No,15695 days
3976,4,0,0.0,0.0,No,Yes,No,287.0,169.0,91.0,26.36,94.0,83.0,No,20440 days
3977,1,1,10.0,0.0,No,No,No,202.0,157.0,94.0,19.37,88.0,65.0,No,16790 days
3978,3,1,15.0,0.0,No,No,No,180.0,110.0,80.0,20.72,77.0,86.0,No,22265 days
3979,3,0,0.0,0.0,No,No,No,180.0,120.0,80.0,21.67,60.0,81.96365524402907,Yes,16060 days
3980,2,0,0.0,0.0,No,No,No,273.0,125.0,80.0,23.05,85.0,67.0,No,20075 days
3981,4,0,0.0,0.0,No,Yes,No,235.0,207.0,122.5,31.64,80.0,72.0,No,22265 days
3982,3,0,0.0,0.0,No,No,No,238.0,136.5,85.0,24.96,80.0,71.0,No,19710 days
3983,2,1,14.0,0.0,No,Yes,No,188.0,145.0,99.0,28.6,85.0,74.0,No,14965 days
3984,4,0,0.0,0.0,No,No,No,199.0,113.0,68.0,22.46,58.0,68.0,No,18615 days
3985,4,1,3.0,0.0,No,No,No,185.0,100.0,66.5,24.08,55.0,75.0,No,12775 days
3986,2,0,0.0,0.0,No,No,No,203.0,129.0,77.0,29.29,102.0,97.0,No,16790 days
3987,4,0,0.0,0.0,No,No,No,239.0,110.0,73.0,22.62,87.0,81.96365524402907,No,18615 days
3988,3,1,43.0,0.0,No,No,No,236.69952267303103,122.0,76.0,25.73,80.0,81.96365524402907,No,18615 days
3989,2,0,0.0,0.0,No,No,No,234.0,107.5,70.0,29.22,73.0,81.96365524402907,No,12775 days
3990,2,0,0.0,0.0,No,No,No,266.0,131.0,76.0,26.45,72.0,84.0,No,20075 days
3991,4,1,1.0,0.0,No,No,No,163.0,129.0,84.0,21.01,60.0,120.0,No,14235 days
3992,1,1,15.0,0.0,No,No,No,179.0,101.0,68.5,19.83,79.0,76.0,No,15695 days
3993,1,0,0.0,0.0,No,No,No,190.0,122.0,78.0,28.18,86.0,87.0,No,14600 days
3994,2,1,10.0,0.0,No,Yes,No,246.0,153.0,80.0,37.3,92.0,74.0,No,19710 days
3995,2,1,15.0,0.0,No,No,No,200.0,118.0,87.0,21.28,73.0,71.0,No,14965 days
3996,1,0,0.0,0.0,No,No,No,325.0,119.0,86.0,35.13,68.0,64.0,No,16790 days
3997,1,1,20.0,0.0,No,No,No,205.0,132.5,82.5,30.98,72.0,66.0,No,16060 days
3998,1,1,9.0,0.0,No,No,No,205.0,111.0,60.5,21.8,65.0,82.0,No,13505 days
3999,3,1,20.0,0.0,No,Yes,No,298.0,133.0,84.0,25.59,90.0,94.0,No,19710 days
4000,4,1,20.0,0.0,No,No,No,200.0,110.0,72.0,28.61,70.0,75.0,No,16790 days
4001,1,0,0.0,0.0,No,Yes,No,385.0,165.0,95.0,41.66,82.0,91.0,No,21170 days
4002,3,0,0.0,0.0,No,No,No,277.0,122.5,77.5,27.42,63.0,77.0,No,16790 days
4003,1,1,10.0,0.0,No,No,No,366.0,116.0,83.0,27.87,68.0,81.96365524402907,No,19345 days
4004,1,1,20.0,0.0,No,No,No,186.0,126.0,67.0,22.04,63.0,72.0,No,14235 days
4005,4,0,0.0,0.0,No,No,No,309.0,142.0,87.0,24.22,86.0,110.0,No,18980 days
4006,4,1,20.0,0.0,No,No,No,242.0,115.0,74.0,23.09,68.0,80.0,No,14600 days
4007,2,0,0.0,0.0,No,Yes,No,254.0,135.0,100.0,27.86,83.0,75.0,No,16790 days
4008,2,0,0.0,0.0,No,No,No,157.0,131.0,85.0,27.38,95.0,78.0,No,14600 days
4009,1,1,15.0,0.0,No,Yes,No,240.0,141.0,76.0,24.94,75.0,60.0,No,23360 days
4010,4,1,20.0,0.0,No,No,No,245.0,118.0,73.0,21.84,75.0,102.0,No,17520 days
4011,1,1,25.0,0.0,No,No,No,254.0,123.0,82.0,24.56,87.0,68.0,No,16060 days
4012,4,1,9.0,0.0,No,No,No,262.0,97.0,71.0,22.14,72.0,80.0,No,14600 days
4013,4,1,9.0,0.0,No,No,No,271.0,118.0,74.0,22.66,79.0,76.0,No,14235 days
4014,1,0,0.0,0.0,No,Yes,No,268.0,140.0,88.0,26.99,85.0,117.0,No,20075 days
4015,3,0,0.0,0.0,No,No,No,159.0,108.0,72.0,27.68,70.0,84.0,No,13870 days
4016,2,1,20.0,0.0,No,No,No,264.0,129.0,85.0,26.15,73.0,63.0,No,22630 days
4017,1,1,15.0,0.0,No,No,No,181.0,115.0,75.0,21.99,67.0,81.96365524402907,No,14235 days
4018,2,1,6.0,0.0,No,No,No,217.0,125.0,71.0,25.91,75.0,74.0,No,22995 days
4019,1,1,30.0,0.0,No,Yes,No,310.0,140.0,92.0,26.0,90.0,88.0,No,15695 days
4020,1,0,0.0,0.0,No,No,No,266.0,107.0,70.0,24.51,72.0,77.0,No,20075 days
4021,1,1,40.0,0.0,No,No,No,232.0,136.0,73.0,22.26,73.0,73.0,No,19345 days
4022,3,1,10.0,0.0,No,Yes,No,250.0,157.0,94.0,29.89,63.0,68.0,Yes,21900 days
4023,3,1,30.0,0.0,No,Yes,No,233.0,147.0,101.0,24.32,75.0,99.0,No,16425 days
4024,1,1,30.0,0.0,No,Yes,No,215.0,133.0,90.0,27.24,75.0,50.0,Yes,17520 days
4025,3,1,1.0,0.0,No,Yes,No,332.0,162.5,92.5,26.13,67.0,67.0,No,16790 days
4026,1,1,40.0,0.0,No,No,No,242.0,130.0,85.0,26.79,80.0,93.0,No,20075 days
4027,2,0,0.0,0.0,No,Yes,No,153.0,143.0,87.0,28.3,63.0,82.0,No,13140 days
4028,4,1,10.0,0.0,No,No,No,170.0,107.0,70.5,19.28,63.0,81.96365524402907,No,16060 days
4029,1,1,1.0,1.0,No,Yes,No,232.0,173.0,106.0,28.63,85.0,64.0,No,21900 days
4030,3,0,0.0,0.0,No,No,No,196.0,108.5,68.0,25.67,60.0,82.0,No,12410 days
4031,2,1,5.0,0.0,No,No,No,193.0,130.0,86.5,23.48,88.0,78.0,No,14600 days
4032,1,1,43.0,0.0,No,No,No,325.0,112.0,67.0,25.09,78.0,94.0,No,14600 days
4033,1,1,15.0,0.0,No,No,No,233.0,112.5,80.0,27.87,96.0,80.0,No,17885 days
4034,2,1,20.0,0.0,No,No,No,213.0,130.0,80.0,19.98,96.0,76.0,No,14600 days
4035,2,1,5.0,0.0,Yes,Yes,No,205.0,159.0,110.0,28.18,75.0,83.0,Yes,18980 days
4036,2,0,0.0,0.0,No,Yes,No,166.0,185.5,115.5,27.97,100.0,85.0,No,21170 days
4037,3,1,20.0,0.0,No,No,No,259.0,129.0,83.0,22.91,66.0,84.0,No,16790 days
4038,3,0,0.0,0.0,No,No,No,181.0,103.0,62.0,20.68,70.0,69.0,No,14235 days
4039,1,1,20.0,0.0,No,No,No,225.0,126.0,75.0,22.18,85.0,100.0,Yes,18980 days
4040,3,0,0.0,0.0,No,Yes,No,226.0,213.0,133.0,25.29,100.0,67.0,No,24090 days
4041,2,0,0.0,0.0,No,Yes,No,199.0,160.0,105.0,25.71,75.0,83.0,No,20440 days
4042,1,0,0.0,0.0,No,Yes,Yes,208.0,175.0,101.0,27.93,95.0,193.0,No,16060 days
4043,1,1,40.0,0.0,No,No,No,296.0,111.5,74.0,23.38,80.0,71.0,Yes,20440 days
4044,1,0,0.0,0.0,No,No,No,195.0,129.5,93.5,34.84,85.0,85.0,No,14235 days
4045,3,0,0.0,0.0,No,No,No,177.0,124.0,77.0,27.81,60.0,88.0,No,20440 days
4046,2,1,20.0,0.0,No,No,No,214.0,110.0,73.0,18.1,60.0,60.0,No,16790 days
4047,1,1,20.0,0.0,No,No,No,315.0,118.0,79.5,22.52,82.0,70.0,No,13505 days
4048,2,0,0.0,0.0,No,No,No,345.0,148.0,95.0,23.72,79.0,60.0,No,21535 days
4049,2,1,30.0,0.0,No,No,No,271.0,150.0,74.0,20.7,70.0,81.96365524402907,No,17155 days
4050,2,1,20.0,0.0,No,No,No,262.0,97.5,62.5,21.55,80.0,84.0,No,18250 days
4051,2,1,20.0,0.0,No,No,No,206.0,124.0,89.0,27.63,80.0,70.0,No,14965 days
4052,1,1,20.0,0.0,No,No,No,253.0,104.0,64.0,27.48,65.0,74.0,No,14235 days
4053,1,0,0.0,0.0,No,No,No,160.0,107.0,69.0,18.63,125.0,78.0,No,16060 days
4054,3,0,0.0,0.0,No,No,No,193.0,127.0,81.0,25.85,58.0,70.0,No,17520 days
4055,2,1,20.0,0.0,No,No,No,311.0,115.0,80.0,25.43,68.0,90.0,No,16060 days
4056,2,0,0.0,0.0,No,No,No,254.0,130.0,80.0,28.15,80.0,74.0,No,16060 days
4057,2,1,10.0,1.0,No,Yes,No,272.0,157.0,80.0,25.15,70.0,95.0,Yes,20805 days
4058,2,0,0.0,0.0,No,Yes,No,224.0,192.5,115.0,23.03,67.0,85.0,Yes,17520 days
4059,2,0,0.0,0.0,No,Yes,No,198.0,176.0,109.0,28.45,60.0,85.0,No,20075 days
4060,4,0,0.0,0.0,No,No,No,197.0,121.0,82.0,24.57,60.0,74.0,No,13870 days
4061,1,0,0.0,0.0,No,No,No,160.0,118.5,87.0,25.81,54.0,81.96365524402907,No,16060 days
4062,3,0,0.0,0.0,No,No,No,210.0,112.0,72.0,24.69,80.0,77.0,No,22265 days
4063,1,0,0.0,0.0,No,Yes,No,246.0,142.5,95.0,24.28,88.0,99.0,No,16790 days
4064,2,1,15.0,0.0,No,No,Yes,155.0,107.0,81.0,20.96,90.0,191.0,No,14965 days
4065,4,0,0.0,0.0,No,No,No,232.0,116.0,71.5,21.31,73.0,83.0,No,19345 days
4066,2,1,20.0,0.0,No,No,No,119.0,117.0,78.5,26.4,75.0,78.0,No,17155 days
4067,2,1,30.0,0.0,No,No,No,209.0,130.0,86.0,24.01,60.0,55.0,No,15330 days
4068,3,1,30.0,0.0,No,No,No,240.0,133.5,97.5,28.94,86.0,73.0,Yes,15330 days
4069,3,0,0.0,0.0,No,No,No,264.0,135.0,83.0,26.68,60.0,74.0,No,18615 days
4070,3,0,0.0,0.0,No,Yes,No,202.0,158.0,103.0,28.35,125.0,80.0,No,14600 days
4071,2,0,0.0,0.0,No,Yes,No,296.0,140.0,93.0,26.81,88.0,74.0,No,18980 days
4072,2,0,0.0,0.0,No,No,No,275.0,109.0,79.0,27.75,67.0,104.0,No,19345 days
4073,1,1,30.0,0.0,No,No,No,241.0,118.0,79.0,20.09,70.0,56.0,No,18615 days
4074,3,0,0.0,0.0,No,No,No,220.0,136.0,80.5,22.72,80.0,70.0,No,14600 days
4075,4,1,25.0,0.0,No,Yes,No,203.0,192.5,125.0,26.18,80.0,83.0,Yes,22995 days
4076,1,0,0.0,1.0,No,Yes,Yes,265.0,200.0,125.0,29.5,68.0,256.0,Yes,22265 days
4077,2,0,0.0,0.0,No,No,No,222.0,115.0,72.5,25.46,75.0,69.0,No,15695 days
4078,1,0,0.0,0.0,No,No,No,214.0,120.0,81.0,28.47,78.0,77.0,No,15330 days
4079,1,1,7.0,0.0,No,No,No,260.0,104.0,69.0,24.02,70.0,93.0,No,22630 days
4080,1,0,0.0,0.0,No,No,No,195.0,116.0,76.0,22.16,88.0,77.0,No,13140 days
4081,3,0,0.0,0.0,No,No,No,253.0,128.0,81.0,26.92,80.0,102.0,No,22995 days
4082,4,0,0.0,0.0,No,Yes,No,254.0,137.5,91.0,31.98,75.0,69.0,No,17155 days
4083,2,0,0.0,0.0,No,No,No,247.0,115.0,71.0,27.72,82.0,69.0,No,16790 days
4084,1,0,0.0,0.0,No,Yes,Yes,326.0,187.0,95.0,29.94,67.0,235.0,No,19710 days
4085,1,0,0.0,0.0,No,Yes,No,239.0,121.0,81.0,35.19,58.0,70.0,No,21170 days
4086,1,0,0.0,0.0,No,No,No,195.0,133.5,81.5,23.46,90.0,81.96365524402907,Yes,20075 days
4087,1,1,15.0,0.0,No,No,No,262.0,126.0,74.0,27.35,90.0,115.0,No,20440 days
4088,1,1,20.0,0.0,No,Yes,No,290.0,143.0,88.0,27.4,96.0,77.0,No,17155 days
4089,1,0,0.0,0.0,No,Yes,No,232.0,149.5,84.0,20.49,68.0,96.0,No,23360 days
4090,1,0,0.0,0.0,No,Yes,No,220.0,151.0,87.5,22.01,80.0,86.0,No,18615 days
4091,4,1,20.0,0.0,No,No,No,198.0,116.0,74.0,23.99,75.0,78.0,No,15695 days
4092,2,1,20.0,0.0,No,No,No,221.0,93.0,62.5,18.84,64.0,73.0,No,14600 days
4093,2,0,0.0,0.0,No,No,No,229.0,125.0,80.0,27.27,66.0,80.0,No,16790 days
4094,1,1,5.0,0.0,No,No,No,180.0,121.0,79.0,20.45,77.0,92.0,Yes,23360 days
4095,2,0,0.0,0.0,No,Yes,No,213.0,140.5,83.0,28.59,80.0,69.0,No,21900 days
4096,1,0,0.0,0.0,No,Yes,Yes,273.0,136.0,80.0,27.73,90.0,210.0,Yes,20440 days
4097,2,1,40.0,0.0,No,No,No,245.0,152.0,82.0,23.71,75.0,75.0,No,19710 days
4098,4,1,20.0,0.0,No,No,No,184.0,113.0,81.0,22.16,85.0,63.0,No,13505 days
4099,2,0,0.0,0.0,No,No,No,271.0,122.0,67.5,22.02,73.0,73.0,No,22265 days
4100,1,1,1.0,0.0,No,No,No,245.0,123.0,77.0,26.58,70.0,81.0,Yes,25185 days
4101,1,1,6.0,0.0,No,No,No,217.0,134.0,75.0,29.59,55.0,92.0,No,20440 days
4102,2,1,20.0,0.0,No,No,No,256.0,130.0,84.0,28.67,70.0,67.0,No,18250 days
4103,2,0,0.0,0.0,No,Yes,No,238.0,123.0,80.0,22.19,80.0,100.0,No,18615 days
4104,2,0,0.0,0.0,No,No,No,175.0,142.0,86.0,22.01,82.0,73.0,No,13870 days
4105,4,1,20.0,0.0,No,No,No,171.0,110.0,74.5,25.09,70.0,85.0,No,15695 days
4106,2,1,7.0,1.0,No,Yes,No,282.0,176.0,98.0,33.02,85.0,78.0,No,16790 days
4107,2,1,30.0,0.0,No,No,No,199.0,104.0,79.0,20.12,72.0,64.0,No,15695 days
4108,2,0,0.0,1.0,No,Yes,No,260.0,158.0,102.5,26.89,90.0,88.0,No,20440 days
4109,1,1,20.0,0.0,No,Yes,No,299.0,146.5,92.0,26.38,100.0,71.0,Yes,19710 days
4110,1,0,0.0,0.0,No,No,No,220.0,139.0,74.0,27.34,70.0,100.0,No,16425 days
4111,3,0,0.0,0.0,No,No,No,257.0,141.0,80.0,33.9,85.0,60.0,Yes,22265 days
4112,3,0,0.0,0.0,No,No,No,230.0,108.0,68.0,26.17,68.0,82.0,No,17885 days
4113,3,1,20.0,0.0,No,No,No,270.0,142.0,68.0,21.32,76.0,80.0,No,23360 days
4114,4,0,0.0,0.0,No,No,No,280.0,115.0,73.0,19.76,65.0,58.0,No,23725 days
4115,2,0,0.0,0.0,No,Yes,No,250.0,190.0,88.0,24.16,94.0,118.0,Yes,22995 days
4116,3,0,0.0,0.0,No,No,No,213.0,149.0,83.0,26.68,69.0,94.0,No,14600 days
4117,1,0,0.0,0.0,No,Yes,No,283.0,146.5,97.5,26.25,66.0,73.0,No,17155 days
4118,2,0,0.0,0.0,No,No,No,160.0,137.0,82.0,21.03,94.0,113.0,No,13505 days
4119,1,1,20.0,0.0,No,No,No,195.0,122.0,72.0,21.51,82.0,64.0,Yes,18615 days
4120,1,1,40.0,0.0,No,No,No,169.0,127.0,81.0,25.82,80.0,83.0,No,14600 days
4121,4,0,0.0,0.0,No,No,No,240.0,145.0,96.0,26.27,72.0,81.96365524402907,No,20075 days
4122,4,1,23.0,0.0,No,Yes,No,186.0,179.0,93.0,26.64,72.0,67.0,No,25185 days
4123,3,0,0.0,0.0,No,Yes,No,268.0,206.0,116.0,26.35,98.0,70.0,Yes,18615 days
4124,1,0,0.0,0.0,No,No,No,201.0,108.5,70.5,22.9,50.0,84.0,No,20805 days
4125,1,0,0.0,0.0,No,Yes,No,232.0,164.0,102.0,33.37,68.0,73.0,Yes,23360 days
4126,3,0,0.0,0.0,No,Yes,No,216.0,124.0,84.0,28.12,63.0,75.0,No,13870 days
4127,1,0,0.0,0.0,No,No,No,287.0,155.0,80.0,28.54,75.0,75.0,No,17520 days
4128,3,0,0.0,0.0,No,No,No,228.0,114.0,80.0,20.54,55.0,75.0,No,19345 days
4129,1,0,0.0,0.0,No,No,No,176.0,147.5,87.5,24.15,85.0,100.0,No,20805 days
4130,1,1,2.0,0.0,No,No,No,291.0,125.0,82.0,21.26,75.0,72.0,No,16425 days
4131,2,1,20.0,0.0,No,No,No,210.0,120.0,77.5,27.14,77.0,71.0,No,20805 days
4132,1,0,0.0,0.0,No,Yes,No,259.0,170.0,101.0,38.17,85.0,75.0,No,20805 days
4133,3,0,0.0,0.0,No,No,No,195.0,97.5,60.0,20.62,64.0,68.0,No,14235 days
4134,1,1,20.0,0.0,No,No,No,247.0,134.0,96.0,32.47,80.0,72.0,No,16790 days
4135,1,0,0.0,0.0,No,No,No,179.0,115.0,78.0,25.75,80.0,77.0,No,15330 days
4136,2,1,20.0,0.0,No,No,No,235.0,128.0,86.0,24.05,66.0,70.0,No,15330 days
4137,2,0,0.0,0.0,No,No,No,238.0,118.0,80.0,33.19,75.0,76.0,No,15330 days
4138,4,1,25.0,0.0,No,Yes,No,221.0,144.0,84.0,24.92,72.0,73.0,No,24455 days
4139,3,0,0.0,0.0,No,No,No,252.0,122.5,75.5,25.29,75.0,71.0,No,19345 days
4140,3,1,10.0,0.0,No,No,No,305.0,135.0,82.0,26.29,84.0,65.0,No,17885 days
4141,4,0,0.0,0.0,No,No,No,206.0,118.0,81.0,28.13,72.0,87.0,No,17520 days
4142,2,1,20.0,0.0,No,Yes,No,234.0,162.0,110.0,27.51,80.0,85.0,No,17155 days
4143,1,0,0.0,0.0,No,No,No,231.0,105.0,82.0,27.73,75.0,66.0,No,20075 days
4144,2,0,0.0,0.0,No,No,No,237.0,131.5,84.0,24.17,90.0,94.0,Yes,21535 days
4145,1,1,30.0,0.0,No,Yes,No,239.0,144.0,96.5,28.82,70.0,102.0,No,20075 days
4146,3,0,0.0,0.0,No,No,No,235.0,103.0,70.0,21.48,67.0,73.0,No,15330 days
4147,1,1,20.0,0.0,No,No,No,202.0,128.0,74.0,25.11,80.0,75.0,No,17520 days
4148,1,1,43.0,0.0,No,No,No,226.0,108.0,78.0,22.54,85.0,68.0,No,15330 days
4149,2,0,0.0,0.0,No,Yes,No,198.0,136.0,93.0,22.54,85.0,83.0,No,20075 days
4150,1,0,0.0,0.0,No,No,No,207.0,127.5,75.0,22.91,58.0,80.0,No,22630 days
4151,2,1,15.0,0.0,No,No,No,257.0,103.0,72.5,27.86,80.0,65.0,No,13140 days
4152,1,0,0.0,0.0,No,Yes,No,212.0,147.0,85.0,35.19,65.0,85.0,No,20805 days
4153,2,1,15.0,0.0,No,No,No,239.0,101.0,69.0,26.95,80.0,81.96365524402907,No,14965 days
4154,2,0,0.0,0.0,No,Yes,Yes,269.0,157.5,83.0,26.6,70.0,80.0,No,18980 days
4155,4,1,43.0,0.0,No,No,No,227.0,126.0,84.0,19.14,68.0,74.0,Yes,17155 days
4156,4,0,0.0,0.0,No,No,No,227.0,99.0,62.0,27.16,75.0,90.0,No,13870 days
4157,4,0,0.0,0.0,No,No,No,325.0,125.5,85.5,24.4,68.0,70.0,No,22265 days
4158,2,0,0.0,1.0,No,Yes,No,220.0,143.0,81.0,26.27,60.0,77.0,No,25185 days
4159,4,0,0.0,0.0,No,Yes,No,241.0,135.0,97.5,24.88,85.0,96.0,No,22630 days
4160,3,1,20.0,0.0,No,No,No,240.0,112.5,71.5,24.99,72.0,81.96365524402907,No,20440 days
4161,3,1,40.0,0.0,No,No,No,224.0,109.0,72.0,22.81,77.0,93.0,No,13505 days
4162,3,1,9.0,0.0,No,No,No,221.0,127.5,75.0,23.78,69.0,73.0,No,17155 days
4163,4,1,6.0,0.0,No,No,No,236.0,118.5,77.5,24.3,52.0,65.0,Yes,23725 days
4164,2,1,20.0,0.0,No,No,No,287.0,136.0,86.0,19.0,112.0,83.0,No,14235 days
4165,1,0,0.0,0.0,No,No,No,230.0,130.0,81.5,25.74,88.0,77.0,No,16060 days
4166,4,0,0.0,0.0,No,No,No,194.0,133.0,78.0,29.02,72.0,92.0,No,20805 days
4167,1,0,0.0,0.0,No,No,No,235.0,106.0,58.0,26.79,75.0,79.0,No,16425 days
4168,1,0,0.0,1.0,No,Yes,No,325.0,180.0,108.0,35.16,75.0,81.0,No,22630 days
4169,1,1,20.0,0.0,No,No,No,214.0,101.0,70.0,21.83,75.0,77.0,No,13870 days
4170,2,1,5.0,0.0,No,No,No,205.0,105.0,74.0,20.85,87.0,81.96365524402907,No,14965 days
4171,2,1,43.0,0.0,No,No,No,249.0,125.0,87.0,27.13,75.0,81.0,Yes,14965 days
4172,4,0,0.0,0.0,No,Yes,No,223.0,154.5,88.0,27.91,69.0,81.0,No,21170 days
4173,2,0,0.0,0.0,No,Yes,No,302.0,210.0,127.5,31.98,68.0,79.0,No,19710 days
4174,2,1,15.0,0.0,No,No,No,267.0,129.5,80.0,25.98,70.0,79.0,No,18615 days
4175,1,0,0.0,0.0,No,No,No,266.0,107.0,75.0,25.64,82.0,98.0,No,18980 days
4176,4,0,0.0,0.0,No,No,No,199.0,111.0,70.0,21.99,65.0,82.0,No,14965 days
4177,2,1,9.0,0.0,No,No,No,218.0,121.5,57.0,20.78,79.0,85.0,No,18980 days
4178,3,1,30.0,0.0,No,No,No,210.0,132.5,85.0,28.62,68.0,70.0,No,14965 days
4179,1,0,0.0,0.0,No,No,No,207.0,137.5,89.0,25.43,63.0,72.0,No,19710 days
4180,2,0,0.0,0.0,No,Yes,No,285.0,129.0,95.0,26.64,60.0,74.0,No,15695 days
4181,2,0,0.0,0.0,No,No,No,235.0,121.0,83.0,25.85,92.0,75.0,No,13870 days
4182,1,0,0.0,0.0,No,Yes,No,196.0,157.0,86.0,26.36,70.0,80.0,No,23725 days
4183,1,0,0.0,0.0,No,No,No,208.0,118.5,70.0,25.09,70.0,85.0,No,13505 days
4184,1,1,20.0,0.0,No,No,No,232.0,137.5,87.5,30.03,88.0,70.0,No,16060 days
4185,1,0,0.0,0.0,No,No,No,236.69952267303103,116.5,71.0,27.04,70.0,86.0,No,21170 days
4186,3,1,8.0,0.0,No,No,No,215.0,106.0,63.0,19.22,60.0,66.0,No,17885 days
4187,2,1,10.0,0.0,No,Yes,No,199.0,143.0,79.0,18.68,92.0,76.0,No,15330 days
4188,3,0,0.0,0.0,No,No,No,180.0,110.0,70.0,23.98,92.0,67.0,Yes,16060 days
4189,2,1,20.0,0.0,No,No,No,261.0,117.0,74.0,20.88,80.0,77.0,Yes,19710 days
4190,1,0,0.0,0.0,No,Yes,No,229.0,150.0,89.0,36.07,75.0,92.0,No,14965 days
4191,3,1,15.0,0.0,No,No,No,173.0,101.0,69.0,20.02,63.0,73.0,No,13505 days
4192,1,1,20.0,0.0,No,No,No,241.0,129.0,80.0,27.11,65.0,65.0,Yes,16425 days
4193,1,0,0.0,0.0,No,Yes,No,306.0,195.0,105.0,27.96,75.0,87.0,Yes,22995 days
4194,1,1,20.0,1.0,No,Yes,No,246.0,179.0,96.0,19.34,95.0,76.0,Yes,23725 days
4195,2,1,9.0,0.0,No,No,No,207.0,124.0,78.0,22.9,46.0,66.0,No,14600 days
4196,1,0,0.0,0.0,No,No,No,222.0,116.0,80.0,24.62,75.0,87.0,No,16790 days
4197,1,0,0.0,0.0,No,Yes,No,257.0,170.0,105.0,25.49,79.0,87.0,No,22995 days
4198,1,1,30.0,0.0,No,Yes,No,240.0,157.5,105.0,29.64,72.0,80.0,No,18980 days
4199,1,0,0.0,0.0,No,No,No,271.0,133.0,83.0,25.31,90.0,60.0,Yes,22265 days
4200,2,0,0.0,0.0,No,No,No,169.0,115.0,60.0,26.87,65.0,60.0,No,13870 days
4201,2,0,0.0,0.0,No,No,No,214.0,130.0,80.0,24.35,75.0,77.0,No,22630 days
4202,2,0,0.0,0.0,No,Yes,No,236.0,160.5,100.0,27.01,85.0,74.0,No,15330 days
4203,1,1,10.0,0.0,No,No,Yes,240.0,146.0,84.0,30.48,75.0,120.0,No,22995 days
4204,2,0,0.0,0.0,No,No,No,216.0,142.0,72.0,22.01,63.0,75.0,No,13870 days
4205,1,0,0.0,0.0,No,No,No,213.0,136.0,77.0,31.02,75.0,73.0,No,16790 days
4206,2,1,15.0,0.0,No,No,No,190.0,103.0,67.5,24.08,89.0,69.0,No,15695 days
4207,4,0,0.0,0.0,No,No,No,261.0,124.0,76.5,23.06,55.0,83.0,Yes,22265 days
4208,1,1,9.0,0.0,No,No,No,340.0,152.0,76.0,25.74,70.0,81.96365524402907,No,18615 days
4209,2,0,0.0,0.0,No,No,No,286.0,135.0,80.0,28.06,70.0,116.0,No,23725 days
4210,1,0,0.0,0.0,No,No,No,282.0,126.5,88.0,27.3,85.0,87.0,No,18250 days
4211,2,1,40.0,0.0,No,No,No,245.0,105.0,70.0,22.41,65.0,69.0,No,15330 days
4212,2,1,43.0,0.0,No,Yes,No,209.0,144.0,88.0,29.11,84.0,60.0,No,17520 days
4213,2,0,0.0,0.0,No,No,No,193.0,141.0,95.0,27.89,75.0,84.0,Yes,17520 days
4214,3,1,5.0,0.0,No,No,No,230.0,123.0,78.5,24.71,76.0,87.0,Yes,20440 days
4215,1,0,0.0,0.0,No,Yes,Yes,236.0,155.0,82.0,39.17,78.0,79.0,No,22995 days
4216,3,1,20.0,0.0,No,No,No,251.0,125.0,80.0,22.18,70.0,70.0,No,21535 days
4217,1,0,0.0,0.0,No,Yes,No,266.0,167.0,94.0,25.23,95.0,94.0,No,22995 days
4218,1,0,0.0,0.0,No,No,No,265.0,137.5,84.5,26.91,72.0,86.0,No,18980 days
4219,1,0,0.0,0.0,No,No,No,204.0,125.0,84.5,22.37,65.0,75.0,No,17520 days
4220,1,0,0.0,0.0,No,No,No,252.0,128.0,82.0,21.18,75.0,70.0,Yes,21900 days
4221,1,0,0.0,0.0,No,No,No,260.0,119.0,74.0,21.85,80.0,72.0,Yes,18250 days
4222,3,0,0.0,0.0,No,Yes,No,289.0,188.0,110.0,26.7,70.0,63.0,No,19345 days
4223,4,0,0.0,1.0,No,Yes,No,287.0,149.0,98.0,21.68,90.0,75.0,Yes,20440 days
4224,2,1,3.0,0.0,No,No,No,198.0,120.0,80.0,25.23,75.0,76.0,No,17155 days
4225,4,1,43.0,0.0,No,No,No,216.0,137.5,85.0,24.24,83.0,105.0,No,16425 days
4226,1,0,0.0,0.0,No,No,No,233.0,125.5,84.0,26.05,67.0,76.0,Yes,21170 days
4227,4,1,20.0,0.0,No,No,No,187.0,129.5,88.0,25.62,80.0,75.0,No,15695 days
4228,1,0,0.0,0.0,No,Yes,Yes,260.0,190.0,130.0,43.67,85.0,260.0,No,18250 days
4229,3,1,20.0,0.0,No,Yes,No,251.0,140.0,80.0,25.6,75.0,81.96365524402907,No,18615 days
4230,1,1,3.0,0.0,No,Yes,No,268.0,170.0,102.0,22.89,57.0,81.96365524402907,No,20440 days
4231,3,0,0.0,0.0,No,Yes,No,187.0,141.0,81.0,24.96,80.0,81.0,No,21170 days
4232,1,0,0.0,0.0,No,Yes,No,176.0,168.0,97.0,23.14,60.0,79.0,Yes,24820 days
4233,1,1,1.0,0.0,No,Yes,No,313.0,179.0,92.0,25.97,66.0,86.0,Yes,18250 days
4234,3,1,43.0,0.0,No,No,No,207.0,126.5,80.0,19.71,65.0,68.0,No,18615 days
4235,2,1,20.0,0.0,No,No,No,248.0,131.0,72.0,22.0,84.0,86.0,No,17520 days
4236,1,1,15.0,0.0,No,No,No,210.0,126.5,87.0,19.16,86.0,81.96365524402907,No,16060 days
4237,2,0,0.0,0.0,No,No,No,269.0,133.5,83.0,21.47,80.0,107.0,No,18980 days
4238,3,0,0.0,0.0,No,Yes,No,185.0,141.0,98.0,25.6,67.0,72.0,No,14600 days
4239,3,1,30.0,0.0,No,No,No,196.0,133.0,86.0,20.91,85.0,80.0,No,14235 days
